gene,min,max
aaaD,8.24125,10.385666666666667
aaeA,7.1073,7.5457
aaeB,6.7748,7.571625000000001
aaeR,7.6563,8.7551
aaeX,6.7651,7.34155
aas,8.2912,9.6687
aat,7.4811,9.133666666666667
abgA,6.3688,8.986200000000002
abgB,5.6524,8.529633333333331
abgR,5.1387,8.460333333333333
abgT,5.3693,7.5649
abrB,7.889900000000001,9.4641
accA,8.1953,10.795
accB,8.1313,12.43925
accC,8.09745,10.844
accD,7.9435,10.645
aceA,7.8826,12.606666666666666
aceB,9.0556,12.974333333333336
aceE,8.4938,13.122
aceF,8.059,12.6275
aceK,7.4447,9.3041
ackA,10.135,12.79
acnA,8.2553,11.4155
acnB,8.6118,11.414
acpH,7.0451,8.313233333333335
acpP,11.455666666666668,13.437
acpS,8.3556,9.60355
acpT,8.1865,9.5625
acrA,8.7237,11.2835
acrB,8.774133333333333,10.238
acrD,7.8868,8.8299
acrE,5.9724,7.1906333333333325
acrF,6.4194,8.2172
acrR,6.76945,8.0428
acs,7.40825,11.349
actP,7.0057,9.627
ada,7.3712,9.2282
add,8.2991,9.5039
ade,7.6185,8.596
adhE,9.1398,12.4385
adhP,7.6052,10.995666666666665
adiA,6.8612,8.747566666666666
adiC,6.2484,7.713833333333333
adiY,5.9755,8.28045
adk,7.8641,11.995
adrA,7.5671,8.4587
aegA,8.2598,9.3182
aer,8.415,10.555
aes,7.0658,8.1933
afuB,6.96885,8.6354
afuC,7.6138,8.310866666666668
agaA,7.8474,8.9787
agaB,5.8413,6.933666666666667
agaC,7.0304,8.0176
agaD,6.6445,7.5786
agaI,6.7885,8.103333333333332
agaR,8.6626,10.254
agaS,6.3787,7.962633333333334
agaV,6.9786,8.29
agaW,7.2352,8.1367
agp,7.534499999999999,10.6465
ahpC,8.8953,12.817333333333332
ahpF,9.0135,10.573
aidB,7.7016,11.0945
ais,6.13705,7.5468
alaS,8.4848,11.844
aldA,7.54355,11.026
aldB,7.2265,10.720999999999998
alkA,7.42785,8.35835
alkB,7.1172,7.90545
allA,8.06915,8.879
allB,6.0662,7.7276
allC,8.1863,9.2745
allD,5.5923,7.2735
allR,8.56485,9.7266
allS,7.2157,8.5885
alpA,7.201999999999999,8.6915
alr,7.832000000000001,8.8379
alsA,7.8808,8.7319
alsB,7.6903,8.701133333333333
alsC,7.3844,8.55165
alsE,7.4713,8.5115
alsK,7.813600000000001,9.138
alx,7.60955,9.7267
amiA,8.041133333333333,9.4401
amiB,8.1369,9.9638
amiC,8.2037,9.5032
amiD,8.0919,9.9006
amn,6.7358,9.5396
ampC,7.1488999999999985,8.7166
ampD,6.4719,8.37875
ampE,7.5076,8.861
ampG,7.718933333333332,9.0304
ampH,7.0207,8.536525
amtB,7.38125,11.395
amyA,8.534600000000001,10.3375
anmK,8.1174,9.067033333333333
ansA,8.087900000000001,9.9464
ansB,7.291449999999998,11.937000000000001
ansP,6.960233333333332,9.066
apaG,7.935,10.3705
apaH,7.4133,8.894499999999997
apbE,7.90255,9.8215
aphA,7.4400666666666675,9.533
appA,7.3143,9.4403
appB,7.46055,9.75755
appC,8.3434,11.0335
appY,4.306,5.124433333333333
apt,8.80275,11.8075
aqpZ,7.2575,8.1101
araA,7.5535,13.7365
araB,7.2109,13.6875
araC,7.4482,8.6453
araD,8.2015,12.9825
araE,7.782866666666666,12.4425
araF,7.2639,12.425
araG,6.7881,10.532
araH,7.165699999999998,11.1815
araJ,8.361933333333333,9.2034
arcA,9.4385,11.301000000000002
arcB,8.073566666666666,10.7935
argA,7.7167,10.398666666666664
argB,8.4778,11.457666666666668
argC,8.00845,11.151000000000002
argD,7.4869,10.125133333333332
argE,8.216425,10.463
argF,8.001,10.881666666666666
argG,7.57835,10.805666666666667
argH,8.2658,9.993899999999998
argI,7.6119,10.1231
argK,6.9601,8.0236
argO,7.254633333333333,10.8815
argP,6.8714,7.676633333333334
argR,7.8705,9.9141
argS,7.8365,9.68745
argT,8.183599999999998,10.076
argU,6.3871,9.7862
argW,5.6047,8.8879
argX,6.1782,11.002
ariR,5.7527,9.4753
arnA,8.1542,9.7473
arnB,6.6709,8.236066666666666
arnC,6.1003,8.3855
arnD,6.8164,7.212525
arnE,5.898766666666668,7.52325
arnF,6.7092,8.1201
arnT,7.0752,9.0983
aroA,7.6161,10.961999999999998
aroB,7.5241,10.5295
aroC,8.0263,10.229666666666667
aroD,7.2226,8.9108
aroE,7.2136,8.9033
aroF,8.149349999999998,11.236666666666665
aroG,7.9205,11.308333333333332
aroH,7.23975,9.1081
aroK,8.2798,11.9555
aroL,8.053133333333333,9.971866666666667
aroM,6.30095,8.2358
aroP,7.1713,10.706333333333333
arpA,5.4206,6.50235
arpB,4.6303,5.7493
arrD,7.433366666666667,8.6317
arrQ,7.0995,7.8905
arsB,6.533733333333332,8.3236
arsC,7.3298,9.4257
arsR,8.1853,9.8763
artI,8.3433,10.935666666666668
artJ,7.8156,11.049333333333335
artM,7.4568,8.8045
artP,9.0903,11.48
artQ,7.6104,9.6214
ascB,7.2021,8.070350000000001
ascF,7.92125,8.6465
ascG,7.8472,8.461625
asd,8.1077,11.791333333333332
aslA,7.164333333333333,8.3773
aslB,6.753900000000002,8.3774
asmA,7.86975,8.81655
asnA,8.0301,10.513
asnB,7.4337,10.0952
asnC,7.5927,9.4456
asnS,8.798566666666666,9.91835
aspA,8.1637,11.989249999999998
aspC,8.2925,11.532333333333332
aspS,8.9915,11.372
asr,8.437249999999999,10.485333333333337
astA,7.988150000000001,11.041
astB,7.9693,10.143666666666668
astC,7.949899999999999,13.466
astD,7.28875,9.5955
astE,5.90585,7.472
atoA,7.2231,9.2953
atoB,7.5652,8.6539
atoC,6.8515,8.132425
atoD,6.6709,8.9406
atoE,6.2939,8.9446
atoS,5.9543,8.5988
atpA,6.9837,12.933
atpB,7.842,13.275
atpC,8.9034,13.539
atpD,7.4524,12.99
atpE,8.62,13.683
atpF,8.5684,14.191
atpG,7.7329,13.136
atpH,8.98,14.046
atpI,7.271633333333334,12.652
avtA,7.746,9.9952
azoR,7.5887,9.2085
bacA,7.979866666666666,9.7515
baeR,7.915,9.1866
baeS,7.9021,8.892333333333333
bamA,7.5085,10.42325
bamB,9.4754,11.554
bamC,8.3423,10.498333333333333
bamD,8.6138,10.9555
barA,7.2143,8.9922
basR,8.0462,8.9888
basS,8.1773,9.0361
bax,8.0784,11.085
bcp,8.047,11.074666666666666
bcr,7.1003,7.9731
bcsA,8.0217,8.798733333333333
bcsB,8.5291,9.5372
bcsC,8.181725,10.5
bcsE,7.7519,9.090166666666667
bcsF,6.6056,8.102166666666667
bcsG,6.2824,7.982833333333333
bcsZ,7.4523,8.1335
bdm,6.75695,9.7299
betA,8.4277,9.6411
betB,7.617000000000001,10.154666666666666
betI,8.04,10.621
betT,8.7998,9.7212
bfd,7.69725,11.242
bfr,7.3218,11.1975
bglA,8.805399999999997,9.95165
bglB,5.737666666666668,8.03285
bglF,6.4954,7.3536
bglG,6.160799999999999,8.2431
bglH,5.921799999999998,6.67545
bglJ,6.78745,8.4837
bglX,7.6231,8.946225
bhsA,8.2903,10.735666666666667
bioA,7.1215,8.993466666666668
bioB,7.3837,10.962333333333332
bioC,6.8885,9.019566666666668
bioD,6.9572,8.947566666666667
bioF,6.221,8.840566666666666
bioH,8.7117,9.4303
birA,8.5006,9.875
bisC,7.1873,8.330666666666666
blc,7.661,10.5985
blr,6.9013,11.137
bolA,8.1252,10.993
borD,6.0958000000000006,11.425
brnQ,8.4076,9.8559
bssR,6.4909,13.142
bssS,7.565949999999999,13.098
btuB,7.4983,9.0489
btuC,7.529700000000001,8.8418
btuD,8.3917,9.772433333333334
btuE,8.3522,9.923333333333332
btuF,7.4696,8.9515
btuR,8.1843,8.94625
cadA,7.294766666666668,10.4515
cadB,6.963633333333334,10.6095
cadC,5.1785,6.7652
caiA,6.7335,8.0783
caiB,7.4629,8.38205
caiC,7.0898,8.121049999999999
caiD,8.6659,9.432166666666664
caiE,8.015766666666666,9.402
caiF,6.5165,10.251
caiT,7.2778,8.4774
can,9.4762,12.107000000000001
carA,8.2066,12.325333333333333
carB,8.0955,10.844000000000001
cbl,7.041,10.382
cbpA,9.2075,12.4425
cbpM,7.9758,10.532
cbrA,7.18455,8.0769
cbrB,6.9220500000000005,8.3423
cbrC,7.076133333333334,8.81865
cca,8.652000000000001,9.536
ccmA,7.8174,9.13585
ccmB,7.98595,8.79205
ccmC,7.9453,8.6224
ccmD,7.1008,7.9043
ccmE,7.3733,8.355550000000001
ccmF,7.8405,8.339125000000001
ccmG,7.697599999999999,8.453800000000001
ccmH,7.4289999999999985,8.3658
cdaR,7.8416,8.6854
cdd,7.7913,9.4387
cdh,7.35365,9.60895
cdsA,7.9224,11.147
cedA,7.3683,8.252600000000001
cfa,7.876,12.417000000000002
chaA,7.15455,8.5603
chaB,8.0652,9.86315
chaC,8.0465,10.119066666666667
chbA,7.912733333333333,8.5804
chbB,8.231633333333335,10.03
chbC,6.8917,8.0257
chbF,6.9128,8.5745
chbG,7.2301,9.1454
chbR,7.0154,7.8303
cheA,7.6922,11.9725
cheB,7.4737,10.995999999999999
cheR,7.4201,10.6105
cheW,7.7689,11.479
cheY,8.086033333333333,11.3625
cheZ,7.87365,11.559
chiA,7.1911,8.05535
cho,7.7925,8.8472
chpA,7.951,10.413
chpB,9.0207,9.9428
chpR,9.446666666666667,11.48
chpS,7.03,9.0115
cirA,7.841749999999998,9.748
citC,5.7736,8.1536
citD,6.765,8.214
citE,6.1576,8.1417
citF,7.1325,8.824
citG,5.8169,7.742833333333333
citT,6.4676,7.8871
citX,6.3268,8.6031
clcA,8.067,9.34405
clcB,6.8255,7.780699999999999
cld,7.6733,10.716
clpA,9.44885,11.394
clpB,8.093625,11.061
clpP,8.9996,11.929
clpS,9.8364,11.461
clpX,9.230266666666667,11.595
cls,8.068850000000001,9.202833333333333
cmk,9.2595,11.92
cmoA,8.200849999999999,9.8348
cmoB,7.5861,8.7895
cmr,7.5027,9.5486
cmtA,7.017533333333333,7.7613
cmtB,5.3974,6.8041
cnu,7.5458,10.643
coaA,6.69365,9.4201
coaD,8.5678,9.519
coaE,7.7987,9.97645
cobB,8.6707,9.82685
cobC,6.7374,8.1098
cobS,9.165933333333333,11.273
cobT,8.1265,10.361
cobU,7.356633333333334,9.7571
codA,7.6727,11.391666666666666
codB,6.6058,10.973666666666665
cof,8.3074,9.1732
copA,7.48685,10.95
corA,8.1573,9.639775
cpdA,8.818,10.196
cpdB,7.4549,8.746525
cpsB,7.5821,8.58155
cpsG,8.5658,9.6373
cpxA,7.9793,9.5142
cpxP,7.0915,13.682
cpxR,8.7659,10.804
crcB,7.8128,8.96895
creA,7.4039,9.1339
creB,7.4618,9.4122
creC,6.9611,7.9242
creD,7.2687,8.0469
crl,8.9595,11.632
crp,9.289,11.906
crr,10.043,12.148
csdA,8.080633333333333,10.595
csdE,7.8048,9.9358
csgA,7.7292,8.8047
csgB,6.7010000000000005,7.5827
csgC,5.1945,6.81575
csgD,6.2766,8.772166666666665
csgE,5.2843,7.481733333333334
csgF,6.5388,9.190466666666666
csgG,6.6139,8.172166666666667
csiD,7.158,10.920000000000002
csiE,7.1343,10.335
csiR,9.3206,10.3325
cspA,7.9232,13.274
cspB,5.074666666666666,8.8101
cspC,11.065,13.254
cspD,8.0381,13.887
cspE,9.0344,13.929
cspF,6.2246500000000005,10.296
cspG,7.81875,11.707
cspH,6.713666666666667,9.0829
cspI,5.7558500000000015,7.9678
csrA,10.664,12.947
csrB,10.796,14.261
csrC,10.073,13.447
csrD,6.2168,8.7497
cstA,8.90945,13.039
cueO,8.5283,10.194
cueR,7.6248,11.157
cusA,7.1819,8.3677
cusB,7.4257,9.6192
cusC,5.8285,10.236
cusF,6.6389,10.815
cusR,7.6069499999999985,9.607
cusS,7.455,10.325
cutA,8.0279,9.76195
cutC,7.524,8.5479
cvpA,7.431,10.583
cvrA,7.3919,8.0888
cyaA,6.7624499999999985,8.6838
cyaR,7.588033333333333,10.442
cyaY,8.996133333333333,11.226
cybB,8.5168,10.871
cybC,8.2445,8.844299999999997
cycA,8.417300000000001,10.144
cydA,9.2172,12.9015
cydB,9.2396,13.074000000000002
cydC,7.3278,9.204725
cydD,6.3359,8.313225000000001
cynR,7.1384,8.1852
cynS,5.4989,6.867366666666666
cynT,6.4363,8.6187
cynX,7.5186,9.1837
cyoA,8.75485,12.648
cyoB,8.0138,12.14725
cyoC,7.9501,11.68
cyoD,8.49925,12.38125
cyoE,7.6717,10.575
cysA,8.30425,10.104933333333333
cysB,6.9518,9.1501
cysC,7.3974,10.310666666666666
cysD,8.1186,12.254333333333335
cysE,9.5782,11.012
cysG,7.5142,8.396166666666666
cysH,7.51,11.215666666666666
cysI,7.8497,11.163666666666666
cysJ,7.4529,11.072
cysK,8.086,12.525666666666664
cysM,7.66,9.765866666666666
cysN,8.0001,11.404333333333335
cysP,8.5069,10.835333333333333
cysQ,8.1783,9.2911
cysS,8.667300000000001,10.11945
cysT,6.6643,11.105
cysU,7.9110000000000005,10.218766666666667
cysW,8.1095,9.424466666666667
cysZ,7.1385,8.63445
cytR,7.7215333333333325,9.933275
dacA,7.3665,10.126525
dacB,7.5053,8.422625
dacC,7.7528,10.6025
dacD,7.5203,8.4586
dadA,8.4067,12.184
dadX,7.9518,9.7444
damX,8.1878,10.861999999999998
dam,7.7433,10.04515
dapA,9.3868,11.883
dapB,7.9705,10.438666666666668
dapD,8.2071,11.056666666666667
dapE,8.225033333333332,10.390999999999998
dapF,9.1125,11.632
dbpA,6.6056,8.9772
dcd,7.7542,9.568
dcm,7.9494,8.6208
dcp,7.64525,9.077533333333333
dcrB,9.3729,12.395
dctA,8.1089,11.961
dctR,5.4334,8.173
dcuA,8.673,10.8775
dcuB,8.632000000000001,9.97875
dcuC,7.436133333333332,8.7189
dcuD,7.05905,8.0177
dcuR,6.9652,8.155025
dcuS,7.0423,8.95015
dcyD,8.620899999999999,10.367
ddlA,8.2502,9.6653
ddlB,8.9222,10.829
ddpA,6.7246,7.954
ddpB,7.38605,8.561733333333335
ddpC,6.5106,7.7450333333333345
ddpD,6.89095,8.2952
ddpF,7.178,8.257900000000001
ddpX,6.8513,10.730333333333334
deaD,9.2577,12.137
dedA,7.8093,9.5793
dedD,9.53895,10.473
def,10.274333333333333,11.869000000000002
degP,7.8661,10.880999999999998
degQ,8.1877,9.332299999999998
degS,7.9359,9.1315
deoA,8.2678,10.605
deoB,8.425,11.0155
deoC,8.2243,10.308
deoD,9.4677,11.6995
deoR,7.963999999999999,8.9222
der,7.512650000000002,9.8706
dfp,8.0228,11.619000000000002
dgkA,8.623633333333332,10.0027
dgoD,6.8474,8.523499999999999
dgoK,6.8939,8.056000000000001
dgoR,8.0003,8.880525
dgoT,7.109333333333333,8.4269
dgsA,7.33525,8.66815
dgt,6.0819,7.7943
dhaK,7.1931,10.1511
dhaL,7.587999999999999,10.2748
dhaM,7.2681,9.6912
dhaR,7.1037,8.3035
diaA,8.078,9.774525
dicA,8.0439,10.003
dicB,5.348866666666666,7.1879
dicC,5.8876333333333335,7.133075
dicF,7.30975,8.4258
dinB,7.7869,8.8635
dinD,7.1582,11.093
dinF,8.0193,9.9031
dinG,7.5232,9.2459
dinI,7.9815,12.684
dinJ,8.7714,12.503
dinQ,6.3934,8.5305
dipZ,6.4059,8.4418
djlA,8.4816,9.503775
djlB,5.3632,6.9405
djlC,6.80485,8.0612
dkgA,7.5757,11.561
dkgB,7.2053,8.62805
dksA,9.71905,11.939
dld,7.2709,9.586266666666667
dmsA,7.6595,10.883499999999998
dmsB,7.4495,10.634
dmsC,7.6506,9.27555
dmsD,7.797199999999999,8.906649999999997
dnaA,8.6333,11.216
dnaB,8.7684,10.7875
dnaC,8.0718,9.233
dnaE,8.583,11.356
dnaG,9.668866666666668,11.1195
dnaJ,8.5451,12.018
dnaK,8.4314,13.033
dnaN,9.0597,10.966
dnaQ,7.830733333333334,9.4524
dnaT,8.6546,9.8948
dnaX,7.588999999999999,10.1735
dos,6.2358,8.0306
dpiA,7.8382,8.9684
dpiB,6.35835,7.3416
dppA,8.1396,11.226333333333335
dppB,7.8924,10.071
dppC,7.9582,9.5057
dppD,7.9684,10.403
dppF,7.1772,9.3483
dps,8.8016,14.480999999999998
dsbA,8.2494,11.296
dsbB,7.8895,9.7715
dsbC,8.5352,10.601
dsbG,7.1425,8.7742
dsdA,6.6239,8.504249999999999
dsdC,6.3631,7.8871
dsdX,6.4091,9.392475
dsrA,4.4163,5.1884
dsrB,8.085,9.7874
dtd,8.9268,10.865
dtpB,8.421633333333332,9.88805
dusA,8.0285,9.35255
dusB,7.4143,12.2785
dusC,8.103449999999999,10.181
dut,6.7341,11.336
dxr,7.7015,9.2883
dxs,7.8416,9.313375
eaeH,7.9989,9.247033333333333
eamA,7.1063,8.9221
eamB,7.9319,9.0202
ebgA,6.94705,8.238875
ebgC,6.1458,7.407625
ebgR,8.01125,8.3623
ecnA,6.7303,8.6301
ecnB,8.500725,11.653
eco,8.8045,11.231
ecpD,5.6653,7.93915
eda,8.598766666666668,10.3785
edd,9.1336,11.412
efeB,8.09835,9.101633333333334
efeO,7.84665,10.185333333333334
efeU,7.33475,9.2646
efp,8.4209,12.2395
elaA,7.7795999999999985,9.0144
elaB,8.3469,12.800333333333333
elaD,6.2179,8.0213
elbA,4.85785,6.3384
elbB,8.5963,10.1195
emrA,7.2791,8.945250000000003
emrB,7.0204,8.212
emrD,8.664266666666668,10.116
emrE,6.374033333333332,8.0401
emrK,5.6259,7.3523
emrY,5.4387,7.4283
emtA,7.59485,9.5495
endA,7.1891,8.2783
eno,10.143,13.1485
entA,7.0514,8.780233333333333
entB,7.9596,9.739
entC,7.0998,9.3747
entD,6.5802,7.0862
entE,7.7624,9.4394
entF,7.3187,8.359499999999999
entS,8.30085,9.5483
envC,8.162533333333334,10.141
envR,4.9284,6.27325
envY,4.829,6.0205
envZ,8.7563,9.5736
epd,8.5804,10.544
eptA,6.4374,8.3197
eptB,7.3296,8.6395
era,7.294266666666666,9.5004
erfK,7.3331,9.4334
erpA,9.5954,12.0
essD,5.7651666666666666,7.5249
essQ,7.55115,8.585166666666666
etk,7.7559,8.6782
etp,7.8999,8.9115
eutA,7.1298,8.0679
eutB,8.5728,10.146
eutC,8.4956,9.0949
eutD,7.9627,9.101766666666668
eutE,6.8038,8.043433333333333
eutG,7.0074,8.1418
eutH,7.519,8.69105
eutJ,7.1958,8.553233333333333
eutK,8.105,8.95875
eutL,7.2223,8.29615
eutM,7.7355,8.962399999999997
eutN,7.5719,8.6416
eutP,7.0588,8.1169
eutQ,7.4477,8.7125
eutR,8.1211,8.87255
eutS,7.2868,8.0695
eutT,7.1791,8.491033333333334
evgA,6.9897,9.3259
evgS,5.5682,6.6394
exbB,7.7661,10.301666666666668
exbD,7.7224,10.247
exoD,7.539366666666666,10.138
exoX,8.193349999999999,9.111933333333337
exuR,8.7742,10.383
exuT,7.65365,9.479
fabA,8.689,11.42
fabB,10.204,11.9435
fabD,8.0279,11.877
fabF,7.2207,11.13
fabG,11.616,13.0215
fabH,9.2247,12.134
fabI,9.0902,11.308
fabR,8.689833333333334,10.789
fabZ,8.9276,11.7685
fadA,7.824933333333334,9.4196
fadB,7.913533333333333,10.111
fadD,8.10525,9.9096
fadE,8.5664,10.454
fadH,8.1161,9.6014
fadI,7.7091,9.4232
fadJ,8.80535,10.347
fadK,7.0863,8.0511
fadL,7.5205,10.011
fadR,8.3806,9.8253
fbaA,8.6017,11.2025
fbaB,7.8555,12.222
fbp,9.0221,11.297
fcl,7.1576,8.509699999999999
fdhD,8.1838,9.43765
fdhE,8.6128,10.552
fdhF,7.4591,10.501
fdnG,7.258850000000002,8.3432
fdnH,7.6485,8.912325
fdnI,7.2968,8.9821
fdoG,8.667,12.4525
fdoH,8.262033333333335,11.681
fdoI,7.800833333333334,11.190999999999999
fdrA,7.73815,8.8182
fdx,8.4392,12.0
feaB,7.4085,8.9375
feaR,5.8885,7.3673
fecA,7.4024,10.711
fecB,7.4001,10.122325
fecC,7.7687,9.0887
fecD,7.5439,8.937999999999997
fecE,7.072,9.3574
fecI,7.8063,9.412233333333333
fecR,7.7243,8.6832
feoA,7.627999999999999,9.7547
feoB,6.7703000000000015,8.19435
feoC,8.8087,9.8922
fepA,8.3502,10.090066666666667
fepB,6.8108,7.9879
fepC,7.512,8.7089
fepD,8.0301,8.6678
fepE,6.8364,9.0823
fepG,7.5953,8.6389
fes,7.6245,8.702725000000001
ffh,8.3614,11.307
ffs,10.5455,14.028
fhlA,7.7418,8.8984
fhuA,7.3115,9.677066666666667
fhuB,7.4665,8.265225
fhuC,7.7919,9.422875
fhuD,6.9642,8.5176
fhuE,6.6796,8.517800000000001
fhuF,7.79905,10.405333333333333
fic,7.4727,11.112
fieF,8.6122,10.255999999999998
fimA,6.781866666666668,10.7635
fimB,5.654,8.5574
fimC,6.646866666666668,9.1352
fimD,7.263533333333334,8.5772
fimE,7.362,8.480699999999999
fimF,6.7810000000000015,8.27995
fimG,7.4754,8.3263
fimH,7.3185,8.0544
fimI,6.9008,8.6488
fimZ,4.2693,6.8519
fis,8.08395,12.412
fiu,6.0994,9.054166666666667
fixA,6.7305,7.7332
fixB,8.0968,8.778333333333332
fixC,7.3933,8.5222
fixX,7.18895,8.154125
fklB,8.575050000000001,11.17
fkpA,8.0546,10.7495
fkpB,7.9458,10.1
fldA,8.3959,11.285750000000002
fldB,8.517433333333333,10.429
flgA,7.2247,9.5824
flgB,6.41045,9.74635
flgC,7.762,10.6845
flgD,7.882999999999999,10.442
flgE,7.0331,10.13
flgF,7.7929,10.264
flgG,7.27,9.9324
flgH,6.4281,8.3888
flgI,6.8623,8.52165
flgJ,7.0765,8.7884
flgK,6.66695,11.868
flgL,8.023066666666667,11.099
flgM,7.8399,12.735
flgN,7.854649999999999,12.6765
flhA,7.1051,8.30225
flhB,7.940200000000001,8.9447
flhC,7.7614,10.36
flhD,8.011266666666666,10.765
flhE,7.7558,8.504999999999999
fliA,7.1466,12.1325
fliC,8.04305,13.7475
fliD,7.0239,11.9145
fliE,7.0896,9.10785
fliF,8.9608,10.665
fliG,7.98465,9.7974
fliH,6.9016,8.9782
fliI,6.8295,8.8711
fliJ,7.1531,9.0267
fliK,6.2776,8.3124
fliL,7.463466666666666,10.299000000000001
fliM,6.6145,8.8882
fliN,6.9667,9.2128
fliO,7.377233333333333,8.753
fliP,7.193949999999999,8.2338
fliQ,7.000766666666666,8.5615
fliR,6.066,8.1027
fliS,7.1289,11.52
fliT,7.7286,10.556
fliY,9.30605,11.642333333333333
fliZ,6.8591000000000015,10.828500000000002
flk,7.64845,9.256
flu,6.9595,9.064333333333332
flxA,7.72755,11.826
fmt,9.42705,10.738
fnr,6.4585,10.702666666666667
focA,9.229,11.2625
focB,7.8216,9.652
folA,8.8774,10.40075
folB,8.421466666666666,10.2195
folC,8.37305,10.296499999999998
folD,8.1835,10.334333333333333
folE,8.8381,11.998333333333333
folK,7.1065,9.08085
folM,6.8803,8.113133333333332
folP,7.6321,10.344000000000001
folX,7.708133333333333,10.6115
fpr,8.187999999999999,10.205
frc,6.4262,8.09565
frdA,8.5914,11.8435
frdB,8.6481,11.576
frdC,6.6524,9.5736
frdD,8.089,11.112
fre,8.9414,11.508
frlA,5.4228,7.0961
frlB,7.40435,8.5383
frlC,7.2332,8.021
frlD,8.115833333333333,8.676174999999999
frlR,7.8427,8.86725
frmA,8.9159,12.112
frmB,6.4515,9.5358
frmR,8.9009,12.084
frr,8.7031,11.293499999999998
frsA,7.6419,8.9698
fruA,9.308166666666667,10.505
fruB,7.7478,10.0215
fruK,7.6805,10.2546
fruR,7.5994,9.0575
frvA,7.7433,8.77045
frvB,7.1246,8.37355
frvR,8.0421,9.6319
frvX,7.4491,8.6502
frwB,6.0282,7.35775
frwC,7.661033333333332,8.9429
frwD,6.5561,7.704
fryA,8.089233333333333,9.1191
fryB,6.5895,7.8995
fryC,7.7548,8.571666666666665
fsaA,7.537000000000001,8.85765
fsaB,6.4249,8.47265
fsr,6.7465,7.37765
ftnA,7.7224666666666675,12.6305
ftnB,7.960533333333332,9.8542
ftsA,9.6322,11.149
ftsB,8.6716,11.1945
ftsE,9.5762,11.086
ftsI,7.4823,9.84225
ftsK,9.0759,10.983
ftsL,9.1604,11.1375
ftsN,8.2054,10.0401
ftsP,8.13185,9.5603
ftsQ,9.3084,11.164
ftsW,7.7351,9.9477
ftsX,9.220266666666667,10.238
ftsY,9.4828,11.314
ftsZ,9.8616,11.925999999999998
fucA,6.298333333333335,8.01955
fucI,7.7483,9.3128
fucK,7.459,8.554974999999999
fucO,7.542333333333333,9.5575
fucP,6.0766,7.9025
fucR,7.9257,9.877875
fucU,7.8736,9.069866666666668
fumA,8.477766666666668,11.499
fumB,6.5591,8.417850000000001
fumC,7.00265,8.8284
fur,9.2644,11.207
fusA,11.8245,13.71425
fxsA,6.0162,10.258
gabD,7.4695,10.592333333333334
gabP,6.4989,7.8749
gabT,7.3265,10.746333333333332
gadA,5.7762,13.513333333333335
gadB,4.3718,13.995333333333333
gadC,6.684,13.2855
gadE,4.8512,11.7735
gadW,5.8262,10.0135
gadX,6.2892,11.228000000000002
gadY,6.3877,9.351666666666668
galE,7.3667,11.026500000000002
galF,8.654733333333333,11.11975
galK,8.829966666666666,11.3185
galM,8.9147,10.9315
galP,6.9374,10.012
galR,8.4369,9.7446
galS,7.386649999999999,9.634575
galT,7.037000000000001,10.4225
galU,8.240666666666668,10.38325
gapA,9.7951,13.6585
gapC,7.8853,11.562999999999999
garD,7.8952,9.266
garK,8.6455,10.553
garL,7.9095,10.651
garP,6.82795,9.2163
garR,8.6106,11.528
gatA,7.5447,13.919
gatB,7.635766666666666,14.051000000000002
gatC,7.649,13.619000000000002
gatD,7.4844,12.68
gatR,7.535733333333333,12.4715
gatY,7.784933333333334,14.19
gatZ,8.063766666666666,14.149
gcd,8.058,9.651433333333337
gcl,6.6593,8.6826
gcvA,7.88315,10.11
gcvB,6.508133333333332,12.5385
gcvH,10.016,13.28
gcvP,7.7899,9.623
gcvR,7.207999999999998,10.689
gcvT,8.502133333333335,11.55
gdhA,8.5063,11.609333333333332
gfcA,8.629999999999999,10.534
gfcB,7.3817,8.644
gfcC,6.9343,8.1904
gfcD,6.7285,7.686433333333333
gfcE,7.7716,8.7834
ggt,8.0993,9.320766666666666
ghrA,8.5981,10.377333333333333
ghrB,7.75435,11.211
gidB,7.8106,9.617
glcA,7.57705,8.9685
glcB,7.061,9.4397
glcC,7.1181,10.387
glcD,7.2824,10.389
glcF,8.0035,9.9573
glcG,8.9106,10.978
gldA,7.6192,10.1935
glf,6.260266666666666,10.486775
glgA,7.7246,10.5905
glgB,8.0705,11.328
glgC,8.267999999999999,11.6305
glgP,8.0617,9.20255
glgS,7.4471,13.159
glgX,7.7979,11.154000000000002
glk,8.12145,9.446675
glmM,9.174633333333333,10.9
glmS,8.592933333333333,12.234000000000002
glmU,10.656999999999998,13.677
glmY,8.9103,13.405666666666667
glmZ,8.8572,12.571
glnA,8.0802,12.155333333333333
glnB,7.1588,9.630825000000002
glnD,7.4601,9.222533333333333
glnE,8.1655,9.6871
glnG,8.5151,9.4492
glnH,9.307,12.46
glnK,7.1066,13.073333333333332
glnL,7.8384,9.953766666666667
glnP,7.8797,10.834
glnQ,8.6705,11.036666666666667
glnS,8.833,10.52025
gloA,8.2143,10.5005
gloB,6.3233,7.756
glpA,8.1182,10.96675
glpB,8.2227,11.09475
glpC,7.459,10.695
glpD,8.097966666666666,12.948
glpE,8.2284,11.281
glpF,7.3444,12.91
glpG,8.460766666666666,11.345
glpK,8.234,13.018
glpQ,7.6554,12.3065
glpR,7.7958,9.8697
glpT,8.66155,13.0675
glpX,8.495800000000001,10.794
gltA,8.72845,11.776
gltB,7.8528,12.809333333333335
gltD,8.8765,12.469333333333333
gltF,6.72405,7.60155
gltI,8.3761,10.479666666666667
gltJ,7.5853,8.9649
gltK,7.5263,8.7739
gltL,7.4388,8.825766666666665
gltP,8.039333333333332,9.621
gltS,8.2973,11.055
gltX,8.8143,10.657
glvC,7.1636,8.17175
glvG,7.2693,8.0301
glxK,7.7453,8.6861
glxR,7.2991,8.283
glyA,7.9978,11.845
glyQ,7.3065,11.27
glyS,8.876133333333334,11.392
glyT,8.781,13.181
glyU,6.9441,10.390999999999998
gmd,8.1888,8.838425
gmhB,9.5038,10.62
gmk,9.2244,11.343
gmm,7.54895,8.4044
gmr,6.0696,8.4581
gnd,8.2661,11.789333333333332
gnsA,8.700849999999999,11.092
gnsB,6.0658,8.919
gntK,8.0353,9.0581
gntP,7.975766666666666,9.7542
gntR,8.4707,10.217
gntT,8.426549999999999,9.0092
gntU,7.519333333333333,8.38305
gntX,7.6583,10.379
gor,9.5146,10.623
gph,8.7049,11.1405
gpmA,9.071,11.461
gpmM,8.4354,10.772000000000002
gpp,7.5605,9.7286
gpsA,9.4805,11.654000000000002
gpt,8.31645,10.77
greA,7.2649,10.827
greB,7.818966666666667,9.4051
groL,8.5005,12.352
groS,9.4009,13.898
grpE,9.027449999999998,12.638
grxA,7.8904,9.6105
grxB,8.3412,10.972999999999999
grxC,8.6494,12.686
grxD,9.5982,11.201999999999998
gshA,10.181,11.5615
gshB,9.3119,10.5995
gsiA,7.3402,9.263266666666668
gsiB,7.8899,9.207066666666668
gsiC,7.1731,8.395933333333334
gsiD,7.7557,8.96
gsk,6.8969,8.9887
gspA,7.462366666666667,9.25655
gspB,8.3234,10.1585
gspC,6.5616,8.2073
gspD,6.5894499999999985,8.0583
gspE,7.4489,8.6611
gspF,6.2129,8.2217
gspG,6.5827,8.0543
gspH,7.3775,8.590833333333334
gspI,6.3918,7.912833333333332
gspJ,6.6778,8.2338
gspK,6.3028,7.3738
gspL,6.5938,7.9667
gspM,6.2687,8.4164
gspO,7.219950000000001,8.1434
gsp,6.9273,8.570250000000001
gst,8.5161,10.6955
guaA,7.4456,10.66275
guaB,7.87385,11.921
guaC,7.7994,9.760999999999996
guaD,6.1344,11.99
gudD,7.5862,8.7159
gudP,6.9124,8.0471
gudX,7.5231,8.2726
gutM,6.3576,9.92475
gutQ,7.6154,9.16675
gyrA,8.2511,10.413
gyrB,8.151,10.542
hcaB,6.9461,8.1974
hcaC,8.3075,9.373400000000002
hcaD,8.1616,9.5635
hcaE,7.760933333333332,8.8561
hcaF,8.2701,9.3968
hcaR,7.5340500000000015,9.228
hcaT,8.141566666666664,8.7178
hchA,7.58705,12.2665
hcp,7.20965,8.812750000000003
hcr,7.7098,8.6387
hda,7.223133333333332,8.622
hdeA,6.9548,14.065
hdeB,6.0196,13.638666666666667
hdeD,7.2753,12.249
hdfR,7.0273,8.49895
hdhA,8.065,11.8795
helD,8.4661,9.75845
hemA,8.1553,10.07445
hemB,8.576,9.7302
hemC,8.4513,11.218
hemD,8.9223,11.816
hemE,9.2463,10.909
hemF,7.590249999999998,8.7853
hemG,8.3867,10.125
hemH,8.4342,9.8286
hemL,8.8377,10.213
hemN,7.792999999999998,9.1231
hemX,8.6974,11.687
hemY,7.7228,10.733
hepA,8.6885,10.629
hflB,9.58905,11.677
hflC,8.0968,10.405
hflD,7.5395,10.411
hflK,8.3054,11.253
hflX,9.0537,12.275
hfq,9.6673,12.716
hha,8.2909,11.677
hinT,7.1473,10.174666666666667
hipA,7.5878,9.19415
hipB,7.6492,10.1765
hisA,8.6164,10.930333333333332
hisB,7.4927,10.339666666666666
hisC,7.502000000000002,11.161666666666667
hisD,7.49535,10.611
hisF,7.8025,10.836
hisG,8.9178,11.253
hisH,7.4709,10.635
hisI,7.7258,10.025799999999998
hisJ,9.15725,11.653666666666664
hisL,6.3901,11.011
hisM,7.2514,8.882933333333334
hisP,8.8614,9.736966666666667
hisQ,7.25125,9.205866666666667
hisR,10.585,13.435
hisS,8.1216,10.9365
hlyE,6.2199,10.790999999999999
hmp,7.9005,9.1533
hns,11.486,13.640999999999998
hofB,6.4008,7.592233333333333
hofC,7.0308,7.756266666666668
hofM,8.061900000000001,8.836766666666668
hofN,7.9287,8.4662
hofO,7.0798000000000005,7.718533333333332
hofP,7.19425,8.121
hofQ,7.6052,8.295925
hokB,7.571949999999998,9.5876
hokD,5.84905,8.277000000000001
hokE,7.23875,8.0396
holA,7.9173,9.614775
holB,6.9643,8.6351
holC,7.6258,10.224
holD,8.5637,11.257
holE,8.234300000000001,10.04095
hpf,7.4129,11.408
hpt,8.6496,10.82
hrpA,8.8766,9.4706
hrpB,8.64135,9.6751
hscA,8.621,11.43
hscB,7.7075,11.533
hscC,7.7079,8.7365
hsdM,8.630366666666667,10.2875
hsdR,7.1232,8.725200000000001
hsdS,6.0468,8.9087
hslJ,7.8712,9.7443
hslO,8.0578,11.615
hslR,9.1433,12.994000000000002
hslU,7.8995,11.19
hslV,8.4853,12.232
hspQ,9.09465,12.849
hsrA,6.4103,7.7201
htpG,8.0763,11.091
htpX,7.9094,12.132
htrE,5.771,6.7743
htrG,8.57765,10.66
htrL,6.0644,8.7452
hupA,8.1527,12.562
hupB,7.9567,12.073
hyaA,7.0544,13.829
hyaB,7.7183,12.3985
hyaC,7.1517,12.626
hyaD,7.52,12.3125
hyaE,7.12,11.040999999999999
hyaF,6.9217,11.0855
hybA,8.7943,10.966
hybB,7.0577,9.31475
hybC,7.0454,9.48665
hybD,8.1291,9.8682
hybE,7.6529333333333325,9.7283
hybF,7.3997,8.738999999999999
hybG,7.7522,8.8978
hybO,7.985366666666668,10.392999999999999
hycA,6.778,7.9555
hycB,7.4413,8.510449999999999
hycC,7.306,8.6267
hycD,7.7549,8.8183
hycE,7.4303,8.556899999999999
hycF,7.1413,8.9378
hycG,7.7443,8.4809
hycH,7.5565,8.5
hycI,8.5218,9.2926
hydN,8.071349999999999,9.0096
hyfA,6.4432,7.592
hyfB,6.8374,7.8672
hyfC,5.422999999999999,6.6713
hyfD,8.4617,9.5905
hyfE,7.4361,8.8577
hyfF,7.5082,8.453833333333334
hyfG,7.0332,9.0736
hyfH,7.0242,9.0065
hyfI,7.5474,8.63005
hyfJ,7.4060000000000015,8.9186
hyfR,7.1326,8.5363
hyi,6.7499,7.9764
hypA,7.7314,10.5175
hypB,7.791,11.228
hypC,8.4388,11.1295
hypD,8.3494,10.7125
hypE,8.3974,9.94395
hypF,8.1035,8.918
hyuA,6.5703,13.0655
iaaA,8.003,9.8016
iadA,7.7652,9.9922
iap,7.455,8.9745
ibpA,6.4702,14.286
ibpB,6.5199,13.567
icdC,4.1392,5.9424
icd,9.7888,13.476666666666668
iclR,8.1519,11.034
idi,7.8512,10.192
idnD,7.454866666666668,8.70665
idnK,6.3419,8.2077
idnO,8.160666666666666,9.3037
idnR,7.3078,7.942966666666666
idnT,8.7553,9.5038
ihfA,10.418,12.8
ihfB,9.5748,11.664333333333332
ileS,9.0608,11.4265
ileX,6.034,8.2892
ileY,6.1422,7.789999999999999
ilvA,8.403725000000001,9.787066666666668
ilvB,8.0026,11.096666666666666
ilvC,7.9316,12.998666666666665
ilvD,8.627525,10.545333333333332
ilvE,9.0042,10.904666666666666
ilvG,8.01075,11.893
ilvH,6.627999999999999,9.953733333333332
ilvI,6.7329,10.868333333333334
ilvL,8.823599999999997,12.613
ilvM,8.368025,10.846666666666666
ilvN,7.2292,10.396666666666668
ilvY,8.8989,10.292
imp,7.3271,9.915833333333332
inaA,8.46045,9.30615
infA,8.4923,12.396
infB,8.4775,12.61
infC,12.107,13.646
insA,7.4356,9.3032
insB,7.404266666666667,8.6242
insD,7.1967,9.46555
insG,7.305666666666667,8.65695
insH,6.71365,8.3527
insJ,7.418433333333333,10.589
insK,5.324,8.7838
insM,6.7818000000000005,8.08995
insN,7.6196,9.3446
insO,6.9171,9.3194
insX,7.6478,9.0225
insZ,7.2927,8.3898
intA,6.4926,8.5084
intB,7.187566666666666,9.5394
intD,7.2454,7.8921
intE,4.7664,8.7455
intF,7.0198,9.07985
intG,5.9147,7.6162
intQ,6.57515,8.2375
intR,7.58675,8.7542
intS,6.78955,8.0188
intZ,6.9886,8.244333333333332
iraP,8.12445,11.208
iscA,10.5005,12.715
iscR,8.6973,12.5
iscS,8.5114,11.705
iscU,9.66795,12.272
iscX,8.4889,11.423
ispA,7.6811,10.350925
ispB,8.7333,10.217
ispD,8.4413,10.4575
ispE,8.7163,10.808333333333332
ispF,8.1888,10.743
ispG,7.973,10.532825
ispH,8.706766666666667,10.024
ispU,6.9702,11.001
isrA,5.5069,10.143
isrB,5.4413,11.305
isrC,3.5152,3.725975
istR,6.6995,8.1233
ivbL,10.399666666666667,13.316
ivy,9.1135,11.259666666666664
katE,7.1469,10.8
katG,8.8184,10.8315
kbaY,7.7947,9.0222
kbaZ,7.0061,8.230825
kbl,9.3497,12.504
kch,7.1028,8.522433333333332
kdgK,8.1221,10.282
kdgR,7.754,9.8388
kdgT,7.0569,7.9473
kdpA,7.2823,9.0741
kdpB,5.9343,7.5657
kdpC,8.0259,9.5439
kdpD,7.8628,9.7875
kdpE,8.6104,9.3974
kdpF,7.494,8.67605
kdsA,8.5587,10.53675
kdsB,8.3703,10.345
kdsC,9.4169,11.046
kdsD,7.412000000000001,10.531
kduD,7.3617,8.744599999999998
kduI,7.0364,8.27945
kefA,8.0376,9.673749999999998
kefB,8.9934,9.4547
kefC,7.689,9.605066666666666
kefF,6.233,7.887433333333334
kefG,8.3081,9.2859
kgtP,9.3482,11.81
kilR,5.875799999999999,7.1267
kptA,7.6819,8.3837
ksgA,7.8751,10.427
kup,6.9848,8.423950000000001
lacA,5.184,10.128
lacI,7.2943,8.999
lacY,6.924,11.572
lacZ,7.2013,12.168
lafU,7.3178,8.2636
lamB,8.1008,10.647
lar,6.388466666666668,7.1602999999999986
ldcA,7.5445,8.7115
ldcC,7.4093,10.870999999999999
ldhA,8.255,11.195
ldrD,6.7428,7.9497
lepA,7.3872,10.45365
lepB,8.67295,10.4455
leuA,7.9841,11.815666666666667
leuB,7.3912499999999985,11.609666666666667
leuC,7.6227,11.897666666666666
leuD,6.9032,10.88433333333333
leuE,5.225733333333333,7.6793
leuL,5.3218,9.579433333333332
leuO,6.2211,7.699899999999999
leuP,8.6487,11.510333333333335
leuS,8.9083,10.797
leuU,4.1549,7.237825
leuW,8.8684,12.509
leuX,6.745,9.5621
leuZ,8.4072,12.081
lexA,8.2547,11.813
lfhA,7.3441,9.1445
lgt,8.0499,10.308
lhr,7.4884,8.4628
ligA,8.9728,10.322499999999998
ligB,6.5239,7.19165
ligT,7.6837,9.03625
lipA,8.2619,10.255999999999998
lipB,7.1306,9.3263
lit,5.0483,6.1791
livF,7.999449999999999,10.285666666666668
livG,7.8796,11.341
livH,8.6976,11.037666666666668
livJ,9.0117,13.477666666666664
livK,8.2337,11.230666666666664
livM,7.64495,9.935033333333333
lldD,8.4373,10.6003
lldP,6.82085,11.00775
lldR,6.88875,10.7808
lnt,8.2925,9.1876
lolA,8.4502,10.574000000000002
lolB,7.7637,10.137333333333334
lolC,7.2578,8.94105
lolD,8.1985,9.1386
lolE,7.9755,9.274775
lomR,7.168066666666667,8.4114
lon,8.8191,11.792
lpcA,7.6182,10.087
lpd,9.4977,12.625
lplA,8.26325,8.8392
lplT,8.375,8.732033333333332
lpp,11.957,13.922
lptA,8.8984,10.578
lptB,8.5473,10.555
lpxA,7.6297,10.437
lpxB,8.0485,10.17085
lpxC,9.7168,11.994000000000002
lpxD,8.9053,11.946
lpxH,8.579,9.429633333333333
lpxK,8.6591,9.5789
lpxL,8.3939,10.248
lpxM,8.4778,9.83595
lpxP,7.1212,9.4218
lpxT,6.01485,9.27
lrhA,8.132,10.007
lrp,7.6893,11.422
lspA,8.9184,10.71325
lsrA,6.4249,7.747533333333332
lsrB,6.239,8.8458
lsrC,7.6965,9.1615
lsrD,6.3745,7.7833
lsrF,7.61785,9.0149
lsrG,5.7141,7.12675
lsrK,7.7273,9.1613
lsrR,7.7589,9.5897
ltaE,8.6652,10.249
luxS,9.3184,11.132
lysA,8.00405,9.395833333333334
lysC,6.3018,9.555766666666667
lysP,7.4943,9.9628
lysR,7.3063,8.005375
lysS,7.2643,9.9926
lysU,7.5448,11.219000000000001
lyx,6.4356,8.0256
maa,7.7662,10.896
macA,8.5738,9.4905
macB,8.297,10.751
maeA,8.8799,9.8134
maeB,8.8354,10.51
mak,8.4125,9.4103
malE,7.9249,10.679
malF,7.6863,8.6113
malG,7.4044,8.8525
malI,7.5775000000000015,8.596
malK,7.146,10.03735
malM,7.5523,9.2505
malP,7.7079,9.654666666666666
malQ,8.394933333333334,9.288933333333334
malS,7.4916,8.4739
malT,7.181,8.870366666666667
malX,7.1566,8.687125
malY,5.8543,7.671275
malZ,8.2435,8.8296
manA,8.2441,9.65005
manX,8.5031,11.802999999999999
manY,8.7906,12.0865
manZ,7.957466666666666,10.107000000000001
maoC,7.4822,8.4387
map,8.3277,10.895
marA,8.2694,12.323
marB,6.9351,9.5585
marC,6.8336,8.6462
marR,7.4868,11.261
matA,5.8102,7.7626
matB,6.3469,7.6913
matC,6.6821,7.536625
mazG,8.7468,10.0425
mcbA,6.9436,9.54035
mcbR,6.7758,8.6301
mcrA,5.7709,7.3493
mcrB,6.4965,8.9693
mcrC,4.9261,7.0929
mdaB,8.8413,10.2665
mdh,9.53,12.492
mdlA,7.0786,8.182066666666667
mdlB,7.7054,8.605633333333332
mdoB,8.49385,9.86015
mdoC,7.0412,8.2201
mdoD,6.787133333333332,8.09405
mdoG,8.9286,11.466
mdoH,7.6502,9.264675
mdtA,7.76415,8.756
mdtB,7.0985999999999985,8.1183
mdtC,7.0853,8.2753
mdtD,6.5812,8.233633333333332
mdtE,7.4281,10.710999999999999
mdtF,7.39705,9.6639
mdtG,6.7188,8.2332
mdtH,7.5996,8.8896
mdtI,7.679866666666666,10.855
mdtJ,7.885999999999999,12.655
mdtK,7.94655,9.921
mdtL,7.5034,9.0875
mdtM,7.19925,7.644399999999999
mdtN,7.1009,8.120433333333335
mdtO,8.2484,8.9879
mdtP,7.6144,8.6055
mdtQ,6.8335,8.1598
melA,7.9109333333333325,10.883
melB,6.1495,7.8949
melR,6.0093,7.6981
menA,7.766966666666666,9.708
menB,7.982,10.208333333333334
menC,8.8732,9.9071
menD,7.7441,9.1648
menE,8.308,9.05085
menF,8.1919,10.2065
mepA,7.50825,9.2155
metA,7.4024,10.491666666666664
metB,7.2361,9.9418
metC,6.9993,9.336766666666668
metE,7.7623,12.676333333333332
metF,7.9921,10.523333333333332
metG,9.0804,10.63
metH,7.8298,9.309833333333334
metI,8.179,10.54
metJ,7.9932,11.544
metK,8.5958,11.183666666666667
metL,8.3882,9.1842
metN,7.916,10.786
metQ,9.1132,11.692666666666668
metR,7.9267,8.9884
metY,7.7338,11.536666666666667
mfd,8.0754,9.6214
mglA,7.1342,11.598
mglB,8.646966666666666,13.02075
mglC,8.175550000000001,10.712375
mgrB,7.9054,12.375
mgsA,9.1515,11.327
mgtA,7.6545,11.249
mhpA,7.3785,8.882950000000003
mhpB,6.4104,8.1242
mhpC,6.6557,8.4789
mhpD,6.6251,8.097025
mhpE,8.4194,9.3238
mhpF,6.3095,7.60405
mhpR,8.38305,10.182
mhpT,7.619,8.763533333333333
miaA,11.445,13.236
miaB,8.5033,10.593
micA,6.295875,9.260633333333333
micC,4.72715,6.6066
micF,4.0628,7.2786
minC,8.8701,11.094
minD,8.010966666666668,11.04325
minE,8.365266666666667,10.85925
mioC,7.7029999999999985,11.126
mipA,8.8795,12.4275
mlrA,7.2341,9.0322
mltA,7.8669,10.201
mltB,8.8521,9.811566666666668
mltC,8.29615,9.2381
mltD,7.3232,10.76
mltF,6.863099999999998,8.4695
mmuM,8.07555,9.1101
mmuP,7.9898,8.855266666666667
mngA,6.8151,8.867
mngB,6.5153,7.7904
mngR,7.21395,8.211
mnmA,9.1612,11.16
mnmC,8.3481,9.1866
mnmE,9.211,11.2
mnmG,8.2766,10.932
mntH,7.3323,10.701
mntR,8.091766666666668,10.612
moaA,7.56135,10.460999999999999
moaB,7.9382,11.5385
moaC,8.7534,11.192333333333332
moaD,8.856,10.921
moaE,7.4061,9.4844
mobA,7.619366666666667,8.5948
mobB,7.965,9.4286
modA,7.894733333333334,10.507
modB,8.090466666666666,10.2565
modC,7.8069,9.427
modE,7.3666,8.3265
modF,7.2754,8.505866666666668
moeA,7.5911,9.15815
moeB,7.5082,9.00385
mog,8.2113,10.118
mokA,4.704866666666667,6.4856
mokB,6.6438,9.5194
mokC,4.527266666666667,6.7833
motA,7.1047,11.323
motB,6.8302,10.909
mpaA,7.4406,8.78285
mpl,8.8998,10.39
mppA,6.920533333333334,9.075575
mprA,8.5558,11.523
mqo,7.726,9.5853
mqsR,6.458066666666667,10.996
mraW,8.3152,10.491
mraY,6.9941,9.0806
mraZ,9.0314,11.375
mrcA,8.7023,10.233
mrcB,8.4429,9.66515
mrdA,8.1545,9.55395
mrdB,7.7172,9.48495
mreB,8.8312,11.5715
mreC,8.083,9.9211
mreD,7.614566666666667,9.67395
mrp,8.1327,10.421
mrr,8.1605,10.233
msbA,8.1598,9.8819
mscL,8.117833333333335,10.5465
mscS,8.3567,11.398
msrA,7.2801,9.308
msrB,8.245466666666667,11.4
msyB,9.068,12.995
mtfA,6.985266666666668,9.324
mtgA,7.464166666666666,8.7131
mtlA,8.7397,10.835
mtlD,7.6568,10.5245
mtlR,8.1062,9.24025
mtn,7.9741,10.521
mtr,7.7096,8.2555
mug,8.2689,10.558
mukB,8.366366666666666,9.66765
mukE,7.9620000000000015,10.7275
mukF,7.6575,10.122625
murA,7.8044,10.354
murB,7.899566666666666,9.7734
murC,7.4462,9.78505
murD,8.3628,10.003
murE,8.0849,10.4855
murF,7.3607,9.49915
murG,7.8656,9.8662
murI,7.2164,9.903
murP,7.2986,8.54135
murQ,8.3027,9.7346
mutH,7.8679999999999986,9.2683
mutL,6.7253,9.4967
mutM,8.327033333333334,9.534
mutS,8.26635,9.4241
mutT,7.898066666666668,8.8337
mutY,8.380266666666666,9.7888
nac,6.8032,12.986666666666665
nadA,7.8527,10.054566666666666
nadB,7.365025,8.546
nadC,6.7308,8.7729
nadD,8.1721,9.514733333333332
nadE,8.2088,10.899333333333333
nadK,7.1994,8.739766666666666
nadR,8.5133,9.95245
nagA,7.7876,9.8017
nagB,7.7061,9.72975
nagC,8.1393,9.66185
nagD,8.7742,9.99325
nagE,8.5672,10.047
nagK,8.2612,9.57345
nagZ,9.4866,10.384
nanA,7.201133333333334,11.33175
nanC,6.346066666666666,9.33125
nanE,8.9179,11.0425
nanK,7.4282,9.909200000000002
nanM,6.0979,7.7318250000000015
nanR,8.1347,8.988266666666666
nanT,7.5401500000000015,10.386175
napA,7.764849999999999,9.23115
napB,6.7427,7.9244249999999985
napC,8.1527,9.3464
napD,7.440899999999999,8.95145
napF,7.060499999999998,8.1605
napG,8.0458,9.0984
napH,8.519,9.287733333333334
narG,7.8055,11.285
narH,7.8379,10.957999999999998
narI,7.3059,9.0118
narJ,8.079,10.216
narK,7.2774,9.11625
narL,8.7522,9.9484
narP,8.34815,10.251
narQ,6.23645,7.6435
narU,6.1725,7.85695
narV,6.8445,8.5752
narW,7.4252,9.224166666666667
narX,6.6898,9.1042
narY,6.5635,8.063233333333333
narZ,7.1903,8.504925
ndh,7.5976,12.172
ndk,8.1217,12.14125
nei,7.8937,8.8835
nemA,6.834899999999998,8.4517
nemR,7.87045,9.316
nepI,7.3162,7.9385
nfi,8.2746,9.8397
nfo,8.0499,9.5845
nfrA,7.2169,8.61305
nfrB,6.518,7.9178
nfsA,8.289299999999999,10.395
nfsB,8.8163,10.19
nfuA,10.03875,12.272
nhaA,8.4049,10.640999999999998
nhaB,7.9152,9.29135
nhaR,7.8322,9.6864
nhoA,7.50815,8.778833333333333
nikA,7.159599999999998,8.0495
nikB,8.2405,8.9969
nikC,7.87855,8.77935
nikD,7.9425,8.8383
nikE,7.3031,7.9889
nikR,7.5179,8.428099999999999
ninE,7.1543,8.6847
nirB,7.61,9.658
nirC,7.151,7.7782
nirD,7.4796,9.113333333333333
nlpA,7.2542,9.7228
nlpC,7.3358333333333325,8.9927
nlpD,11.5055,13.463666666666667
nlpE,7.5162,8.8536
nlpI,9.1719,12.805
nmpC,6.5291,12.446
norR,8.003866666666665,9.6541
norV,7.1504,8.234766666666667
norW,7.8657,9.2284
npr,7.9736,10.0505
nrdA,7.5513,12.473
nrdB,7.3155,12.043
nrdD,7.5167,9.664
nrdE,6.4732,9.8794
nrdF,7.0112,9.3413
nrdG,7.2164,8.671
nrdH,7.9247,12.493333333333334
nrdI,6.931,10.944
nrdR,7.7129,10.339
nrfA,7.9163999999999985,11.9945
nrfB,6.7735,11.4365
nrfC,7.9597,11.2395
nrfD,8.118,10.489
nrfE,7.3571,8.4556
nrfF,7.4067,8.30875
nrfG,7.544933333333333,8.3248
nsrR,7.8047,11.032
nth,6.57745,8.5658
nudB,8.2404,11.056
nudC,7.8831000000000016,9.087266666666666
nudE,7.5276,10.736
nudF,7.3362,9.46195
nudG,7.6963,8.50525
nudI,7.8053,8.9846
nudJ,8.1976,9.000350000000003
nudK,7.5736,8.7606
nudL,7.784,9.1526
nuoA,8.0945,12.024
nuoB,8.342,12.58425
nuoC,8.5171,12.425999999999998
nuoE,9.2606,12.73975
nuoF,8.4467,12.402
nuoG,8.843,11.9825
nuoH,8.6559,12.05625
nuoI,8.1572,11.992250000000002
nuoJ,8.3096,11.92875
nuoK,7.572,11.3125
nuoL,8.0974,11.65375
nuoM,7.5474,10.51375
nuoN,8.1928,10.73975
nupC,7.133466666666667,9.89065
nupG,6.7449,8.5268
nupX,7.1899,8.2279
nusA,9.9958,13.265999999999998
nusB,8.5179,11.318
nusG,9.1155,12.565
obgE,7.96025,12.159
ogrK,7.677366666666668,9.7276
ogt,5.3794,8.1983
ompA,12.446750000000002,13.802666666666667
ompC,8.9414,13.377
ompF,8.184833333333334,13.378333333333332
ompG,7.1355,8.8174
ompL,5.157,6.9174
ompN,6.3903,7.595
ompR,8.1937,9.5905
ompT,6.7734,13.094666666666667
ompW,7.0567,9.8256
ompX,11.0295,13.361
omrA,4.2586,5.906666666666666
omrB,6.1912,8.229266666666668
oppA,8.0002,12.261
oppB,7.8915,10.7215
oppC,8.2737,10.8705
oppD,8.2943,10.966
oppF,7.9493,10.0435
orn,8.3013,10.179000000000002
osmB,8.00085,13.427
osmC,8.103575,11.840333333333335
osmE,7.2252,13.351
osmF,8.03405,9.2215
osmY,8.88375,13.53433333333333
otsA,4.3705,9.627833333333333
otsB,7.79,12.111666666666665
oxc,7.276999999999999,8.3446
oxyR,8.080066666666667,10.108
oxyS,5.4138,8.6164
paaA,6.3196,7.8184
paaB,6.2499,7.6535
paaC,7.3006,8.5483
paaD,7.3922,9.2158
paaE,7.0146,8.599
paaF,6.5758,7.776933333333332
paaG,6.7544,8.0667
paaH,6.1443,7.5433
paaI,5.8069,7.2102
paaJ,7.41465,9.0034
paaK,6.5332,7.8584
paaX,7.1299,8.1722
paaY,7.1,8.6806
pabA,7.8962,8.9067
pabB,7.88165,9.052266666666666
pabC,7.6921,10.993
pagB,8.664,10.1285
pagP,7.265533333333333,8.129433333333333
pal,8.295,12.125333333333336
panB,8.2819,10.468333333333332
panC,8.0023,9.5654
panD,8.4615,10.6025
panE,8.64575,9.8178
panF,7.6572,8.6578
parC,8.710650000000001,10.2
parE,7.9174,9.89855
pauD,4.6906,7.6985
pawZ,5.607,8.7668
pbl,4.2792,7.0497999999999985
pbpC,8.5597,9.230766666666668
pbpG,8.2756,9.374225
pck,9.316,12.028
pcm,8.494,10.2089
pcnB,8.90895,11.082
pdhR,6.3781,9.30105
pdxA,7.8517,9.8926
pdxB,6.6236,9.3306
pdxH,8.0999,9.68475
pdxJ,8.1054,10.144333333333334
pdxK,7.5671,9.023766666666667
pdxY,9.0658,9.57515
peaD,7.395499999999998,9.3324
pepA,8.5205,10.434333333333333
pepB,8.8276,10.540500000000002
pepD,8.3111,10.4195
pepE,7.3896,9.5315
pepN,8.7766,10.01625
pepP,8.8909,10.6625
pepQ,7.9812,11.826
pepT,7.81415,9.63925
perR,6.9992,8.54775
pfkA,9.7395,11.0515
pfkB,8.8498,11.1475
pflA,7.9136,10.268
pflB,8.2386,11.4525
pflC,8.3506,8.939
pflD,6.5964,7.4799
pgaA,5.8685,7.479
pgaB,5.0209,6.1779
pgaC,7.0693,8.1768
pgaD,7.1145999999999985,8.3712
pgi,7.4789,11.192
pgk,9.6483,12.822
pgl,7.5935,10.550666666666668
pgm,8.1415,9.7822
pgpA,8.3056,9.14065
pgpB,8.604466666666665,9.51195
pgsA,7.583233333333332,9.262225
pheA,7.1731,9.285633333333333
pheL,4.6708,7.553933333333332
pheM,6.0055,9.0013
pheP,7.2299,8.4119
pheS,8.211,11.1465
pheT,10.37,12.2985
phnC,7.2101,8.454033333333333
phnD,7.4018,8.6561
phnE,7.5319,8.543833333333334
phnF,6.5814,8.308033333333332
phnG,8.011000000000001,9.734633333333337
phnH,7.5223,9.293266666666666
phnI,7.8977,9.411166666666666
phnJ,8.2118,10.060066666666666
phnK,8.1042,8.931833333333334
phnL,7.189,8.771433333333333
phnM,7.7953,8.8382
phnN,7.1532,8.38805
phnO,7.6317,8.79615
phnP,7.1821,8.2181
phoA,7.5366,9.7433
phoB,7.4376,9.743
phoE,6.36,7.7089
phoH,6.3547,8.483399999999998
phoP,9.5925,11.6835
phoQ,7.563366666666668,9.9067
phoR,6.549,7.6736
phoU,7.0908,8.6845
php,5.9689,7.046099999999999
phr,8.4283,9.27765
pinE,7.5656,9.0075
pinH,5.6556,8.2559
pitA,8.1639,10.771
pitB,6.8516,7.818266666666666
pldA,7.8142,9.4538
pldB,8.3797,9.9518
plsB,8.1262,9.4496
plsC,8.0245,9.621849999999998
plsX,6.7947,11.01
pmbA,8.256,9.75915
pmrD,8.178466666666667,10.421
pncA,7.6932,10.01165
pncB,8.1218,9.7387
pnp,8.8655,12.089
pntA,8.2395,12.079666666666668
pntB,8.33895,10.973666666666665
pnuC,7.4918,9.563866666666668
polA,8.282,9.97125
polB,7.0193,8.9914
potA,7.36275,10.785
potB,6.529,9.23455
potC,8.2448,11.018
potD,8.6497,11.468
potE,5.9110000000000005,7.8769
potF,7.9472,10.277333333333333
potG,6.9979,8.591366666666667
potH,7.5482,8.3665
potI,7.7299,8.8587
poxA,7.436533333333332,9.263
poxB,7.7084,12.939666666666668
ppa,8.4105,11.7625
ppc,7.9075,11.194666666666665
ppdA,6.67075,7.792425
ppdB,8.0257,9.1113
ppdC,7.486599999999998,8.886600000000003
ppdD,6.6253,8.231266666666665
pphA,7.3675,8.7478
pphB,6.2383500000000005,7.5036
ppiA,8.4379,10.162200000000002
ppiB,8.9338,12.052
ppiC,7.8818,11.474
ppiD,8.5618,10.2135
ppk,6.9141,9.68015
pppA,7.62115,10.229
pps,7.9567,11.358
pptA,6.165,7.7756
ppx,7.8919,9.398166666666668
pqiA,7.1184666666666665,8.937850000000003
pqiB,7.737999999999999,9.64105
pqqL,6.0709,7.264799999999998
prc,7.575133333333333,10.146
prfA,8.5349,9.6427
prfB,7.9342,11.9735
prfC,7.54545,10.625
prfH,6.72785,7.9686
priA,7.6224,8.434066666666666
priB,7.532,13.202
priC,9.0876,9.8726
prkB,8.2058,9.4734
prlC,7.6796,9.3093
prmA,8.082,9.20595
prmB,7.8843,10.461666666666666
prmC,7.471666666666668,8.6614
proA,6.8089,8.65935
proB,8.124,11.179
proC,8.1689,9.614266666666666
proK,7.0269,9.5486
proL,7.1110000000000015,9.8118
proM,7.103533333333334,10.8525
proP,8.1944,12.552
proQ,8.1363,11.884
proS,9.44195,10.6455
proV,6.9061,11.99
proW,7.5489,11.406
proX,8.0724,10.76
proY,7.8449,9.1413
prpB,7.7519,8.8501
prpC,7.4163999999999985,8.772833333333333
prpD,6.6675,8.6093
prpE,7.8009,8.9693
prpR,6.9642,8.2705
prs,7.4272,11.16
psd,8.9655,10.638
psiE,6.9533,8.071066666666667
psiF,7.25495,9.7341
pspA,7.83585,11.778
pspB,8.549399999999999,12.962
pspC,7.60065,11.195
pspD,8.11435,11.184
pspE,7.845333333333333,10.945
pspF,7.3979,8.8065
pspG,8.44165,10.619000000000002
psrD,8.6186,12.106
psrN,7.2326,8.81
psrO,5.8299,7.29055
pssA,8.5157,10.265
pstA,8.4222,11.206
pstB,9.2429,11.325
pstC,7.750199999999999,11.584
pstS,8.4253,12.019
psuG,7.5059,8.3763
psuK,7.7294,8.69665
psuT,8.189233333333332,9.325166666666666
pta,8.2616,10.5685
pth,8.1734,10.47175
ptrA,8.3937,9.43935
ptrB,5.8264,7.102766666666668
ptsA,6.5559,7.9897
ptsG,8.572033333333335,11.669666666666664
ptsH,10.003,12.9955
ptsI,11.306,12.785666666666666
ptsN,8.4376,11.004
ptsP,7.6305,9.17455
purA,8.2323,11.336
purB,7.9858,9.9182
purC,8.71635,11.595999999999998
purD,8.4916,9.738866666666668
purE,7.8246,10.356666666666667
purF,7.8429,10.060666666666668
purH,7.928,10.808
purK,8.2056,10.334000000000001
purL,7.11685,9.5206
purM,7.512,10.737333333333334
purN,8.6279,10.425333333333333
purR,7.72715,10.361
purT,7.33915,10.581666666666667
purU,7.744199999999998,10.315
putA,8.28385,9.716625
putP,8.4124,9.850625
puuA,8.2219,10.413
puuB,7.61495,9.541433333333334
puuC,7.433899999999999,9.7256
puuD,7.7139999999999995,10.991
puuE,8.0599,8.887266666666667
puuP,7.0498,8.4512
puuR,7.8757,10.956
pykA,7.859,10.5555
pykF,8.5955,11.1345
pyrB,8.0484,13.603333333333332
pyrC,7.56305,11.273
pyrD,7.526700000000001,10.026833333333334
pyrE,7.668400000000001,8.7321
pyrF,7.2929,10.26
pyrG,10.045,11.573
pyrH,7.8724,11.75675
pyrI,7.4594,12.836666666666668
pyrL,5.33285,9.649
qmcA,7.879,9.91195
qor,8.2898,10.9425
qseB,8.2001,8.785
qseC,8.4364,9.433366666666666
queA,8.2357,11.05
queC,8.484,9.4624
queF,7.8139,8.9703
quuD,6.7077333333333335,7.295749999999999
quuQ,7.051,8.47505
racC,5.1912,6.3872
racR,8.181125,9.4733
radA,9.4339,10.103000000000002
raiA,7.8334,13.799
rarA,7.6088,9.1006
rarD,7.653650000000002,9.2291
ravA,7.6763,9.7501
rbbA,7.1837,8.8107
rbfA,6.3992,11.573
rbn,7.9466,9.3432
rbsA,6.4077,9.2577
rbsB,8.9857,12.505999999999998
rbsC,6.5283,10.19
rbsD,8.0514,12.216
rbsK,8.330300000000001,10.897
rbsR,7.7982,9.2672
rcnA,7.013400000000002,8.3442
rcnR,9.145166666666666,11.071
rcsA,5.3699,8.5798
rcsB,9.019266666666667,10.347000000000001
rcsC,7.463733333333334,8.4071
rcsD,7.926,10.89875
rcsF,8.8361,11.245
rdgB,8.5613,10.132
rdgC,8.99855,10.267000000000001
rdlA,6.9081,10.137
rdlD,7.2959999999999985,8.7777
rdoA,8.7629,11.35
recA,8.899266666666668,13.475
recB,7.5424,8.600200000000001
recC,7.3497,8.6445
recD,7.6153,8.6159
recE,6.8309,8.3137
recF,7.185,10.272
recG,7.9757,8.8708
recJ,7.7352,9.5751
recN,7.4933999999999985,11.258
recO,7.4204,9.2502
recQ,8.2115,9.2545
recR,8.4256,10.6
recT,7.520366666666668,8.1803
recX,7.27285,10.536
relA,8.3116,9.67175
relB,8.02675,11.798
relE,7.57815,11.462
rem,7.3443,9.327
renD,7.4185,8.59
rep,8.307233333333333,10.127
rfaB,6.4295,9.46095
rfaC,7.9491,10.914
rfaD,9.2831,12.584
rfaE,7.272,9.3417
rfaF,8.2318,11.508
rfaG,7.6739,10.421
rfaH,7.531066666666668,9.8192
rfaI,6.569,9.50595
rfaJ,6.045299999999999,9.4502
rfaL,6.4756,10.079
rfaP,6.651633333333334,9.4954
rfaQ,7.8749,10.789
rfaS,5.8326666666666656,8.2467
rfaY,6.897633333333334,10.04855
rfaZ,5.5639,8.43425
rfbA,7.8131666666666675,11.659
rfbB,7.0653,10.9625
rfbC,5.891633333333334,10.17505
rfbD,7.0666,10.815624999999995
rfbX,6.940166666666666,10.357000000000001
rfc,5.5025666666666675,9.41425
rfe,7.3455,9.80435
rffA,7.6247,9.2972
rffC,7.3594,9.1895
rffD,8.504,10.354
rffE,7.7328,10.5895
rffG,8.4276,10.3125
rffH,8.5232,10.158
rffM,7.8138,8.8122
rhaA,7.2531,8.330649999999999
rhaB,7.3328,8.688433333333334
rhaD,7.1166,8.4418
rhaM,6.1578,7.7755
rhaR,6.5807,8.709233333333335
rhaS,6.5812,8.0253
rhaT,6.763,8.0702
rhlB,8.7758,11.972
rhlE,7.4762,10.194
rho,8.8721,11.204
rhsA,5.9547,7.1728000000000005
rhsB,5.888533333333334,6.8916
rhsC,6.5814,8.021799999999999
rhsD,5.5708,6.7835
rhsE,6.094333333333334,6.948
rhtA,8.13675,8.8398
rhtB,7.6726,8.9299
rhtC,7.786033333333332,9.1218
ribA,7.8744,10.082
ribB,8.8812,11.338
ribC,8.142833333333334,9.8746
ribD,8.3878,10.431
ribE,7.9787,11.245
ribF,8.1236,10.614
rihA,6.7579,10.0894
rihB,6.5826,7.378349999999998
rihC,7.7427,10.39
rimI,9.517999999999999,10.695999999999998
rimJ,9.2664,10.562666666666667
rimK,9.044866666666666,10.0021
rimL,6.9222,7.7945
rimM,8.9616,13.61
rimN,8.3999,10.099
rlmB,7.1743,8.4764
rlmF,8.30845,10.57
rlmG,8.2309,9.2851
rlmL,7.0205,9.0716
rlmN,8.27375,10.898
rlpA,8.0615,9.8107
rlpB,8.5054,10.664000000000001
rluA,7.8815,9.57835
rluB,9.54515,10.915
rluC,7.643833333333332,10.29
rluD,9.0591,10.232
rluE,7.5982,8.7258
rluF,7.4772333333333325,8.794374999999999
rmf,8.426675000000001,14.397666666666666
rmuC,8.2022,11.805
rna,7.0668,9.128075
rnb,7.6977,10.347999999999999
rnc,8.4198,10.9945
rnd,8.68485,10.18
rne,9.2453,10.5425
rng,8.2855,9.69055
rnhA,7.7251,9.4673
rnhB,8.2031,10.300999999999998
rnk,7.9954,10.018
rnlA,8.017000000000001,11.195
rnpA,8.2386,12.745
rnpB,11.786,13.784
rnr,8.8145,10.394
rnt,8.4842,9.7498
rob,8.5861,10.469
rof,8.36295,9.4811
rpe,8.0338,10.1965
rph,7.762366666666668,10.327
rpiA,8.8881,10.568
rpiB,8.423,9.1105
rpiR,7.7759,9.24035
rplA,9.002,13.6725
rplB,7.0485,13.677
rplC,7.7316,13.757
rplD,7.9731,13.951
rplE,12.175,14.025666666666664
rplF,11.885,13.758
rplI,7.4104,11.946
rplJ,10.692,13.823
rplK,9.7613,13.887
rplL,10.707,13.59
rplM,7.8596,13.671
rplN,10.005,13.948
rplO,11.4585,13.838
rplP,8.8005,13.83
rplQ,9.2774,13.380999999999998
rplR,9.8009,13.655
rplS,8.4592,12.63
rplT,7.5941,11.701
rplU,9.9511,13.6945
rplV,8.7211,14.188
rplW,7.8144,13.909
rplX,9.6063,13.667
rplY,8.4215,13.294
rpmA,7.0216,11.866
rpmB,9.0369,13.405
rpmC,6.3765,13.043
rpmD,9.3907,13.501
rpmE,9.0385,12.604
rpmF,8.1513,12.33
rpmG,8.7919,13.038
rpmH,8.107000000000001,12.845999999999998
rpmI,8.7009,12.719
rpmJ,12.7195,14.155999999999999
rpoA,9.9791,13.59
rpoB,8.9448,12.25175
rpoC,8.4245,10.5875
rpoD,9.23845,11.215
rpoE,9.6366,11.834
rpoH,8.13,10.776
rpoN,8.9031,11.069666666666668
rpoS,10.2975,12.5995
rpoZ,8.9413,12.121
rppH,8.1501,10.6835
rprA,5.5609,8.0153
rpsA,10.305,13.110999999999999
rpsB,8.2993,12.857999999999999
rpsC,8.229,13.764
rpsD,8.5077,13.0885
rpsE,10.476,13.687
rpsF,7.0633,13.220999999999998
rpsG,10.734000000000002,13.7085
rpsH,9.7714,13.825
rpsI,8.3926,12.74
rpsJ,9.5085,14.606
rpsK,10.517,13.999
rpsL,10.954,13.559500000000002
rpsM,9.6319,13.622
rpsN,9.0535,13.630999999999998
rpsO,7.2351,11.56
rpsP,7.4957,13.126
rpsQ,8.2534,13.567
rpsR,7.3691,13.203
rpsS,7.8922,13.724
rpsT,7.921900000000001,13.0055
rpsU,8.2409,13.1785
rraA,9.681933333333333,11.1435
rraB,9.0763,11.662
rrfA,12.5625,14.536
rrlA,14.044,14.753
rrmA,8.30785,9.9985
rrmJ,10.531,12.427
rrsC,14.404000000000002,14.970666666666665
rrsG,12.619000000000002,14.217666666666664
rrsH,14.0255,14.814
rsd,8.3537,10.233666666666666
rseA,10.412,12.679333333333336
rseB,7.6947,9.934766666666668
rseC,7.8735,9.2693
rseP,6.9227,10.544
rseX,4.2444,5.9698
rsgA,8.4824,10.3995
rsmB,7.3702,9.344550000000002
rsmC,7.6983,9.29
rsmD,8.5041,10.063
rsmE,8.2469,9.76365
rsmF,7.7807,8.568249999999999
rspA,5.767,8.7022
rspB,5.2254,7.3769
rssA,8.389066666666666,9.80065
rssB,7.5148,9.7761
rstA,7.361666666666667,9.5911
rstB,7.5158,8.7742
rsuA,8.1023,9.8578
rsxA,7.562099999999999,10.775
rsxB,7.690200000000001,10.511
rsxC,7.859,9.7448
rsxD,7.0096500000000015,9.01245
rsxE,8.3064,9.32935
rsxG,7.7791,9.11565
rtcA,8.2308,8.8191
rtcB,8.5223,9.1284
rtcR,7.7172,8.244200000000001
rtn,8.0052,8.674833333333334
rttR,8.19625,13.173
rumA,8.1456,9.57575
rumB,7.6975,9.5484
rusA,7.6866,8.8573
rutA,6.8188,12.612666666666668
rutB,6.4688,12.360333333333335
rutC,8.0995,12.230333333333334
rutD,6.27185,11.866333333333335
rutE,6.83555,11.366
rutF,5.26585,11.865333333333336
rutG,7.5124,10.726333333333336
rutR,7.6173,9.5837
ruvA,8.4673,10.896
ruvB,8.569566666666667,10.465
ruvC,8.89545,10.7855
rybA,7.2654,13.156
rybB,5.6746500000000015,7.5139
rydB,7.5858,10.395
rydC,6.8198,8.6575
ryeA,5.800766666666667,8.5336
ryeB,6.23235,8.1022
ryeC,6.3927,7.5542
ryeD,6.451666666666667,7.796324999999999
ryfA,7.9472,10.58
ryfB,7.546933333333333,9.3585
ryfC,4.070766666666667,6.6891
ryfD,7.6694,12.162
rygC,6.5401,11.529000000000002
rygD,9.293,13.568
ryhA,7.439233333333332,10.671
ryhB,6.8445,9.5034
ryjA,7.8645,12.916
ryjB,7.5753,9.7015
rzpD,6.597849999999998,9.0919
rzpQ,7.553133333333332,8.165574999999999
rzpR,5.8494,7.6485
sad,8.463049999999999,9.2971
sanA,6.5098,7.797999999999999
sapA,8.1869,9.65805
sapB,6.9748,8.1367
sapC,7.5828,8.789
sapD,6.7013,8.299600000000002
sapF,7.5738,9.0854
sbcB,8.3438,9.3867
sbcC,7.568,8.8921
sbcD,7.7464,8.953100000000003
sbmA,6.2978,7.6233
sbmC,8.2908,11.1
sbp,8.463550000000001,9.6248
scpA,7.9741,8.815533333333333
scpB,7.3066,8.9152
scpC,7.5747,8.2282
sdaA,7.973,10.82
sdaB,7.605,9.7271
sdaC,7.787549999999999,12.2895
sdhA,8.9223,12.564
sdhB,7.95265,11.175999999999998
sdhC,6.6128,11.959
sdhD,8.212233333333332,11.904000000000002
sdiA,6.158233333333333,9.4029
secA,7.5262,10.2335
secB,8.7909,11.869000000000002
secD,7.5931,10.128
secE,8.7889,12.492
secF,7.95255,9.826
secG,7.4417,12.1085
secM,7.4724,10.4245
secY,11.488333333333333,13.710999999999999
selA,9.1051,10.213
selB,7.0973,8.5466
selC,8.0268,9.282
selD,8.598933333333333,10.552999999999999
seqA,8.0307,10.6905
serA,8.376833333333334,12.787
serB,8.551666666666668,9.9691
serC,7.4383,11.255333333333335
serS,8.104,10.3405
serT,5.7273999999999985,8.62255
serU,10.097,11.0985
serV,9.64715,12.306333333333333
setA,8.322000000000001,9.4545
setB,7.45565,8.043825
setC,6.7398,8.578700000000001
sfmA,5.7159,7.274
sfmC,4.6229,6.2771
sfmD,5.5306,6.9569
sfmF,6.7317,8.7455
sfmH,7.049950000000001,8.5282
sfsA,8.1149,11.537
sfsB,7.4388,8.5742
sgbE,7.9496,9.4906
sgbH,7.2386,8.329966666666666
sgbU,6.6239,8.0195
sgcA,7.5002,9.035466666666666
sgcB,5.353,9.1562
sgcC,7.4357,10.083
sgcE,7.0221,7.89295
sgcQ,7.1891,8.4511
sgcR,6.1281,7.6068
sgcX,7.1484,9.7271
sgrR,7.4335,8.9675
sgrS,7.3318,8.81
shiA,6.5524,8.045333333333334
sieB,4.8042,6.8618
sirA,8.4311,10.738
sixA,8.042449999999999,10.666
skp,9.6352,12.259666666666664
slmA,8.4026,11.057
slp,6.6163,12.5015
slt,7.9672,8.8675
slyA,8.2626,10.231000000000002
slyB,11.388,12.429
slyD,8.9035,11.464
slyX,8.291933333333333,10.375
smf,8.2534,9.0493
smg,9.3245,11.361
smpA,7.3661,10.355
smpB,7.8691,11.121
smtA,8.949766666666667,10.6015
sodA,8.12245,13.805
sodB,8.9601,13.519000000000002
sodC,7.6625,10.661
sohA,8.6472,10.753
sohB,8.8318,9.91155
sokA,3.8417666666666666,6.1585
sokB,5.27325,8.3488
solA,7.3849,8.470766666666666
soxR,7.699400000000002,9.3208
soxS,7.262233333333333,13.159
speA,8.5698,10.31475
speB,8.999333333333334,10.6945
speC,7.9034,9.0546
speD,7.0779,10.579
speE,7.5823,10.9695
speF,6.41,7.85275
speG,7.553666666666667,10.285
spf,5.296099999999999,11.690333333333333
spoT,8.4073,10.842
sppA,7.6055,8.572899999999999
spr,7.894233333333332,11.743
spy,8.84205,10.232666666666667
sra,8.085575,13.754666666666667
srlA,8.2252,12.0605
srlB,7.1666,10.872975
srlD,7.3289,11.5155
srlE,7.2473,10.598125
srlR,8.0373,10.16155
srmB,7.4046,10.4625
sroB,4.9295,7.0828
ssb,9.3499,11.13
sscR,7.7264,9.792
sseA,8.8139,10.412
sseB,7.9788,10.1262
ssnA,6.5609,12.848499999999998
sspA,8.6441,11.452
sspB,9.1544,11.297
ssrA,13.546,14.439
ssrS,10.214,14.458
sstT,7.657249999999999,9.3058
ssuA,5.901,6.9948000000000015
ssuB,7.597,8.5827
ssuC,7.8209,9.133
ssuD,7.1811,8.368633333333333
ssuE,7.4325,8.5129
stfE,5.9891,8.5341
stfR,6.6611,8.3033
sthA,8.17,11.277
stpA,7.7801,12.1725
sucA,7.6233,12.107
sucB,8.6574,12.821
sucC,9.1394,12.973666666666668
sucD,7.8238,11.523
sufA,7.56285,10.927
sufB,6.5901,11.265333333333333
sufC,7.0803,10.771999999999998
sufD,7.4791,11.2665
sufE,7.842,10.641333333333334
sufS,6.9154,10.439
sugE,7.715566666666668,9.0443
suhB,7.6782,9.1194
sulA,8.33785,12.521
surA,8.6976,10.942
surE,7.7469,10.1465
sxy,7.661066666666668,8.6027
syd,7.9111,9.2298
symE,7.952949999999999,8.7505
symR,7.6578,9.84075
tadA,8.7792,10.615
tag,8.6151,9.038033333333333
talA,7.2861,13.064
talB,9.1627,12.5285
tam,7.755,10.5095
tap,8.1146,11.4115
tar,8.12995,13.168
tas,8.6386,9.800366666666667
tatA,7.1403,10.959
tatB,7.9712,11.556
tatC,8.02585,10.876
tatD,7.85235,9.9364
tatE,7.754,9.7116
tauA,7.5953,8.410675000000001
tauB,7.6385,8.6005
tauC,7.8906,8.710875
tauD,7.5525,8.2604
tbpA,7.9931,9.832833333333333
tdcA,6.1909,8.0334
tdcB,6.2392,8.705350000000001
tdcC,6.7138,8.8161
tdcD,7.1187,9.161475
tdcE,7.6957,8.92615
tdcF,7.1342,8.8839
tdcG,6.7216,7.95945
tdcR,3.9592,6.2343
tdh,8.0959,11.366
tdk,6.438066666666668,9.383
tehA,7.885833333333332,9.5923
tehB,7.4148,8.993733333333333
tesA,8.1182,9.9228
tesB,7.6026500000000015,8.48225
tfaD,6.1593,8.5001
tfaE,6.223,8.0833
tfaS,9.05865,9.9343
tfaX,5.2819,7.321666666666666
tff,6.4737,12.489
tgt,7.5319,10.915
thiC,6.87915,11.281666666666665
thiD,7.60905,9.549533333333333
thiE,7.2353,10.665666666666667
thiF,7.0543,10.332999999999998
thiG,8.2949,10.803000000000004
thiH,7.0007,10.579666666666666
thiI,8.334,10.07925
thiK,9.5244,10.63625
thiL,7.6077,8.93425
thiM,8.4311,10.681333333333336
thiP,7.43555,8.84
thiQ,7.6565,8.7485
thiS,8.1969,12.4
thrA,8.664966666666666,12.069
thrB,7.754,11.330666666666668
thrC,8.512699999999999,11.470333333333334
thrL,5.8932,11.851
thrS,8.9587,11.941
thrT,7.9081,13.333
thrU,10.036,13.9635
thrV,8.6836,11.504
thrW,8.3558,12.4875
thyA,8.5494,10.491500000000002
tig,7.3835,11.860999999999999
tilS,7.6789,8.725750000000001
tisB,5.620733333333334,12.033
tktA,8.6316,11.026
tktB,7.9072,12.382666666666665
tldD,8.6168,9.87485
tmk,8.2379,9.9128
tnaA,7.0908000000000015,14.0075
tnaB,6.6821,10.7735
tnaC,6.721,14.227
tolA,7.9232,10.081
tolB,8.3479,11.0995
tolC,7.6689,9.9437
tolQ,8.287,10.03335
tolR,7.68,10.276
tomB,7.8833,11.097
tonB,7.978199999999998,10.048
topA,7.72425,9.8589
topB,8.153733333333333,9.294325
torA,7.9761,9.6397
torC,6.5867,8.998
torD,7.30605,8.5425
torI,6.5833,8.8001
torR,7.5845,8.8661
torS,7.074249999999998,8.6463
torT,7.47645,8.533
torY,7.0586,8.3183
torZ,7.4514,8.5953
tpiA,8.6252,10.708
tppB,8.307733333333333,10.5875
tpx,9.6845,11.981
tqsA,6.890533333333334,8.1555
treA,8.3626,9.8209
treB,8.140966666666666,13.57225
treC,7.4801,11.803
treF,8.3234,10.220333333333334
treR,8.0566,8.50965
trg,8.410499999999999,10.431
trkA,7.3233,8.76165
trkG,5.402100000000001,6.5944
trkH,8.7669,10.797
trmA,8.3794,10.388
trmD,8.6774,13.681
trmH,8.3956,10.615
trmI,8.142900000000001,11.12
trmJ,8.920133333333334,11.26
trpA,8.2425,11.158666666666667
trpB,8.01885,11.383333333333333
trpC,7.7353,10.796666666666667
trpD,7.97615,11.113333333333335
trpE,7.438,10.092866666666668
trpL,7.4261,10.293666666666667
trpR,8.3589,10.0183
trpS,7.6514,9.81075
trpT,6.9133499999999986,9.8559
truA,9.2396,10.697
truB,7.3976,11.606
truC,7.7203,9.044575
truD,8.6363,10.759
trxA,10.018,12.877
trxB,8.437000000000001,10.978
trxC,7.643233333333334,9.919
tsf,7.8252,12.303249999999998
tsgA,6.7387500000000005,9.1797
tsr,8.6464,11.045
tsx,8.398933333333334,11.28425
ttcA,7.2819,10.248
ttcC,5.70955,9.2065
ttdA,7.7789,8.7411
ttdB,7.3584,8.327
ttdR,7.50645,8.3923
ttdT,7.998133333333333,9.08
tus,7.4873,8.1924
tynA,6.3168500000000005,7.7437
typA,8.3301,11.549
tyrA,7.6766,9.4736
tyrB,7.7017,9.9338
tyrP,7.3289,10.113
tyrR,8.5161,9.4427
tyrS,8.414,10.3355
tyrU,8.9516,13.249
ubiA,7.867133333333333,9.5566
ubiB,7.961066666666666,11.361
ubiC,8.623733333333334,10.78225
ubiD,8.452499999999999,11.394
ubiE,7.7634,11.681
ubiF,8.4059,9.77615
ubiG,9.18985,10.723
ubiH,7.526,9.15505
ubiX,7.3497,8.2413
ucpA,8.868633333333333,10.505999999999998
udk,7.2585,9.4569
udp,8.0529,11.6675
ugd,7.3929,8.8002
ugpA,7.2373,8.8251
ugpB,7.4518,9.5563
ugpC,8.0673,9.3764
ugpE,7.4341,8.8972
ugpQ,8.81105,9.5411
uhpA,9.04,10.069
uhpB,7.6372,8.9176
uhpC,8.5851,9.6661
uhpT,7.661,9.1519
uidA,7.3923,8.58685
uidB,6.3141,7.549849999999998
uidC,7.086833333333334,8.6579
uidR,8.168433333333333,9.2673
ulaA,6.4768,7.50055
ulaB,8.0789,9.3315
ulaC,7.5178,8.599
ulaD,7.8714,8.3399
ulaE,8.094249999999999,8.7247
ulaF,7.955333333333333,8.695066666666667
ulaG,7.1015,7.9449
ulaR,7.4709,8.806550000000003
umuC,7.0794,9.3822
umuD,7.449966666666667,10.276
ung,7.8578,9.317125
uof,8.0989,11.355999999999998
upp,7.6125,11.437666666666667
uraA,7.96305,10.123633333333332
usg,7.920866666666666,10.775
ushA,8.9496,10.296
uspA,10.502,12.9725
uspB,7.3602,11.905
uspC,4.698,8.1858
uspD,7.9245,10.628
uspE,5.6522,12.2845
uspF,7.923166666666668,12.7125
uspG,8.5714,12.4665
uup,7.856566666666667,9.971699999999998
uvrA,8.2636,9.8337
uvrB,9.189699999999998,10.606
uvrC,8.1568,9.449533333333333
uvrD,8.2617,10.131
uvrY,8.5566,10.368000000000002
uxaA,8.1873,8.7371
uxaB,7.2537,8.4119
uxaC,8.273399999999999,10.3205
uxuA,8.459733333333332,11.309
uxuB,8.4735,10.321
uxuR,8.2862,9.7564
vacJ,8.8891,11.1255
valS,9.47435,11.402
valV,6.5375,10.832
valW,4.9591,8.6741
ves,7.9527,10.111
viaA,7.8514,9.2138
visC,8.478233333333334,9.6652
vsr,8.5986,9.06835
waaA,8.7059,10.101
waaU,5.647633333333334,8.6153
wbbI,6.157299999999998,10.7445
wbbJ,6.462433333333332,10.9175
wbbK,7.107033333333334,11.48725
wbbL,6.7145,11.05475
wcaA,7.8243,9.653
wcaB,6.65465,7.502299999999999
wcaC,7.76255,8.815233333333332
wcaD,5.7188,7.737999999999999
wcaE,5.7566000000000015,6.7748
wcaF,7.0372666666666674,8.2836
wcaI,7.457999999999998,8.311475
wcaJ,7.202000000000001,8.077425
wcaK,7.1179999999999986,7.94325
wcaL,8.35125,9.7032
wcaM,5.7234,6.7573
wecH,6.554266666666668,7.81245
wrbA,7.6888,13.608999999999998
wza,6.72865,8.303966666666668
wzb,6.6755499999999985,8.068566666666667
wzc,7.0697,8.3683
wzxC,7.3429,8.3982
wzxE,7.622966666666668,9.0752
wzyE,7.492633333333332,9.2323
wzzE,8.3733,10.456
xapA,6.2684,7.4635
xapB,6.3711,7.1773
xapR,7.0882,9.1577
xdhA,7.1941,13.564
xdhB,6.7932,12.36
xdhC,7.024,12.3375
xdhD,6.5296,12.0765
xerC,8.3126,10.693
xerD,8.9767,11.026
xisE,5.25,10.212
xseA,6.9725,8.952333333333334
xseB,9.430333333333332,11.209000000000001
xthA,8.17605,9.62375
xylA,7.91325,10.133
xylB,6.7799,8.1089
xylE,7.6218,8.9399
xylF,7.0446333333333335,9.0446
xylG,7.0089,8.2678
xylH,7.5168,8.015450000000001
xylR,6.5347,7.255075
yaaA,7.337766666666668,9.26725
yaaH,8.0585,9.5241
yaaI,6.4387,8.0452
yaaJ,6.6406,8.328
yaaU,6.7214,8.3587
yaaW,7.7392,8.4826
yaaX,7.8385,9.3591
yaaY,5.5563,7.3892
yabI,8.4569,10.305
yabP,7.400099999999999,9.465599999999998
yacC,7.8904,9.30895
yacF,7.9268,9.6459
yacG,7.801633333333332,9.46705
yacH,6.2922,8.390466666666667
yacL,9.5835,10.83
yadB,7.4906,8.648525
yadC,6.1011,8.7735
yadD,7.3845,8.782
yadE,6.1083,6.996
yadG,7.796,9.0979
yadH,7.6376,9.0379
yadI,6.7607333333333335,7.539099999999999
yadK,5.892,7.5673
yadL,6.2344,7.1769
yadM,6.5652,7.05815
yadN,5.9324,7.709933333333335
yadS,7.9912,8.9015
yaeB,7.693,9.18205
yaeF,6.506866666666667,7.9278
yaeH,7.2672,9.0029
yaeI,8.2881,9.6704
yaeJ,9.3187,10.1295
yaeP,9.137533333333334,10.262
yaeQ,8.6224,9.8177
yaeR,8.0296,10.383500000000002
yafC,6.7156,8.27515
yafD,7.5094,9.18225
yafE,6.4957,8.37265
yafJ,8.2646,9.3433
yafK,8.1581,10.286
yafL,6.239,7.860099999999999
yafM,6.3839,8.05785
yafN,6.415533333333332,8.6758
yafO,6.8822,8.1698
yafP,7.783966666666667,9.239
yafQ,6.8508,8.4771
yafS,6.5059,7.45735
yafT,6.5444499999999985,7.7629
yafU,4.8321,6.32985
yafV,7.7238,9.3414
yafW,7.7981,9.8696
yafX,7.3316,8.3295
yafY,6.758166666666668,9.5701
yafZ,6.86775,8.2316
yagA,7.7457,9.43975
yagB,7.2003,8.086933333333333
yagE,6.7752,9.13245
yagF,7.1101,8.98645
yagG,7.4993,8.758949999999999
yagH,7.6111,8.62995
yagI,7.1407,9.578
yagJ,6.442,7.94725
yagK,6.7666,7.747999999999998
yagL,5.757199999999999,6.4114
yagM,5.062333333333334,5.695
yagN,8.230766666666666,9.8525
yagP,6.6671999999999985,8.7589
yagQ,7.70775,8.769999999999998
yagR,6.99025,8.288433333333332
yagS,7.4677,8.9215
yagT,7.1003,8.0973
yagU,6.443266666666666,10.003
yagV,6.9894,7.5039
yagW,8.2248,9.7157
yagX,6.9174,7.662000000000001
yahA,7.9609,12.23
yahB,7.33875,8.5195
yahC,8.0199,8.774650000000001
yahD,7.9736,8.8194
yahE,7.9722,8.90315
yahF,7.95545,9.1696
yahG,7.8337,9.05815
yahI,8.172766666666666,9.4144
yahJ,7.4514,8.3538
yahK,7.4592,10.360333333333337
yahL,5.771033333333333,6.773
yahM,5.9216,8.2518
yahN,6.917466666666668,8.7512
yahO,6.571475,10.638
yaiA,8.380225,9.994366666666666
yaiE,8.94265,10.8555
yaiI,7.2266,8.736225000000001
yaiL,8.8524,9.889675
yaiO,7.594266666666668,9.5381
yaiP,6.705933333333332,8.1592
yaiS,5.986000000000001,7.4875
yaiT,6.1176,7.9976
yaiV,5.5639666666666665,6.9132
yaiW,7.4044,8.56225
yaiX,7.8857,8.9628
yaiY,7.2059,8.3461
yaiZ,7.3766,9.8271
yajC,7.4846,11.8005
yajD,7.9934,9.4232
yajG,8.5229,11.0025
yajI,6.5963,7.7868
yajL,7.2077,8.6243
yajO,7.8688,10.275
yajQ,9.675833333333333,11.377
yajR,8.1857,8.9265
ybaA,7.86775,9.7167
ybaB,8.1153,11.140999999999998
ybaE,7.3318,8.8585
ybaK,8.4876,9.6374
ybaL,9.267733333333334,10.088
ybaM,7.6592,9.147525
ybaN,7.5175,9.7301
ybaO,7.8401999999999985,8.95225
ybaP,8.0649,8.9416
ybaQ,7.6885,9.397766666666667
ybaS,7.978,13.41
ybaT,7.6254,12.724
ybaV,8.147833333333333,9.1308
ybaW,7.71425,9.5487
ybaY,7.6344,10.821
ybaZ,7.28665,8.791699999999999
ybbA,8.2043,9.1559
ybbB,8.1154,9.08215
ybbC,5.1114,7.5048
ybbD,6.9516333333333336,8.5266
ybbJ,8.87895,10.26
ybbL,6.4625,8.143675
ybbM,7.4929,8.446
ybbN,8.7099,11.720999999999998
ybbO,8.4067,9.656633333333332
ybbP,7.8981,9.277
ybbW,6.844849999999999,7.4925
ybbY,6.1294,7.108825
ybcF,7.9256,8.72455
ybcH,6.4771,7.9961
ybcI,7.4620000000000015,8.5713
ybcJ,8.4956,9.289675
ybcK,4.567866666666667,5.5630500000000005
ybcL,6.1525,7.10405
ybcM,6.4483,7.7059
ybcN,6.4083,7.432933333333334
ybcO,8.57695,10.407
ybcV,4.5777,6.3512
ybcW,6.706633333333333,9.3312
ybcY,5.336200000000002,7.1946
ybdB,8.5293,9.9362
ybdD,8.47975,11.332
ybdF,7.720133333333332,9.16165
ybdG,5.8625,7.1923499999999985
ybdH,8.054,10.034
ybdJ,6.5304,8.1708
ybdK,6.5014,8.699200000000001
ybdL,6.9,7.811866666666668
ybdM,7.3272,8.6746
ybdN,5.7191,7.2559
ybdO,3.9271,5.809866666666667
ybdR,7.2953,8.32175
ybdZ,6.7425,8.7645
ybeA,9.0734,11.503
ybeB,8.44425,11.598
ybeD,8.4065,12.589
ybeF,6.2644,7.4165
ybeL,8.2275,12.524
ybeM,8.04635,9.1109
ybeQ,6.3173499999999985,7.6263
ybeR,5.74605,6.7082
ybeT,6.2126,7.3207
ybeU,6.98005,7.9044
ybeX,8.0961,10.439333333333332
ybeY,8.2828,10.3575
ybeZ,7.8902,10.975333333333333
ybfA,7.8993,9.7534
ybfB,5.072733333333333,6.1273
ybfC,6.4849,6.935224999999999
ybfE,8.2695,10.706
ybfF,6.7989999999999995,8.3504
ybfG,7.1636,8.5974
ybfI,6.6218666666666675,9.08515
ybfK,4.9509,7.3135
ybfL,3.6952,6.4589
ybfM,6.9333,7.9987
ybfN,6.9069,7.7711
ybfO,6.9029333333333325,8.3664
ybfP,6.4636,8.1998
ybfQ,6.1738,8.0264
ybgA,6.795,9.81095
ybgC,8.2624,10.5354
ybgD,6.6536,8.02635
ybgE,7.7078,10.3675
ybgF,9.526,11.832999999999998
ybgH,7.1723,7.79145
ybgI,8.5517,10.473666666666668
ybgJ,6.8803,9.053566666666667
ybgK,7.8349,9.404466666666666
ybgL,8.5181,9.6226
ybgO,5.6618499999999985,7.2033
ybgP,6.4574,7.888166666666668
ybgQ,6.9008,7.979025
ybgS,7.1129,12.786333333333333
ybgT,7.6224,10.6985
ybhA,8.6836,9.45975
ybhB,7.0736,9.832299999999998
ybhC,7.6565,10.452750000000002
ybhD,6.4282,7.8643
ybhF,7.7952,9.501
ybhG,8.49,10.887
ybhH,5.7031,7.204
ybhI,6.4901,7.8315
ybhJ,7.0932,7.994349999999999
ybhK,8.214466666666667,9.2149
ybhL,8.743075000000001,12.175999999999998
ybhM,6.396333333333334,8.0479
ybhN,6.3800500000000016,7.8479
ybhO,7.0163,9.54265
ybhP,7.4135,9.58165
ybhQ,8.09095,10.985
ybhR,7.3045,8.3244
ybhS,7.9052,8.980550000000003
ybhT,7.997933333333332,8.972249999999997
ybhU,3.7942,4.7039
ybiA,7.00305,7.93085
ybiB,8.4935,9.90845
ybiC,8.93515,10.990333333333336
ybiH,7.12645,8.99875
ybiI,6.7238,9.6534
ybiJ,7.6993,10.501
ybiO,7.418150000000002,8.2854
ybiP,6.4899,7.6386
ybiR,7.77005,9.2477
ybiS,8.1084,10.322000000000001
ybiT,8.820900000000002,10.373
ybiU,7.0496,8.2101
ybiV,7.7149,9.3857
ybiW,8.1535,9.0822
ybiX,6.7669,8.9052
ybiY,6.388,8.6577
ybjC,8.5145,10.64275
ybjD,7.9752,8.653400000000001
ybjE,6.64155,7.5975
ybjG,8.7149,11.279000000000002
ybjH,7.93295,8.9231
ybjI,7.1084,8.314366666666666
ybjJ,7.7715,8.79005
ybjK,6.9187,8.6632
ybjL,7.8619,8.808666666666667
ybjM,7.1232,8.1104
ybjN,7.2682,9.88965
ybjO,7.3378,8.6426
ybjP,8.0353,12.732000000000001
ybjQ,9.3915,11.5925
ybjS,6.9282,8.24385
ybjT,8.0739,9.1865
ybjX,8.360666666666667,11.84
ycaC,6.9925,10.502
ycaD,8.2813,9.5115
ycaI,7.107,8.10295
ycaK,6.1594,7.496925
ycaL,6.914,7.476866666666666
ycaM,6.0671,7.1107000000000005
ycaN,6.5034,7.7001
ycaO,6.911966666666667,8.6175
ycaP,7.939,9.6814
ycaQ,7.0347,8.0179
ycaR,10.283,11.785
ycbB,8.3177,10.0425
ycbC,8.0388,9.0391
ycbF,7.1496,7.821866666666668
ycbG,8.5205,9.9606
ycbJ,7.2957,9.568
ycbK,8.613,11.185
ycbL,8.2156,10.294
ycbQ,6.569633333333332,7.3845
ycbR,5.9029500000000015,6.869875
ycbS,7.177233333333334,7.66525
ycbT,7.0573,7.9243
ycbU,6.78235,7.722433333333332
ycbV,7.3747500000000015,8.3626
ycbW,7.65185,11.152
ycbX,8.1476,8.789966666666666
ycbZ,8.1938,9.9396
yccA,10.267333333333333,11.79
yccB,7.934899999999999,11.3125
yccE,5.929333333333332,6.8032
yccF,7.143299999999999,9.5457
yccJ,7.5362,13.367
yccK,7.5617,9.4529
yccM,6.7621,7.64525
yccS,6.4912,7.8822
yccT,7.42555,9.6351
yccU,7.9981,10.131
yccW,7.77905,10.2
yccX,8.3321,9.64945
ycdT,7.2936,9.3994
ycdU,6.1433333333333335,7.6898
ycdX,7.7106,9.829833333333337
ycdY,7.8196,9.603575
ycdZ,7.360633333333332,10.231
yceA,8.00105,10.4275
yceB,8.0456,9.4122
yceD,8.5638,13.005999999999998
yceF,7.01335,8.798333333333334
yceG,7.3173,9.5555
yceH,9.3204,10.507333333333333
yceI,6.3084,8.606366666666666
yceJ,7.3662,8.1014
yceK,7.25575,10.03
yceM,7.9405,8.935866666666668
yceN,8.31885,9.2691
yceO,3.9866,4.95985
yceQ,5.6563,7.0856
ycfD,9.1809,10.072
ycfH,7.3245,10.437000000000001
ycfJ,7.5452,8.2864
ycfK,5.8353,7.4028
ycfL,7.2829,10.181466666666667
ycfM,8.7319,10.518333333333336
ycfP,8.8324,11.112000000000002
ycfQ,8.2863,9.9597
ycfS,6.852,9.161925
ycfT,6.287466666666668,9.5854
ycfZ,5.8931,7.1147
ycgB,6.3249,10.533
ycgE,7.7198,9.8486
ycgF,6.0126,7.52
ycgG,5.0048,6.7265
ycgH,6.325749999999998,7.1287
ycgI,7.295766666666667,8.4798
ycgJ,7.605666666666667,9.036066666666667
ycgK,6.9193,9.4086
ycgL,7.278666666666666,9.2084
ycgM,8.245899999999999,9.7909
ycgN,7.7769,9.1429
ycgR,6.4301,10.757
ycgV,6.24275,7.528525
ycgX,5.08385,7.0588
ycgY,6.5511,8.4836
ycgZ,7.80725,10.103
ychA,6.9606,9.4987
ychE,6.8016,8.5556
ychF,7.978466666666668,10.597
ychH,7.66225,14.13
ychJ,7.324933333333332,10.1715
ychM,7.089733333333332,8.6841
ychN,7.831766666666668,9.5748
ychO,7.4417,8.5706
ychQ,7.623733333333334,8.501875
ychS,5.015,7.800124999999999
yciA,6.963966666666668,9.8436
yciB,8.142366666666666,10.026
yciC,8.6415,10.050225
yciE,6.0927500000000006,8.6609
yciF,6.4183,10.439666666666666
yciG,7.3525,12.296333333333333
yciH,8.006633333333333,10.309
yciI,7.7639,9.997966666666663
yciK,7.9503,9.0139
yciM,7.5974,8.4363
yciN,7.9379,9.9187
yciO,8.8799,10.862000000000002
yciQ,6.7843333333333335,7.7872
yciS,7.9782,10.453
yciT,7.7277,8.919
yciU,9.1731,10.390999999999998
yciV,9.5603,11.293499999999998
yciW,6.8614,9.364133333333333
yciX,6.1589,9.714
yciY,6.749,9.6069
yciZ,8.6208,10.924
ycjD,6.8063,7.8820000000000014
ycjF,6.6899,9.1581
ycjG,7.9754,9.1107
ycjM,6.009766666666668,7.6696
ycjN,7.48685,9.2176
ycjO,6.488,7.718
ycjP,7.3147,8.0749
ycjQ,7.2655,8.3342
ycjR,7.5067,8.274150000000002
ycjS,6.77045,8.458
ycjT,5.9372,7.1982
ycjU,6.1954,7.6142
ycjV,5.4697,6.6478
ycjW,7.4302,8.5841
ycjX,7.1544,10.515
ycjY,6.6255,8.49905
ycjZ,6.8109,7.727833333333334
ydaC,5.043933333333333,6.7775
ydaE,5.4170333333333325,8.1058
ydaG,6.55795,7.7553
ydaL,6.0082,10.089
ydaM,4.9391,9.0389
ydaN,5.1543,9.2314
ydaQ,5.981,6.8761
ydaS,5.319,7.198
ydaT,6.5393,7.9902
ydaU,6.7159,8.5309
ydaV,7.3849,8.563600000000001
ydaW,7.4029,9.3473
ydaY,8.0834,9.8689
ydbA,6.4707,7.5476
ydbC,7.17185,8.6831
ydbD,7.55595,8.7875
ydbH,7.3023,8.655899999999999
ydbJ,8.767933333333334,10.896
ydbK,7.1499,9.581066666666667
ydbL,7.192,8.49925
ydcA,7.171399999999998,9.12325
ydcD,6.792366666666666,8.7999
ydcF,7.0356000000000005,8.496899999999998
ydcH,6.507666666666666,10.156
ydcI,7.1141000000000005,9.4513
ydcJ,7.19995,9.3762
ydcK,7.182,8.96025
ydcL,7.815366666666668,9.7058
ydcM,7.82815,8.9208
ydcN,6.8507,8.2947
ydcO,7.08475,8.2462
ydcP,7.76175,9.5615
ydcQ,7.3591000000000015,8.8144
ydcR,6.770250000000001,8.0317
ydcS,6.52665,9.6092
ydcT,7.8473000000000015,9.418833333333334
ydcU,6.5451,7.841966666666668
ydcV,6.6624,7.939
ydcW,6.941,8.085
ydcX,4.8249,9.0007
ydcY,8.4291,10.821
ydcZ,6.9806,8.1294
yddA,5.889099999999999,7.1911749999999985
yddB,6.2064,7.7851750000000015
yddE,7.5532,8.4075
yddG,6.2111,7.7048
yddH,7.3998,9.3589
yddJ,4.0787,6.2468
yddK,3.6332,5.5274
yddL,5.4333,7.6415
yddM,7.469849999999999,9.1947
yddV,6.4892,7.6831
yddW,6.61605,8.1563
ydeA,7.8087,8.75215
ydeE,7.7715,8.6692
ydeH,6.690533333333334,8.2975
ydeI,7.2814,9.213566666666667
ydeJ,7.046799999999998,8.5833
ydeK,7.39675,9.01955
ydeM,4.908266666666667,5.7701
ydeN,6.4073,9.0896
ydeO,5.4886,6.854
ydeP,6.26385,7.5213
ydeQ,5.8543,7.973
ydeR,6.0718,9.4168
ydeS,6.939466666666667,10.772
ydeT,5.86195,11.151
ydeU,8.6914,9.2256
ydfA,6.285166666666666,8.27135
ydfB,6.6968999999999985,7.6939
ydfD,6.555199999999999,8.1468
ydfE,6.4404,7.4432
ydfG,9.2251,10.684666666666667
ydfH,8.0486,8.8162
ydfI,7.6669,8.8105
ydfJ,6.599433333333334,8.0401
ydfN,6.3533,7.2946
ydfO,5.1448,7.1732
ydfP,6.0522,7.6321
ydfR,5.62775,7.5828
ydfU,6.577133333333332,7.6475
ydfV,6.7966,7.9974
ydfW,6.544466666666668,8.2338
ydfX,6.9029,7.8362
ydfZ,7.7906,12.7045
ydgA,9.2027,10.9595
ydgC,8.1308,9.6843
ydgD,7.4091,9.62655
ydgH,8.5902,9.909866666666666
ydgI,7.42575,8.4888
ydgJ,8.3138,9.350733333333332
ydgK,7.38545,10.079
ydgU,4.678725,6.7025
ydhA,5.7321333333333335,6.75535
ydhB,7.562699999999999,8.7826
ydhC,6.9758499999999986,8.6252
ydhF,8.113,9.8853
ydhI,6.935566666666666,10.449000000000002
ydhJ,6.563700000000001,8.6565
ydhK,6.14035,7.535375
ydhL,7.10675,8.840050000000002
ydhO,7.164,8.695475
ydhP,7.27505,8.797
ydhQ,8.2933,10.380999999999998
ydhR,8.533525000000001,11.510000000000002
ydhS,6.6428,8.54345
ydhT,7.9041,9.4261
ydhU,7.1646,8.31355
ydhV,5.8091,7.15805
ydhW,7.1335,8.58915
ydhX,6.75545,8.6107
ydhY,7.194566666666668,8.98535
ydhZ,7.5779,8.763
ydiA,7.7887,9.3913
ydiB,5.6246,6.8793250000000015
ydiE,6.975,8.5904
ydiF,6.6989,7.3585
ydiH,6.5064,11.4125
ydiI,6.721733333333333,8.745399999999998
ydiJ,8.341149999999999,10.209
ydiK,8.434,9.7184
ydiL,6.27055,8.4759
ydiM,5.2613,6.4981
ydiN,5.3847,7.198
ydiO,6.3629,7.263933333333334
ydiP,5.2159499999999985,5.6932
ydiQ,6.7063,8.6138
ydiR,7.5918,8.447000000000001
ydiS,7.1269,8.094775
ydiT,6.2214,8.257033333333334
ydiU,7.992650000000001,9.0813
ydiV,6.3461,8.1564
ydiY,7.48775,9.4223
ydiZ,7.8684,11.303
ydjA,8.4796,11.2345
ydjE,6.744166666666667,8.2361
ydjF,6.576366666666666,8.9845
ydjG,6.22325,7.5243
ydjH,7.0661,8.6245
ydjI,6.8393,8.1952
ydjJ,6.4693,7.8376
ydjK,6.3686,7.468
ydjL,6.82285,8.2779
ydjM,7.7841,9.9002
ydjN,7.1348,9.912966666666668
ydjO,5.2406,5.6457
ydjX,6.441,8.6089
ydjY,7.5486,8.839649999999997
ydjZ,6.96185,7.8281
yeaC,9.198233333333333,12.156
yeaD,6.2928,9.2264
yeaE,7.06785,8.5336
yeaG,7.0014,13.326
yeaH,6.1172,9.8235
yeaI,6.699866666666668,8.5787
yeaJ,6.9123,9.2803
yeaK,7.953866666666667,9.5657
yeaL,7.84025,9.1053
yeaM,6.7545,8.6155
yeaN,7.3241999999999985,8.219375
yeaO,6.85505,8.80935
yeaP,6.7221,8.5871
yeaQ,8.52,11.857999999999999
yeaR,7.2451,9.974
yeaT,7.1978,9.1399
yeaU,7.2331,9.1037
yeaV,6.9666,8.7577
yeaW,6.8395,8.729
yeaX,7.5695,9.0194
yeaY,7.95045,9.6083
yeaZ,9.039066666666663,10.7915
yebA,7.7409,9.2525
yebB,6.74015,7.8505
yebC,8.0338,11.3195
yebE,8.271799999999999,9.954
yebF,9.140325,12.561
yebG,9.242349999999998,13.315
yebK,8.305366666666666,10.6195
yebN,8.0384,10.278
yebO,7.54655,10.539
yebQ,7.194050000000002,8.2103
yebR,8.7046,11.045333333333332
yebS,6.3983,7.5017
yebT,6.82415,8.02925
yebV,6.9784,13.161
yebW,7.7466,9.87685
yebY,7.198266666666666,9.8766
yebZ,8.238,11.612
yecA,8.220033333333333,10.357
yecC,8.161999999999999,9.4629
yecD,7.5483,8.8524
yecE,6.83825,8.114425
yecF,8.66435,10.9275
yecH,6.54065,8.65405
yecM,8.387833333333333,9.40005
yecN,8.528666666666668,10.086
yecR,6.589566666666666,7.595
yecS,7.5803,9.2672
yecT,5.6989,6.48
yedA,7.1063,7.9787
yedD,8.689133333333332,10.796
yedE,8.2735,10.604
yedF,7.7278,9.7801
yedI,8.8016,9.396166666666668
yedJ,7.64385,9.7
yedK,7.8370000000000015,9.5731
yedL,6.8236,10.462666666666664
yedN,4.854866666666667,7.0607
yedP,8.08215,10.383
yedQ,6.7255,7.90275
yedR,8.2075,10.68
yedS,7.0931,9.0522
yedV,4.8535,7.4129
yedW,7.7104,10.849
yedX,6.56595,8.0849
yedY,7.6866,9.0713
yedZ,5.8638,7.5979
yeeA,8.1521,9.4381
yeeD,7.5924,11.208
yeeE,7.4321,10.88
yeeF,7.7313,10.485499999999998
yeeH,5.873075,10.241
yeeJ,6.0899,8.0423
yeeL,6.199999999999998,7.2267
yeeN,6.8147,9.66425
yeeO,7.51275,9.4869
yeeP,7.07265,8.6219
yeeR,7.5237,9.3515
yeeS,7.366,8.4052
yeeT,7.0618,8.9176
yeeU,6.6211,8.242766666666666
yeeV,6.4954,8.1995
yeeW,7.6349,8.5672
yeeX,8.4053,12.763
yeeY,7.4017,10.176
yeeZ,8.451625,10.446
yefM,9.028300000000002,11.669
yegD,7.2584,8.134133333333333
yegE,7.4732,8.682433333333334
yegH,8.8732,10.143
yegI,8.4082,9.1847
yegJ,6.715066666666668,8.3959
yegK,7.3247,8.3733
yegL,6.833733333333334,8.3095
yegP,7.0524,12.37
yegQ,7.2649,9.4569
yegR,6.238099999999998,7.2751
yegS,6.6216,8.4822
yegT,6.8587,7.979649999999999
yegU,7.193899999999998,8.341949999999999
yegV,7.2784499999999985,7.876
yegW,7.6531,9.9906
yegX,7.3954,8.9171
yegZ,6.906549999999998,8.6297
yehA,5.9025,7.9897
yehB,6.9518,9.1688
yehC,4.263,6.6692
yehD,5.1769,7.430350000000002
yehE,6.4246,9.0561
yehH,6.6058,7.9094
yehI,6.4826,8.1056
yehK,4.7449,5.9019
yehL,7.17875,8.2965
yehM,7.3905,8.551166666666667
yehP,7.0642,8.100349999999999
yehQ,7.566,8.8032
yehR,6.408,7.6461
yehS,6.9849,8.4661
yehT,7.1007,8.86975
yehU,7.7055,9.423025
yehW,7.9273,8.989733333333334
yehX,8.378499999999999,9.224066666666667
yehY,8.5053,9.3244
yeiA,8.2087,12.098
yeiB,6.953950000000002,7.934133333333333
yeiE,8.2495,8.9509
yeiG,8.3882,9.9134
yeiH,8.001,8.4664
yeiI,7.9478,9.226933333333333
yeiL,6.4448500000000015,7.1982333333333335
yeiP,7.0985,10.14755
yeiQ,7.9997500000000015,9.2571
yeiR,7.6587,8.77185
yeiS,7.4874,9.2488
yeiT,7.5117,12.3205
yeiW,5.6096,7.7805
yejA,7.3763,8.2772
yejB,7.064,8.3575
yejE,6.4831,7.4635
yejF,7.6474,8.388833333333332
yejG,7.3569499999999985,10.925999999999998
yejH,7.7345,8.8075
yejK,8.0194,9.9274
yejL,8.7091,10.903
yejM,7.1686,8.3439
yejO,5.940366666666668,8.6319
yfaA,6.6676,7.9908
yfaD,7.1314,7.961533333333333
yfaE,7.1698,11.01
yfaH,5.5941,7.6446
yfaL,8.8478,9.5496
yfaP,7.5634,8.938033333333333
yfaQ,6.6047,7.5441
yfaS,7.6621,8.623666666666667
yfaT,6.4639,7.509766666666668
yfaU,7.849166666666666,8.595300000000002
yfaV,7.2498,8.05415
yfaW,6.3157,8.31795
yfaX,6.4393,7.82
yfaY,6.85215,7.775475
yfaZ,7.8324,9.2002
yfbB,7.2035,8.354400000000002
yfbK,6.6999,7.6629999999999985
yfbL,6.6495,8.3001
yfbM,6.8915,9.2201
yfbN,5.7328,7.99395
yfbO,5.262533333333334,6.5343
yfbP,5.897833333333334,7.7458
yfbQ,7.407,8.3041
yfbR,7.96365,8.572000000000001
yfbS,6.904533333333332,8.28195
yfbT,7.7744,9.356866666666667
yfbU,9.1497,11.538
yfbV,7.7757,9.5686
yfcA,8.494,9.815633333333333
yfcC,7.53665,8.5952
yfcD,7.5207,9.2916
yfcE,8.4675,10.7335
yfcF,7.344200000000002,8.805433333333333
yfcG,7.42,9.8534
yfcH,8.20175,10.011
yfcI,7.9545,9.5045
yfcJ,7.965266666666667,9.7822
yfcL,8.3999,9.60475
yfcM,7.8931,9.241
yfcN,8.7333,9.7774
yfcO,7.3421,8.987
yfcP,6.4327,7.4309
yfcQ,5.8867,7.5139
yfcR,6.7274,8.4441
yfcS,7.0368,8.269933333333334
yfcU,7.0278,8.5332
yfcV,5.30855,7.4858
yfcZ,8.6673,10.4255
yfdC,6.9948,8.36895
yfdE,6.4225,7.438
yfdF,5.8795,7.75875
yfdG,6.4977,9.51435
yfdH,6.4823,10.919249999999998
yfdI,3.6751,8.1571
yfdK,7.5611,9.0553
yfdL,6.0905,6.9973
yfdM,6.8417,7.6298
yfdN,6.8251,7.826425
yfdO,7.36885,8.104966666666668
yfdP,7.4948,8.537233333333335
yfdQ,6.532,7.1118
yfdR,6.7318,7.5458
yfdS,5.8763,7.2051750000000006
yfdT,5.1758,6.4592
yfdV,6.7858,7.162050000000002
yfdX,6.66845,8.4812
yfdY,7.3245,10.652000000000001
yfdZ,8.6865,9.403633333333334
yfeA,7.5136,8.93105
yfeC,7.2427,9.9407
yfeD,7.785799999999999,9.179825
yfeH,8.3433,9.260175
yfeK,7.3656,9.866
yfeN,7.8632,8.8487
yfeO,7.7929499999999985,9.3534
yfeR,7.8572,8.572299999999998
yfeS,5.9987,8.3788
yfeT,8.001149999999999,8.740066666666666
yfeW,7.8104,8.659033333333333
yfeX,7.5715,9.607999999999999
yfeY,7.57,10.677
yfeZ,7.80665,9.93
yffB,7.450833333333333,11.143
yffL,7.6833,8.9116
yffM,5.9074,8.0131
yffN,6.5537,8.0004
yffO,8.5153,9.1872
yffP,7.632999999999999,8.5215
yffQ,5.6224,6.7896
yffR,8.1281,9.6371
yffS,8.9894,10.803
yfgA,9.8564,10.925
yfgC,8.205,9.5452
yfgD,8.624866666666668,9.275833333333333
yfgF,6.1739,7.246
yfgG,7.683,9.432099999999998
yfgH,6.38405,7.2419
yfgI,7.3552,7.8895
yfgJ,6.8795,9.3463
yfgM,7.1187,10.59375
yfgO,8.090833333333334,9.9996
yfhA,8.8942,9.67715
yfhB,7.8746,9.3163
yfhG,8.9864,10.134666666666666
yfhH,7.9698,9.5027
yfhK,8.13,9.66245
yfhL,7.148949999999999,10.312
yfhM,8.6055,9.6373
yfhR,7.253666666666668,8.9747
yfiB,7.900666666666666,9.4413
yfiC,8.024149999999999,8.9177
yfiD,8.0466,10.9165
yfiE,7.654933333333332,8.39135
yfiF,9.0961,11.205
yfiH,7.7465,8.9627
yfiL,6.7529,8.375350000000001
yfiM,7.2389,9.3671
yfiN,7.2357,8.8721
yfiP,7.00065,8.7558
yfiQ,7.8811,9.9332
yfiR,6.9918,9.1258
yfjD,7.7422,8.700099999999999
yfjF,8.0363,10.4255
yfjG,7.762833333333332,10.698
yfjH,5.402266666666668,7.0378
yfjI,4.7859,5.88475
yfjJ,5.412050000000002,6.5027
yfjK,6.1605,7.48715
yfjL,7.056766666666667,9.33855
yfjM,6.2297,7.3815
yfjO,7.0638,9.8722
yfjP,6.9958,7.7877
yfjQ,7.2359,9.1365
yfjR,6.5949,7.473233333333333
yfjS,5.8672,7.639166666666667
yfjT,5.8636,7.416033333333334
yfjU,9.5536,10.967
yfjV,7.721066666666666,8.4769
yfjW,4.4602,6.5094
yfjX,6.8403,8.864733333333334
yfjY,6.5091,8.1708
yfjZ,6.5223,8.672600000000001
ygaC,6.2911,7.35565
ygaD,8.1737,10.166
ygaF,7.1582,11.265999999999998
ygaH,8.6089,10.140999999999998
ygaM,7.4847,12.113666666666667
ygaP,7.949149999999999,9.3024
ygaQ,4.5959,5.7594
ygaU,7.85905,11.3015
ygaV,7.8294,9.7014
ygaW,6.2556,9.53685
ygaY,7.046966666666667,7.8521
ygaZ,7.989,9.2274
ygbA,7.9746000000000015,8.6177
ygbE,6.7299,8.1723
ygbF,7.7532,8.9499
ygbI,8.657533333333333,9.3376
ygbJ,7.5573,8.7226
ygbK,7.0438,8.0345
ygbL,8.4238,9.1469
ygbM,7.3056,7.973466666666668
ygbN,7.998100000000001,8.864075000000003
ygbT,7.2459,8.5145
ygcB,6.6757333333333335,7.8275
ygcE,6.5168,7.36365
ygcF,8.405433333333335,9.39845
ygcG,4.7455,6.00905
ygcH,7.122999999999998,8.06295
ygcI,6.8179,7.74215
ygcJ,5.5015,6.46275
ygcK,5.9375,6.8027
ygcL,5.51215,6.48435
ygcN,7.5404,8.42835
ygcO,7.9426,9.139600000000002
ygcP,5.8852,6.9407250000000005
ygcQ,8.75095,9.6832
ygcR,8.72295,9.6354
ygcS,7.4274,8.130925
ygcU,7.44725,8.234525
ygcW,5.7982,7.0747
ygdB,7.561866666666668,8.7432
ygdD,7.12845,9.4642
ygdE,7.72935,9.0793
ygdG,7.535433333333334,8.557
ygdH,7.3308,9.6538
ygdI,6.5821,11.049333333333333
ygdL,8.1385,10.159
ygdQ,6.7721,8.7235
ygdR,8.2607,10.192
ygdT,6.197366666666667,9.37935
ygeA,7.651,11.2445
ygeF,4.052,5.8411
ygeG,4.2426,6.3827
ygeH,4.1007,5.8212
ygeI,3.9615,5.3534
ygeK,4.636133333333333,6.43825
ygeN,4.2049,6.104749999999999
ygeO,5.0077,7.6774
ygeQ,5.5918,9.2809
ygeR,7.65,9.1285
ygeV,7.5218,10.218
ygeW,5.4621,13.175
ygeX,7.0778,13.6245
ygeY,6.9338,13.994000000000002
ygfA,7.3949,9.5021
ygfB,9.0599,11.159
ygfF,7.07185,8.497074999999999
ygfI,6.7637,7.3981
ygfJ,6.6495,9.43985
ygfK,7.0899,13.4705
ygfM,6.9757,13.735
ygfO,6.7652,12.395500000000002
ygfQ,6.97795,11.578499999999998
ygfS,7.806533333333332,11.665999999999999
ygfT,8.1933,12.205
ygfU,5.8162,11.0635
ygfX,8.6984,10.556
ygfY,8.0937,10.888
ygfZ,8.9627,10.064666666666666
yggC,7.049333333333332,8.2829
yggD,7.5653,9.0749
yggE,9.3569,12.053999999999998
yggF,7.2201,8.261800000000001
yggG,8.0826,8.92965
yggI,7.24585,8.9278
yggL,8.7439,11.390999999999998
yggM,6.598,7.3849
yggN,8.5156,11.117
yggP,7.417766666666666,7.881733333333334
yggR,6.9405,8.2562
yggS,8.6984,10.225
yggT,8.4492,10.5115
yggU,8.0983,10.4515
yggW,7.9221,9.23975
yggX,8.3391,10.8885
yghA,7.9314,10.364666666666666
yghB,8.7583,9.2605
yghD,7.5938,8.7166
yghE,7.7539,9.3988
yghF,7.04895,8.21365
yghG,6.3802,8.815750000000003
yghJ,7.7335,10.577
yghO,7.4351,8.2617
yghQ,7.4654,8.3893
yghR,6.7928,7.910700000000001
yghS,6.6722,7.7958
yghT,7.068133333333333,7.7743
yghU,8.767000000000001,10.277999999999999
yghW,6.738333333333332,7.8479
yghX,6.8796,8.6641
yghZ,8.0282,10.238
ygiB,9.8252,11.152
ygiC,8.5971,10.051
ygiD,7.21175,7.95525
ygiF,8.5418,9.86585
ygiH,7.2882,8.4421
ygiL,6.6323,7.78445
ygiN,9.750050000000002,10.763
ygiQ,8.46605,9.6927
ygiS,7.5192999999999985,10.358
ygiT,6.8011,11.059
ygiV,7.8356,11.13
ygiW,8.5437,13.850333333333333
ygiZ,5.5075,6.41715
ygjD,9.1311,10.72
ygjG,7.5496,10.49
ygjH,8.8692,9.8399
ygjI,7.1458,8.477266666666667
ygjJ,6.854,7.957000000000002
ygjK,8.0336,8.943
ygjM,7.8063,10.636
ygjN,6.442666666666668,10.003
ygjP,7.84915,8.8628
ygjQ,6.8422,7.81185
ygjR,7.6281,9.0062
ygjV,6.4807,7.5063
yhaB,4.7973,6.9137
yhaC,4.2685,5.06625
yhaH,8.3476,9.934349999999998
yhaI,6.6183,8.4421
yhaJ,6.9219,8.254966666666666
yhaK,7.3701,8.3881
yhaL,8.3919,10.299
yhaM,8.2492,9.51485
yhaO,7.033333333333334,9.2073
yhaV,7.7514,10.184
yhbC,9.3319,12.955
yhbE,8.828866666666668,12.866
yhbJ,7.6774,9.9385
yhbO,6.8314,9.599166666666667
yhbP,8.30915,9.1037
yhbQ,8.068950000000001,8.5992
yhbS,8.4263,9.75735
yhbT,8.7246,11.2595
yhbU,7.4656,9.0472
yhbV,6.6226,7.699
yhbW,7.6493,9.765666666666666
yhbX,7.3912,8.37295
yhbY,7.8213,11.538
yhcA,5.6409,7.66595
yhcB,8.7288,10.372
yhcC,7.9978,8.8762
yhcD,6.5665,8.5629
yhcE,5.9923,7.8203
yhcF,7.157033333333334,8.3028
yhcG,7.139300000000001,7.7495
yhcH,6.8774,9.55265
yhcM,7.4475,8.7935
yhcN,7.6346,11.014
yhcO,6.3196,9.6523
yhdE,7.4139,10.054
yhdH,7.443,9.895
yhdJ,6.9448,8.5115
yhdL,7.035,12.07
yhdN,8.5669,11.325
yhdP,7.8529,8.7512
yhdT,7.8102,9.4557
yhdU,6.90915,9.515525
yhdV,7.0143,8.136700000000001
yhdW,6.9728,8.9284
yhdX,6.16245,7.9192
yhdY,7.1402,8.7671
yhdZ,6.7799,8.0093
yheL,7.7408,11.739
yheM,8.1009,9.687999999999999
yheN,8.2051,9.82475
yheO,7.7165,9.874866666666668
yheS,9.4208,10.6525
yheT,7.9954,9.5606
yheU,8.4835,9.745966666666666
yheV,6.8992,8.671766666666667
yhfA,8.913833333333336,10.226666666666668
yhfG,7.2287,10.2125
yhfK,8.0659,9.23645
yhfL,6.3480500000000015,7.6904666666666675
yhfS,8.545033333333334,9.6748
yhfT,7.2778,8.4565
yhfU,6.7012,8.1816
yhfW,6.2516,7.8763
yhfX,6.3825,7.6227
yhfY,6.8455,8.7527
yhfZ,7.461,9.109
yhgA,6.9078333333333335,7.7107
yhgE,7.521733333333333,8.7463
yhgF,8.1482,10.45
yhgN,7.22815,8.4703
yhhA,7.7894,11.864
yhhH,5.6992,7.07325
yhhJ,8.316566666666667,9.64935
yhhK,8.9326,10.219
yhhL,7.7047333333333325,8.61205
yhhM,8.8081,9.8037
yhhN,8.06165,8.8187
yhhQ,6.22955,8.2413
yhhS,7.141166666666666,9.1523
yhhT,7.6334,9.14305
yhhW,7.5876,9.0234
yhhX,7.8312,9.64985
yhhY,6.5598,7.6388
yhhZ,4.464099999999998,6.29035
yhiD,6.5726,9.535066666666664
yhiI,8.2748,10.726
yhiJ,5.6649,6.4791
yhiL,4.9476,6.3299
yhiM,6.8660000000000005,10.386
yhiN,8.0162,9.3147
yhiQ,8.9928,9.9562
yhiR,8.24925,9.671
yhiS,4.3252,5.283133333333334
yhjA,7.441066666666668,9.204
yhjB,7.3279999999999985,9.2164
yhjC,7.649,8.193933333333334
yhjD,7.4497,9.01515
yhjE,7.17255,10.272666666666666
yhjG,7.69965,8.7391
yhjH,8.020100000000001,12.2925
yhjJ,8.7801,10.02435
yhjK,8.4161,9.6136
yhjQ,8.266200000000001,10.597
yhjR,7.9512,9.820466666666666
yhjV,5.9761000000000015,7.90375
yhjX,6.1389,9.51
yhjY,7.6346,9.763133333333334
yiaA,6.9083000000000006,9.0763
yiaB,5.5814,8.230049999999999
yiaC,8.249,9.20165
yiaD,7.5528,10.497
yiaF,8.521266666666667,10.5305
yiaG,6.8786,11.139333333333333
yiaJ,7.8803,8.8344
yiaK,7.1118,8.8513
yiaL,5.8732,7.409149999999999
yiaM,5.7547,7.42225
yiaN,4.4748,5.520225
yiaO,7.2651,8.320200000000002
yiaT,6.90385,8.2521
yiaU,7.6103,8.56945
yiaV,7.0532,7.858166666666666
yiaW,6.1518,7.19895
yiaY,7.3818,8.345575
yibA,4.82635,5.159599999999998
yibD,6.3579,7.94585
yibF,8.55265,9.647
yibG,4.430533333333333,5.8795
yibH,7.8557,9.3314
yibI,7.5205,9.438333333333334
yibJ,5.5677666666666665,8.1637
yibK,8.01125,9.2986
yibL,8.67625,10.636
yibN,8.3483,12.146
yibQ,7.406133333333332,8.866
yibT,8.9991,14.118
yibU,3.9681,5.10505
yibV,3.8085,7.8485
yicC,8.449,10.681
yicE,7.93125,9.6892
yicG,6.474033333333334,8.336875
yicH,7.6895,8.719700000000001
yicI,7.6653,8.633099999999999
yicJ,7.1364,8.6612
yicL,7.4697,8.5508
yicN,7.5631,8.4924
yicO,7.90525,8.7291
yicR,6.9989,8.3452
yicS,6.64875,7.7541
yicT,5.6336666666666675,8.3771
yidA,7.637966666666667,9.7808
yidB,9.10065,10.183
yidC,7.49685,11.406
yidD,8.24405,13.304
yidE,8.1157,9.3102
yidF,7.4609,8.713899999999999
yidG,6.10485,6.9623
yidH,8.31925,9.5504
yidI,7.133099999999999,8.0968
yidJ,7.1686,9.0228
yidK,7.733449999999999,9.259
yidL,7.1539,7.9060000000000015
yidP,7.3169,8.6047
yidQ,8.4733,10.807
yidR,7.2597,8.4782
yidX,6.4107,7.4613999999999985
yidZ,6.9493,9.194
yieE,7.9143,9.8058
yieF,6.7688,8.8726
yieG,7.670966666666668,9.9455
yieH,8.10755,9.0402
yieK,7.4678666666666675,7.904533333333332
yieL,7.188,7.76415
yieP,7.2442,9.7967
yifB,7.15765,8.8469
yifE,8.2372,11.6645
yifK,8.686566666666666,10.812
yifL,7.8155,11.163
yifN,6.6933,7.9009
yigA,8.12,10.73
yigB,7.8822,10.226
yigE,7.086,8.198599999999999
yigF,4.953833333333333,5.8764
yigG,4.977766666666667,7.191750000000001
yigI,7.49835,9.4052
yigL,8.3756,10.2
yigM,8.256966666666669,9.00005
yigP,8.6203,11.774
yigZ,8.3257,10.925
yihA,8.8693,11.577
yihD,8.3301,10.748
yihF,7.32135,9.5748
yihG,6.10665,8.814499999999997
yihI,9.035633333333333,10.7445
yihL,6.5674,7.8881999999999985
yihM,6.2613,8.56915
yihN,6.2358,7.0174
yihO,5.4688333333333325,6.431
yihP,7.2357,8.4478
yihQ,7.6088,8.7613
yihR,6.6937,7.5428
yihS,6.7955,7.6422
yihT,6.7959,7.8033
yihU,6.8251,7.9582
yihV,7.5015,8.4977
yihW,7.4347,9.43985
yihX,8.7196,10.895
yihY,6.5452,9.0682
yiiD,7.3939,9.4603
yiiE,7.003966666666668,8.1149
yiiF,6.8611,7.9995
yiiG,5.9565,8.0739
yiiM,7.7469,9.089
yiiQ,7.1239333333333335,8.7603
yiiR,7.2044,8.3023
yiiS,7.3105,10.2555
yiiU,8.7234,11.289
yiiX,8.2678,10.051
yijD,7.609133333333332,9.8399
yijE,8.2537,9.228766666666663
yijF,7.6788,9.3218
yijO,6.437,7.5773
yijP,7.5123,9.781966666666667
yjaA,6.60365,9.3696
yjaB,7.8976,8.9904
yjaG,7.624566666666666,10.322
yjaH,7.94495,10.235
yjaZ,6.66245,8.4987
yjbB,7.1151,8.248166666666668
yjbE,7.587099999999999,8.5679
yjbF,8.0292,9.166233333333334
yjbG,6.6245,8.1789
yjbH,6.9358,8.383433333333334
yjbI,4.6611666666666665,6.13405
yjbJ,8.2063,13.179
yjbL,4.9372,6.190099999999998
yjbM,5.121166666666666,7.1635
yjbQ,8.0206,11.3245
yjbR,8.0949,10.79
yjbS,3.703533333333333,6.94375
yjbT,6.6311,8.1087
yjcB,7.63895,9.8484
yjcC,7.3608,8.5186
yjcD,8.3651,9.7329
yjcE,8.00825,9.3801
yjcF,4.0817,5.9216
yjcH,5.9894,9.5566
yjcO,7.0903,8.377
yjcS,8.1237,9.2736
yjcZ,7.978199999999998,10.432
yjdA,7.175633333333333,11.2495
yjdC,8.1142,10.880999999999998
yjdF,7.3705,8.3917
yjdI,7.6818,10.7895
yjdJ,7.7004,11.032
yjdK,5.282275,7.66395
yjdL,8.2696,9.58385
yjdM,8.3927,11.107
yjdN,6.8625,10.437
yjdO,4.900766666666667,6.8480500000000015
yjdQ,6.842366666666666,8.6532
yjeE,8.7456,9.9932
yjeF,9.586,10.8355
yjeH,8.1619,9.7211
yjeI,8.514366666666666,10.720666666666666
yjeJ,6.786149999999999,9.736
yjeK,7.846666666666668,9.240975
yjeM,7.683133333333332,10.355
yjeN,7.411633333333333,9.2386
yjeO,7.192466666666667,9.0186
yjeP,8.2454,9.1686
yjeS,7.1087,8.5687
yjeT,7.3646,8.8432
yjfC,7.6602,8.5111
yjfF,7.2172,8.3216
yjfI,5.6953000000000005,7.3667
yjfJ,7.268499999999999,8.3907
yjfK,7.017133333333334,7.8206
yjfL,6.3835,7.8829
yjfM,6.68635,8.0745
yjfN,8.1933,11.969
yjfO,8.324349999999999,13.515999999999998
yjfP,7.9999,8.6306
yjfY,6.2686,9.1437
yjfZ,6.068250000000001,7.8146
yjgA,8.6199,10.607
yjgB,7.9817,9.454266666666667
yjgF,8.4,12.530666666666667
yjgH,7.0814,8.9193
yjgI,7.9554,9.334666666666664
yjgJ,7.215866666666668,7.875833333333333
yjgK,7.244233333333334,8.5122
yjgL,3.9449,4.5482
yjgM,7.1601333333333335,8.4531
yjgN,5.7849,6.7715
yjgP,7.966,10.098
yjgQ,7.390033333333332,8.5859
yjgR,8.3072,9.3405
yjgX,7.218999999999999,8.9822
yjgZ,7.3801,8.0415
yjhB,5.4932,8.16085
yjhC,6.90185,9.176125
yjhD,6.96165,9.0821
yjhE,5.1900499999999985,7.6327
yjhF,6.556,7.0147
yjhG,7.167133333333332,7.7106
yjhH,7.0787,7.934725
yjhI,6.151,8.1024
yjhP,8.26305,10.89
yjhQ,7.8192,11.307
yjhR,6.7665000000000015,8.4784
yjhS,6.45215,7.169125
yjhU,7.026,9.8956
yjhV,7.24775,8.2127
yjhX,6.6845,11.377
yjhY,7.234566666666668,10.249
yjiA,7.6742,10.075725
yjiC,6.4243,8.13785
yjiD,6.3498,7.545133333333332
yjiE,7.5765,8.891300000000003
yjiG,7.3742,10.224
yjiH,6.7138,10.7875
yjiJ,6.5255,7.7478
yjiK,6.6802,8.1948
yjiL,7.3816,8.172699999999999
yjiM,7.83005,9.5373
yjiN,7.8179,9.6212
yjiP,7.9744,8.8775
yjiR,7.1514,8.2298
yjiS,7.5191,8.2951
yjiT,7.6569,9.33755
yjiV,7.0676,7.8664
yjiX,7.885,10.449025
yjiY,6.4298,9.873925
yjjA,8.2208,9.69205
yjjB,7.2451,8.6204
yjjG,7.2810000000000015,8.5486
yjjI,6.6881,9.6018
yjjJ,7.4557,8.5946
yjjK,8.6618,10.672
yjjL,7.0988,8.6282
yjjM,6.473,8.5999
yjjN,7.8575,9.012633333333332
yjjP,6.60995,7.9163
yjjQ,5.474566666666667,7.3685
yjjU,8.4422,11.414
yjjV,8.3376,9.889366666666666
yjjW,8.3215,9.5419
yjjX,8.0385,9.4761
yjjY,6.7073,7.90315
yjjZ,6.55095,9.4125
yjtD,7.947366666666667,9.0767
ykfA,7.38355,8.3797
ykfB,7.712350000000002,9.8261
ykfC,7.9486,9.381733333333337
ykfF,7.69215,9.4181
ykfG,7.3005,8.5033
ykfH,7.865550000000002,9.484766666666667
ykfI,6.5377,8.0316
ykfJ,6.999633333333333,8.2601
ykfK,6.317,9.3789
ykfM,3.9952,4.91265
ykfN,4.557525,6.0985
ykgA,5.3956,6.8399
ykgB,7.411,8.7367
ykgC,6.222,8.1499
ykgD,7.3474,8.415633333333334
ykgE,8.8102,12.7955
ykgF,6.7182,10.16755
ykgG,8.101,11.5705
ykgH,5.9342,7.67695
ykgI,4.9516,6.3686
ykgJ,7.476,9.84725
ykgL,6.384999999999999,7.1523
ykgM,5.3659,7.244300000000001
ykgO,5.9585,7.5736
ykgQ,4.651666666666666,6.9828
ykiA,7.2637,8.7731
ylaB,6.4279,7.5633
ylaC,8.419199999999998,10.725
ylbA,6.2552,7.264333333333332
ylbE,7.2199,8.17975
ylbF,7.1191,7.9931
ylbG,6.4789,7.4496
ylbH,5.569,6.6309
ylbI,9.25305,10.357
ylcG,6.700150000000002,7.5611
ylcH,5.5405,8.5757
ylcI,5.2075,6.3301
yliE,7.0398,8.7411
yliF,7.5857,8.536950000000001
yliG,7.5451,9.0832
yliI,8.2735,9.8921
yliJ,8.5062,9.795033333333334
yliL,6.6704,7.5012500000000015
ymbA,7.785,9.55595
ymcE,4.9379,6.9054
ymdA,7.26175,8.4793
ymdB,7.60285,9.41155
ymdC,6.738,8.04165
ymdE,5.2615,6.377999999999999
ymdF,8.6683,11.300999999999998
ymfA,7.0463,8.5744
ymfD,5.4671,7.5273
ymfE,4.9062,7.9495749999999985
ymfI,5.7441,7.810733333333333
ymfJ,5.809,12.606
ymfK,7.3591,8.9219
ymfL,5.955,11.098
ymfM,6.3872,11.702
ymfN,7.1935,11.084
ymfO,7.9322,10.305
ymfP,7.3689,9.7849
ymfQ,7.6078,9.9724
ymfR,7.7626,10.132
ymfS,6.858833333333332,7.9466
ymfT,5.593,10.966
ymgA,8.174199999999999,10.618666666666666
ymgC,4.2752,6.4098
ymgD,7.2292,10.289000000000001
ymgE,7.0253,10.319
ymgF,6.8295,8.2954
ymgG,8.57315,11.0985
ymgI,4.527,7.8572
ymgJ,3.7572,5.3525
ymjA,7.313033333333334,8.5143
ymjC,7.126,8.9288
ynaA,6.27145,7.6804
ynaI,7.2911,8.3862
ynaJ,5.45125,10.227
ynaK,8.42075,10.577
ynbA,6.39395,7.0375
ynbB,5.8487,7.7842
ynbC,7.24325,8.063649999999999
ynbD,7.308,8.0624
ynbE,6.8769,8.40775
yncA,8.6515,9.63975
yncB,7.1644,9.0179
yncD,7.00775,8.08765
yncE,7.2456,10.522333333333334
yncG,5.4665,6.91335
yncH,4.3209,5.0732
yncI,6.180766666666668,7.9201
yncJ,7.3275,9.2451
yncK,5.754566666666666,7.2146
yncL,6.8008,10.936
yncN,6.3677,10.156
yneE,5.9372,7.2649
yneF,7.1728,8.3816
yneG,7.5503,9.0809
yneH,8.26265,9.4279
yneJ,7.56135,8.3985
yneK,5.7922,7.4584
yneL,6.983966666666667,8.6721
yneM,8.387433333333334,13.524
yneN,4.53435,5.4143
ynfA,8.487533333333333,9.8656
ynfB,9.4671,11.965
ynfC,6.3030333333333335,7.620666666666667
ynfD,6.9849,10.847
ynfE,6.0548,10.758
ynfF,6.3521,11.013000000000002
ynfG,6.3786000000000005,9.7248
ynfH,7.762499999999998,9.8569
ynfK,7.6668,10.9345
ynfL,8.3551,9.666
ynfM,6.8094,8.70145
ynfN,5.7731499999999984,7.0854
ynfO,5.0697,7.215
ynhF,8.4002,11.715
ynhG,8.3138,13.268
yniA,7.343199999999999,11.152999999999999
yniB,7.975700000000002,9.7413
yniC,7.593933333333332,9.38105
yniD,7.4222,8.9398
ynjA,7.91755,9.1869
ynjB,7.00975,8.358550000000001
ynjC,6.7949,8.0017
ynjD,7.0056,7.9928
ynjE,7.77015,9.4467
ynjF,7.21685,8.4898
ynjH,6.51305,9.4509
ynjI,5.69485,8.1531
yoaA,7.49375,8.7621
yoaB,8.0034,10.474
yoaC,8.8059,10.987
yoaD,7.20505,8.6685
yoaE,7.50345,8.3474
yoaF,7.68915,9.17635
yoaG,7.1900499999999985,8.450800000000001
yoaH,9.3389,10.542
yoaI,5.066325,6.6674
yobA,8.734666666666667,12.212
yobB,7.1746,9.3625
yobD,6.778,7.8168
yobF,11.642,13.33
yobH,6.403625,7.2404
yodA,5.1397,5.9182
yodB,6.41005,8.8378
yodC,7.1215,9.79185
yodD,7.36435,13.454
yoeA,6.3644,7.99
yoeB,8.255133333333333,11.354
yoeF,6.0741999999999985,7.3379
yoeG,6.3997,11.567
yohC,6.8945,10.916
yohD,7.9737,9.16285
yohF,7.64905,9.1946
yohJ,7.4547,8.7516
yohK,8.3371,9.1947
yohN,7.1049,9.18175
yohO,7.4809,9.8541
yojI,7.7635,9.55085
yojO,4.27505,5.8172
ypaA,8.37255,9.6866
ypaB,5.4827,6.5424
ypdA,7.5212,9.01885
ypdB,7.7197,9.1762
ypdC,7.4565,8.4347
ypdE,7.7488,8.522066666666667
ypdF,6.4278,7.5222
ypdI,6.0293,8.0436
ypeA,8.491100000000001,11.27
ypeB,7.0456,8.7374
ypeC,7.288449999999999,8.442
ypfG,7.7217,8.8852
ypfH,8.499033333333331,9.1721
ypfI,7.0447,7.758699999999998
ypfJ,8.294599999999999,9.8766
ypfM,9.7016,12.807
ypfN,8.229,11.043
yphA,7.33545,9.62215
yphB,7.8362,8.58005
yphC,7.5225,8.346
yphD,7.68215,8.302275
yphE,7.03635,7.9999
yphF,7.1944333333333335,8.5181
yphG,7.5306,8.3763
yphH,7.5266,8.24795
ypjA,6.9938666666666665,7.85735
ypjC,4.9771,6.20345
ypjD,7.6404,9.1947
ypjF,5.4823,6.8609
ypjI,6.6926,8.0694
ypjJ,7.5847,8.6419
yqaA,7.5983,9.9847
yqaB,7.1272,9.5828
yqaE,7.8204,10.032
yqcA,8.0106,9.1006
yqcC,7.970099999999999,9.52645
yqcE,7.059733333333334,8.394
yqeA,7.2527,12.357999999999999
yqeB,8.234433333333332,12.673
yqeC,7.189466666666667,11.588
yqeF,7.8093,9.322125
yqeG,6.332933333333332,8.8716
yqeH,5.6550666666666665,6.6568
yqeI,4.8566,6.38735
yqeJ,4.0603,5.3416
yqeK,3.9796,5.3673
yqfA,8.0781,9.2306
yqfB,9.00405,10.444
yqfE,7.8772,8.556899999999999
yqgA,7.6865,8.640049999999999
yqgB,7.001766666666667,10.64175
yqgC,6.6817,8.7199
yqgD,4.937,6.6811
yqgE,7.9414,9.6876
yqgF,8.2622,9.4316
yqhA,6.935233333333333,9.8888
yqhC,8.3043,9.0095
yqhD,7.8956,10.375
yqhG,6.6001,7.8841
yqhH,5.8945,6.4841
yqiA,7.4418,9.950825
yqiB,9.1323,10.241499999999998
yqiC,8.575366666666667,10.491499999999998
yqiG,3.86945,6.1509
yqiH,5.1118000000000015,6.3672
yqiI,6.099433333333334,7.3572000000000015
yqiJ,7.0506,8.59205
yqiK,8.066833333333333,9.1725
yqjA,8.457,9.6383
yqjB,7.5615,8.455
yqjC,9.608,13.633
yqjD,10.112,13.74
yqjE,8.8747,12.6575
yqjF,7.303133333333334,8.3727
yqjG,7.1397,8.832533333333332
yqjH,7.4748,8.9429
yqjI,8.262500000000001,9.4303
yqjK,8.2615,11.7165
yraH,6.7706333333333335,7.7468
yraI,5.7636,7.2022499999999985
yraJ,4.8964,5.927766666666666
yraK,6.7775,7.3668
yraL,7.303566666666666,8.474525
yraM,8.5446,9.897425
yraN,8.5434,9.62855
yraP,7.784866666666666,9.940550000000002
yraQ,8.581,10.675999999999998
yraR,8.408333333333333,9.641
yrbA,7.1293,10.669
yrbB,8.3227,10.355
yrbC,8.5292,10.371
yrbD,8.893933333333333,11.398
yrbE,7.5117,10.552
yrbF,8.108400000000001,11.223
yrbG,8.4976,10.873
yrbK,8.9969,10.768
yrbL,8.9767,12.220999999999998
yrdA,9.07285,10.507
yrdB,8.1553,9.73095
yrdD,8.5823,10.286
yrfF,7.3736,8.7412
yrfG,9.301,10.413
yrhA,4.822033333333334,6.3946
yrhB,6.958533333333333,8.6786
yrhC,7.9814,9.9888
yrhD,3.820033333333333,4.91875
ysaA,7.31635,8.5478
ysaB,6.9935,9.09275
ysaC,5.552666666666667,8.2596
ysaD,6.972166666666666,8.769466666666666
ysgA,7.267,9.802533333333336
ytcA,6.7334,8.6406
ytfA,5.9373000000000005,8.2788
ytfB,8.5648,9.98755
ytfE,7.3052,8.742049999999999
ytfF,8.0703,9.4953
ytfG,7.8289,9.0166
ytfH,8.67875,9.52355
ytfI,5.0497000000000005,7.0864
ytfJ,7.547366666666666,10.661
ytfK,7.6518,10.473
ytfL,8.13975,8.9975
ytfM,7.3417,8.8484
ytfN,7.815866666666667,9.968
ytfP,7.848,9.9301
ytfQ,7.7715,10.969
ytfR,7.7614,9.458
ytfT,8.2508,9.385
ythA,3.6285,7.0642
ytjA,7.416075,10.831666666666665
ytjB,8.5599,9.6923
ytjC,9.0384,10.299
yzgL,7.062833333333334,9.515
zapA,9.6611,11.196
zipA,7.7305,10.014
zitB,7.4816,8.9878
zntA,8.66255,11.095
zntR,8.347000000000001,11.335
znuA,7.7893,9.6393
znuB,8.5396,10.352
znuC,6.83795,8.5047
zraP,7.553533333333332,9.77215
zraR,8.6694,9.6734
zraS,7.6016,8.5882
zupT,8.2976,8.9336
zur,7.680233333333334,9.152
zwf,8.5322,10.428333333333333
