potA	crl	leuW	tnaA	aroP	dmsB	ccmD	hisF	ycaC	hyaD	yehP	pta	ybdB	ydfU	nupG	yjdJ	qseC	yccW	sdhC	bcp	rihA	fliS	mhpR	yacL	fliD	flgI	ybiT	hyaF	araH	serC	ydcS	dsbA	aidB	valV	isrC	sdhD	fumC	dmsA	gltD	yebK	ynfE	ytfQ	entB	yjjI	betI	leuD	modB	trpD	xylA	ilvM	hdeD	trg	ymdA	gadA	gadW	yeeE	rihC	ves	yaiZ	sdhB	pyrI	flgH	cadB	ybdD	tnaB	alsB	tap	yghZ	bioC	yjdN	fadI	ais	flgC	yeaG	yefM	pck	rpsU	fkpA	atpD	yfeC	fbaB	ygeV	rpe	aphA	glpD	fliP	yjgR	cycA	arnB	yidJ	hypA	argW	yciK	fadB	sdhA	malK	flgM	leuA	nac	ccmG	flgG	mtfA	livG	yncL	umuC	araD	ryhB	argC	purT	fliF	tsr	flgK	entC	yfiD	tonB	mglB	dadA	tyrA	ydeN	ydcJ	elaB	livK	yciE	treB	bioF	basS	fliT	modA	ndh	araB	aceF	yhiM	bcsG	ompW	atpB	yjjU	tar	cheR	ymgA	miaB	gpt	ksgA	arsB	argB	fecI	pflB	appA	yjcZ	bioB	flgD	cheY	fliN	dctA	gdhA	yebE	motA	ygeA	ybaS	yjgZ	flgB	flxA	atpC	atpG	yeaC	ycgZ	napC	gadE	sthA	atpH	yphA	alsE	metC	pspC	glcB	ymgC	tnaC	sseA	gmr	ydcI	fliZ	deoA	betA	gltB	araF	yaeB	fadJ	narU	rbsB	yobB	argI	ygjR	dadX	leuB	fliL	serA	yidP	flhB	yncB	fliC	ycgR	ybaY	ycdZ	yneM	fecB	bcsF	ilvH	pykF	yiaT	rutF	yhjH	yhbC	feaR	phnE	ccmC	lysC	ysaA	yeeF	yciF	treC	cysP	ampE	appC	yecH	btuF	motB	rybB	yccB	fadA	slp	apaH	ynjH	argA	yjcH	ilvI	argF	gadC	cheB	yrhA	rutB	flgE	fliK	cstA	deoC	bcsA	skp	pyrB	udp	fliO	atpE	narK	yjdI	carB	yjjQ	dsrB	cbl	mdtE	rlmN	ymgE	pspA	yjdA	putP	hcaR	codB	yeeD	araA	fliA	acs	ucpA	prfC	yfcG	araG	ybaT	lsrF	hyaA	ccmH	actP	yqeF	hyaB	glnK	cheW	entE	ynfK	flgN	yciG	frdB	ybjQ	napF	yncE	cheA	cbpM	alsK	yjjZ	cysD	fliJ	betT	flgL	livM	fliG	yagE	narH	hyaC	flgF	fliM	accC	flgA	mdh	gsk	paaK	cheZ	icd	bglG	fhuF	sbp	rpmH	livH	hyaE	livJ	yedL	yceD	ppk	artJ	umuD	modC	fliQ	garP
9.699133333333334	12.097000000000001	11.726333333333335	7.0202333333333335	10.629000000000001	7.302833333333332	7.4647000000000014	10.860333333333335	9.779466666666666	7.851466666666667	7.708766666666666	9.5456	12.360333333333335	6.580433333333335	7.2423	9.9495	8.532066666666667	8.912633333333334	10.634333333333332	11.323333333333332	8.369866666666667	7.7874333333333325	10.351666666666668	9.7536	6.8812	7.2407	9.551033333333333	7.310233333333333	7.137966666666666	11.519666666666666	7.331566666666667	10.526666666666666	8.699966666666667	8.391766666666667	3.694900000000001	10.678666666666668	8.1298	7.610433333333333	11.924666666666667	9.157066666666667	7.133933333333334	8.038433333333334	12.520999999999999	7.3541333333333325	9.379433333333333	10.780999999999999	8.469166666666666	11.532000000000002	8.364666666666666	10.911	10.183666666666667	8.526499999999999	7.322333333333333	9.9935	8.363733333333334	9.7017	7.9602666666666675	8.229033333333334	8.469566666666667	10.191333333333333	12.831	7.1034000000000015	6.927033333333334	9.380333333333333	6.778	7.990699999999999	8.463333333333333	8.448300000000001	9.2873	8.4003	8.585033333333334	6.287366666666667	8.210533333333332	10.395666666666664	9.646233333333337	9.0976	12.290666666666667	10.200666666666663	11.357000000000001	8.653633333333332	11.264333333333333	7.5363	10.203	7.535266666666668	8.045733333333333	7.0532	9.2618	9.375366666666666	7.827733333333334	7.165733333333333	7.967066666666668	7.035733333333333	9.258866666666668	9.158	11.422	8.187800000000001	8.545333333333334	12.113	7.624666666666666	8.041500000000001	7.9202666666666675	8.161166666666666	11.519	8.8637	7.377766666666666	8.568533333333333	10.842999999999998	10.843000000000002	10.674000000000001	8.933200000000003	8.7119	6.9587666666666665	11.828333333333333	8.593966666666667	10.849333333333336	9.715666666666666	9.072866666666668	9.932900000000002	6.5641	7.413066666666666	11.850666666666665	11.459333333333333	7.7399666666666675	8.094333333333333	9.105266666666667	8.486966666666667	8.078766666666667	8.695333333333332	9.788733333333333	7.922933333333333	11.884	7.2159666666666675	8.127733333333332	7.543433333333334	12.064333333333332	9.9417	8.418733333333332	7.790433333333333	8.572966666666666	9.318	9.667133333333334	10.186333333333334	6.529700000000001	11.296333333333335	11.573666666666664	10.516666666666667	7.774566666666666	7.8455666666666675	10.720999999999998	8.414	8.6256	7.378799999999999	8.614066666666666	11.794666666666664	8.5019	7.018300000000001	8.3297	10.076666666666666	7.540866666666666	7.328266666666668	7.6387	11.138333333333335	12.265666666666664	10.829	8.350666666666667	8.024766666666666	8.662899999999999	9.5098	13.188000000000002	8.896033333333332	7.8045333333333335	9.4312	8.175633333333332	8.894066666666664	4.726566666666667	6.5253000000000005	9.8115	7.386266666666668	8.936466666666666	6.7828333333333335	9.368333333333334	9.189233333333334	12.342	7.562699999999999	8.553366666666667	9.408066666666667	7.391333333333333	10.369000000000002	8.367199999999999	9.859699999999998	8.4749	8.720133333333335	11.327	7.3282	12.960333333333333	7.344533333333334	8.0301	8.982633333333332	8.276733333333333	6.610900000000001	9.905366666666666	8.6871	9.970566666666667	8.534066666666668	8.624966666666667	10.0849	10.784	6.948266666666666	6.045066666666666	7.973133333333332	11.214	6.525033333333332	7.559633333333332	8.113166666666666	9.703	7.412299999999999	9.446633333333333	9.037233333333333	8.138033333333333	10.868	8.534833333333333	8.597533333333333	6.999700000000002	8.570133333333333	7.454266666666666	6.720933333333333	8.964833333333333	8.532333333333334	9.408566666666667	8.794133333333333	7.266866666666666	10.336666666666666	8.547366666666667	10.935666666666668	10.525333333333332	9.895166666666666	7.544166666666666	4.663133333333334	7.1399333333333335	7.4771	7.126	10.334333333333333	9.3139	7.943333333333333	12.282333333333336	13.651666666666666	9.898833333333334	7.216566666666667	12.904333333333335	7.797533333333334	9.587866666666667	10.777333333333333	5.416333333333334	9.137766666666666	8.703733333333332	8.6166	9.408266666666668	8.200266666666666	9.0081	7.2197	9.779166666666667	8.218733333333335	10.619666666666667	10.241333333333333	7.837866666666668	7.2859333333333325	9.631533333333334	8.690166666666665	9.518766666666666	8.782933333333334	7.182666666666666	9.058333333333334	8.5855	7.935199999999999	7.975333333333332	8.1766	8.384766666666666	8.2377	8.202499999999999	8.195300000000001	11.889333333333333	8.303766666666668	8.2513	9.721066666666667	8.710433333333334	10.046766666666663	6.947233333333332	12.580666666666666	7.8541	8.769	8.072266666666666	11.473666666666665	12.332666666666665	7.700299999999999	9.120766666666666	7.954466666666666	10.195666666666666	8.3784	7.7516	8.224833333333335	7.401866666666668	8.5056	6.886500000000002	10.523	8.1681	12.948666666666668	8.0639	7.298433333333333	7.8449	13.717666666666668	6.085933333333332	11.501333333333335	9.6989	11.703666666666665	11.298666666666668	7.471066666666666	13.759666666666664	7.685433333333332	12.219666666666667	9.414133333333334	10.989333333333335	7.434866666666667	8.190866666666668	6.957833333333332	7.021233333333334
9.297233333333336	11.654333333333332	12.584333333333333	11.0553	7.957000000000001	7.560566666666666	7.361033333333333	8.540566666666667	9.055166666666667	8.2901	8.060833333333333	9.421066666666666	8.833133333333334	6.946233333333333	9.356333333333334	8.425266666666666	8.810033333333333	8.617866666666666	10.594633333333332	10.476666666666668	8.053133333333333	10.706	9.0344	9.674233333333332	10.950666666666665	10.0281	9.549233333333332	7.651333333333333	7.558933333333332	8.765033333333333	7.3340999999999985	10.78	7.8107000000000015	10.133566666666667	4.414033333333333	10.733	7.907299999999998	8.2251	9.7812	9.677333333333333	7.4065	8.416766666666666	8.515033333333333	7.896	9.017666666666663	7.319066666666667	9.932233333333333	8.4801	7.629333333333332	8.6387	7.379633333333333	10.468833333333334	10.1909	5.7025000000000015	5.987966666666666	9.142033333333334	9.268033333333333	10.447666666666663	9.822033333333334	10.36	8.418433333333333	9.775466666666668	7.451833333333332	9.001133333333334	8.2029	8.220833333333333	10.730333333333332	9.477433333333332	9.420033333333334	7.379600000000001	8.557033333333333	6.495166666666668	12.341	7.8459	8.9706	9.9334	13.027	10.731	10.914666666666667	9.4803	9.331733333333334	8.037033333333332	9.276866666666663	8.950966666666666	9.478266666666666	10.436266666666667	8.306733333333334	8.846	7.287633333333333	7.2699	8.644766666666666	9.671666666666667	9.174533333333336	8.282866666666669	11.557333333333334	9.630966666666668	11.975333333333333	8.215266666666666	7.148766666666668	8.2826	10.981666666666667	8.447766666666666	8.618733333333333	8.1767	7.444466666666666	9.0552	8.275933333333333	7.995100000000001	8.032266666666667	12.157333333333336	11.619333333333332	10.540333333333333	8.274133333333333	11.665333333333333	9.525766666666668	12.279333333333335	10.692333333333332	8.136000000000001	7.026	7.970666666666666	10.0393	8.523100000000001	6.272833333333334	11.886666666666665	7.513166666666668	8.380666666666666	10.472	9.597999999999999	9.304266666666667	8.414266666666668	10.968133333333334	7.242233333333334	7.512433333333334	9.209433333333333	11.630999999999998	8.860933333333334	11.914	9.729166666666666	8.2044	9.690666666666667	9.674033333333334	9.645366666666666	6.847033333333332	8.598133333333331	8.314733333333333	9.814933333333334	7.739133333333332	9.8419	9.310733333333333	12.009	11.257333333333333	10.875	10.914333333333332	9.628166666666667	8.501933333333334	11.178666666666668	7.797000000000001	8.3444	8.047133333333333	11.79	11.369666666666665	11.749	11.249666666666668	10.951333333333332	7.538699999999999	8.833933333333334	5.362566666666666	9.790166666666666	12.281333333333334	7.951533333333333	8.001199999999999	7.907800000000001	7.976966666666668	9.020766666666667	4.372866666666667	11.745266666666666	9.619933333333334	6.720633333333333	8.152933333333333	10.592666666666666	9.462166666666667	9.153633333333334	8.9906	8.234	8.913233333333332	9.457100000000002	7.780166666666666	13.476	8.079233333333333	8.288933333333333	8.5167	9.894233333333334	8.3076	11.801666666666668	9.477933333333333	7.695666666666668	9.857566666666663	7.8263333333333325	13.122666666666667	9.713833333333334	8.791366666666667	11.655666666666667	10.841	8.276033333333334	6.7033	7.694433333333333	10.444	6.988266666666667	5.356766666666666	12.025999999999998	10.941333333333334	7.210233333333334	7.950633333333332	8.372433333333333	7.309666666666666	8.070966666666667	9.145333333333333	7.549333333333332	10.788733333333333	9.254	8.763566666666668	8.591500000000002	7.407599999999999	8.749466666666667	10.899	5.8949333333333325	8.0799	8.251833333333332	6.836166666666666	8.563033333333333	9.2407	7.7404	6.7687333333333335	7.5671	9.200133333333332	7.2438	10.3	4.982666666666667	7.6575	11.269333333333336	10.013366666666666	10.2907	9.635833333333332	8.243366666666667	12.348333333333334	9.000366666666666	12.133333333333333	10.823666666666668	12.186666666666666	8.870199999999997	8.332499999999998	9.275966666666667	5.6557	9.380966666666666	7.4163000000000014	7.957266666666666	9.1144	7.713866666666667	8.866433333333333	10.192666666666666	9.665833333333332	8.508766666666666	6.7992	9.1175	7.930633333333334	11.532333333333332	7.9369	10.230066666666666	9.1472	7.956499999999999	7.595133333333332	7.8231	8.6682	8.423466666666666	8.460266666666667	7.224966666666668	8.978	8.663866666666665	7.835933333333332	11.925999999999998	8.3999	8.809566666666667	11.878666666666668	8.900733333333333	10.235033333333332	9.623966666666666	9.137366666666667	8.870433333333333	11.985	8.5842	8.1096	6.6724	8.9306	10.627666666666668	8.959433333333333	10.794333333333334	7.9346999999999985	11.461333333333334	8.166000000000002	8.627066666666666	7.7539333333333325	11.326999999999998	10.461866666666667	10.617666666666667	11.012	12.286666666666667	8.543966666666668	7.6093	11.278333333333334	11.590000000000002	6.3693	8.589799999999999	8.711466666666666	11.735666666666667	8.893066666666668	7.921533333333333	9.050966666666666	7.357266666666668	13.040333333333335	8.228766666666667	8.140333333333333	7.357199999999999	9.168333333333337	10.642533333333336	8.165766666666666
7.6402	9.998633333333332	12.731666666666667	7.6875	8.959833333333334	8.0376	7.226733333333333	7.4061666666666675	9.3352	9.539666666666667	7.5857	8.986699999999997	8.4405	7.0680000000000005	8.633933333333333	9.0032	8.894733333333333	7.707933333333332	9.129366666666668	7.0502666666666665	7.964133333333333	7.417266666666666	9.748833333333332	11.568333333333333	6.028200000000001	7.568766666666666	8.495666666666667	8.237466666666668	9.98	8.6867	10.24	8.419366666666667	8.858233333333333	11.930333333333332	4.0145	9.419666666666666	9.137233333333333	7.729166666666668	8.687433333333333	8.538400000000001	7.743633333333333	10.270666666666664	8.502866666666668	7.587533333333332	7.909266666666666	9.0069	8.413866666666667	7.973833333333333	10.563666666666668	8.194266666666667	10.815666666666667	8.424233333333332	7.571633333333334	10.499333333333333	6.354733333333333	9.129933333333334	8.619566666666666	8.045733333333333	9.810966666666667	9.462966666666668	7.131	7.2562	8.1031	10.013033333333333	8.047666666666666	7.401666666666666	7.7887666666666675	10.758	8.0401	10.782666666666666	9.333966666666667	6.454633333333333	7.637966666666666	12.692333333333332	9.261433333333336	9.107566666666663	8.4051	10.387	9.092066666666666	8.843233333333334	9.817	9.2485	7.933700000000001	7.1484	10.098766666666666	7.512333333333332	9.2319	9.8832	7.8499333333333325	7.526333333333333	7.214966666666666	10.3022	8.523299999999999	9.383666666666667	9.433266666666666	7.4856333333333325	6.788900000000001	8.575899999999999	7.705966666666666	7.974033333333334	7.987133333333332	7.8125	8.157033333333333	11.552	7.092700000000002	8.4115	11.008666666666667	7.3138	7.5591	9.487699999999998	8.661833333333332	6.9044	8.308666666666666	10.179	8.464433333333334	8.823466666666668	11.091666666666667	7.5989666666666675	6.1328	9.199	12.531999999999998	8.243833333333333	6.024066666666666	8.134266666666667	7.533200000000001	7.656833333333334	6.712500000000001	7.606466666666668	8.961866666666667	9.2355	9.393866666666666	8.441066666666666	8.229266666666668	8.5723	8.032966666666667	8.662266666666666	8.4434	7.7548666666666675	8.955566666666666	9.266866666666667	8.643933333333333	10.943333333333333	7.407833333333333	8.6558	8.932233333333334	11.749333333333333	7.913166666666666	8.224633333333333	7.571133333333332	7.9266999999999985	8.287433333333334	6.956133333333334	12.029000000000002	8.7179	8.484066666666667	7.882966666666667	8.254733333333332	9.144233333333334	8.186533333333333	6.275833333333334	7.312366666666668	10.002733333333332	8.159866666666666	10.639666666666663	10.898	8.724966666666667	7.045133333333332	7.908200000000001	8.366233333333334	10.682	7.4574	7.949633333333334	9.830233333333334	8.675166666666668	6.1436	6.425466666666666	8.798266666666667	7.932766666666668	8.623500000000002	6.6433	9.868066666666666	7.964733333333334	8.217633333333334	9.379633333333333	7.8398	10.481333333333334	7.8847999999999985	9.02	8.183933333333334	7.113533333333333	10.473999999999998	9.929533333333334	8.614533333333332	6.890933333333334	9.150833333333333	7.660433333333334	8.010033333333332	8.886899999999997	9.932266666666667	7.239866666666668	11.204333333333333	9.7279	10.593333333333334	7.663466666666667	7.699633333333334	7.523199999999999	10.889666666666665	8.3896	5.1953	8.1554	9.6088	6.989733333333334	8.704366666666667	8.573666666666668	7.386833333333333	7.2519	8.169433333333334	6.634666666666668	7.8685333333333345	8.330833333333333	9.234433333333332	9.331433333333337	10.161	7.477166666666666	7.452300000000001	13.924333333333333	9.560433333333334	9.530733333333332	10.491	8.4244	8.555066666666667	8.0324	8.010800000000001	8.0466	8.2303	11.001666666666667	7.845333333333333	5.3543666666666665	7.188266666666666	7.3716	7.025933333333334	11.875333333333332	11.412666666666668	8.136733333333334	10.666	8.491233333333332	9.563066666666666	8.047033333333333	8.8722	8.303933333333333	9.8728	8.517133333333334	5.276	10.805	6.9178	7.915766666666666	8.796199999999997	12.435	9.315466666666667	6.617533333333332	8.7936	8.4445	7.142566666666667	9.480366666666667	9.624166666666666	7.099866666666666	10.226	10.775666666666664	8.198033333333333	10.611	8.145133333333334	9.312633333333332	7.8313	8.895266666666666	8.614066666666666	8.5109	9.010666666666664	8.981333333333334	6.964333333333332	7.748166666666667	8.461833333333333	9.8566	6.7859333333333325	11.185666666666668	10.567333333333334	11.108666666666664	7.8393000000000015	7.546433333333333	7.948766666666668	9.195833333333333	8.518366666666665	10.375	8.252033333333335	6.613966666666666	10.156666666666666	9.3569	7.895266666666667	7.5657	7.654466666666668	7.9682666666666675	9.574566666666668	8.0227	7.200066666666667	8.550133333333333	7.5661999999999985	9.416566666666668	7.9314	7.407299999999998	7.717033333333332	9.470233333333333	5.7621	9.426133333333333	7.207233333333334	10.940333333333333	9.0876	8.8587	8.560333333333334	7.8603999999999985	10.081533333333333	9.210933333333333	7.160666666666668	7.5321	8.2711	7.9151333333333325	7.8227
8.055299999999999	11.45	10.9815	13.185	7.68715	7.69885	7.3981499999999984	8.9613	9.0758	8.04585	7.94415	9.42865	8.705449999999999	6.71325	8.5659	9.7617	8.92685	8.29315	10.802	10.3205	9.7245	8.1037	9.27905	10.6185	7.14655	7.3262	8.9574	7.3469	7.423450000000001	8.00985	7.3976000000000015	10.7175	8.1448	8.62895	3.56905	11.094000000000001	7.85725	8.19985	9.8048	10.7085	7.1155	8.7148	8.1691	7.7863000000000016	9.19415	7.4216	8.1705	8.289449999999999	8.41055	8.977599999999997	8.16405	8.93365	7.1681	8.7305	7.35905	8.115	9.8924	8.378499999999999	9.19495	10.0801	8.95775	7.2114	7.56	10.2025	9.18495	8.6719	8.6585	9.9724	7.72315	7.8213	8.91825	6.65835	8.450700000000001	8.930250000000003	10.2145	11.4765	11.360999999999999	10.1045	11.558	9.9202	9.54185	9.14285	10.113	10.04425	8.7745	7.20415	9.1764	8.49555	7.01605	7.80655	8.65945	7.398	8.646149999999999	9.2276	12.194	11.911	8.425550000000001	8.17905	6.84455	8.3539	7.83335	9.1952	8.87785	7.390599999999999	7.2657	9.2211	8.3334	8.4987	7.78595	9.26345	9.2558	7.1316500000000005	8.0132	9.6502	8.3473	11.5555	10.1817	8.18675	8.654250000000001	7.7045499999999985	10.8265	8.8478	6.2225	13.5305	7.0966000000000005	8.7182	8.33765	8.48695	11.503	8.69155	11.925999999999998	7.6575	6.8968	7.71855	11.611999999999998	9.746	8.719100000000001	7.7451500000000015	8.142000000000001	9.129650000000002	9.14465	9.32285	6.89435	9.5331	7.89415	10.2805	7.4082	8.3322	8.1851	8.354099999999999	8.691500000000001	7.3912499999999985	10.7035	8.7792	9.0948	7.17785	8.15905	8.63065	7.9543	7.1069	7.6188	11.6535	12.2895	10.584000000000001	7.3762500000000015	9.0868	6.9199	9.2873	12.87	8.2717	8.4245	7.97975	8.24395	8.636099999999999	4.32615	13.267000000000001	11.0115	6.25195	7.70885	6.65455	9.4689	9.1414	9.27175	7.9099	8.519649999999999	9.99985	7.50545	12.1125	7.68615	8.21095	9.41925	9.46775	7.994299999999999	7.4329	9.14645	8.1125	8.0975	8.0559	8.0881	6.9926	8.337499999999999	8.32975	11.0965	8.31055	7.9733	7.719799999999998	9.86975	7.6072000000000015	5.66155	8.5049	10.5825	6.58705	7.7116500000000014	8.45865	7.49535	7.55755	8.276299999999999	8.10615	11.0015	8.8352	8.6082	8.44415	6.8714499999999985	8.360700000000001	7.5441	6.3480500000000015	7.9939	8.930800000000003	7.976599999999999	8.0056	6.999700000000002	8.0012	6.752599999999998	7.72255	8.85125	7.22315	7.88705	5.6441	7.3336	7.3173499999999985	7.03065	10.771	10.0684	8.5732	11.62	9.52825	10.752	7.1525	12.6975	8.2164	9.3726	9.1768	5.82695	9.0395	7.0226	8.53715	9.0345	7.5104	9.0743	7.5759	9.11905	7.8477999999999986	7.8138	8.12965	8.3834	7.2546	7.9834	11.1515	9.160049999999998	8.58935	7.21405	8.107800000000001	8.6889	8.17935	8.324950000000001	7.47315	8.19375	8.32245	7.91195	8.22615	8.410599999999999	8.40895	7.9889	8.7508	10.0983	10.3165	7.3744	8.0279	8.3177	8.388850000000001	8.11015	6.8605	8.669450000000001	7.626849999999999	8.8384	8.16085	8.066500000000001	8.376149999999999	8.17785	8.2725	7.67785	8.6351	6.6226	9.64665	8.16575	12.4335	7.49145	7.3634	7.60295	12.3005	7.43175	7.89365	8.7685	10.668499999999998	9.3072	7.68305	9.6485	7.51615	12.1575	9.1074	8.3128	7.3239	8.162849999999999	6.8959	9.83455
9.2784	11.696	11.316	8.5018	10.074	7.6358	7.6986	9.8699	10.168	7.5414	7.2715	8.9889	10.161	6.6865	7.6775	9.1674	8.384	8.5377	9.6772	10.522	8.7737	7.9132	8.8421	10.044	7.3164	6.8081	9.5346	7.2935	10.549	10.835	9.1711	9.9599	8.6423	8.2424	3.5597	10.072	7.9329	7.6726	12.013	9.8507	6.9734	9.9867	9.799	7.298999999999999	8.1144	10.859000000000002	8.9673	9.2143	8.3861	10.948	10.825	8.3261	7.4581	10.536	7.0839	9.1655	8.0006	8.1158	9.8149	9.7662	11.443	7.097	7.3419	10.503	7.6666	8.6663	8.3498	9.2354	7.7882	8.9248	8.333	6.7173	8.2196	10.328	9.995	10.339	11.99	9.768	10.993	8.732000000000001	10.067	8.7371	9.4842	8.651	11.44	7.4905	9.4183	9.8758	7.5003	7.8084	7.9445	5.8383	8.9751	8.4687	10.895	9.9982	8.2547	12.97	7.449	7.7165	7.6646	9.1648	10.433	8.4421	6.8344	10.186	9.506	8.9911	9.4318	9.1784	8.7984	6.6133	8.8999	8.29	10.146	10.659	9.5107	8.3403	7.0948	7.9411	11.694	10.323	6.7738	8.9612	7.9492	8.7526	8.6919	8.3613	9.2083	9.5789	10.789	6.9557	7.3185	7.5315	11.729	10.138	8.2242	7.8142	7.7578	9.2863	9.3734	9.7445	9.1938	9.6686	9.6888	11.039	7.7652	8.297	10.157	8.3278	8.4029	7.4197	9.4389	11.305	8.9281	7.4871	8.0317	9.1876	7.5562	6.7982	7.9199	12.002	11.088	10.720999999999998	7.3923	8.0931	7.747000000000001	8.8073	12.673	8.0702	8.1061	8.0636	7.7361	8.1469	4.3465	10.107	10.016	7.1373	8.3735	6.9362	8.899	8.564	11.708	11.652	8.1738	10.198	7.4644	11.619000000000002	7.562	8.7094	8.9768	8.6862	11.742	7.5905	12.327	7.6987	7.895	8.8259	8.4311	6.776	8.1602	8.6559	10.96	7.4775	8.2375	10.212	10.185	7.1204	5.8963	8.5247	11.205	6.7727	7.9632	8.2302	8.065	7.1416	9.0611	8.5543	8.3118	9.4883	8.7733	9.034	6.7047	8.3753	6.6705	7.1512	9.4592	8.7766	8.34	8.2702	6.7514	8.2397	9.6742	9.9639	9.5853	11.091	7.3873	5.2435	7.0349	7.3714	7.1539	12.081	8.6708	8.1402	11.458	12.479	9.3807	7.8593	12.526	8.0764	8.5969	10.624	5.6506	9.4436	7.5111	8.6538	9.2849	8.5117	7.9427	7.3451	9.264	8.6796	9.039	10.863	10.202	6.9296	10.587	9.5566	9.1552	8.6294	9.9178	9.3351	8.8891	8.1572	7.3229	10.145	8.4419	8.0414	7.64	8.1825	9.2303	8.2516	8.3722	10.617	9.4266	9.3542	7.1992	9.4319	7.7965	8.7099	8.3164	7.5988	9.6103	7.8376	8.621	7.8933	10.285	8.3475	7.7097	7.9217	7.2958	8.2438	6.7621	9.9293	7.8361	12.269	7.2987	7.3465	8.1079	12.853	6.8699	10.605	8.9974	10.91	11.32	7.3322	13.644	7.5293	11.407	9.1032	8.8205	7.5369	8.043	7.5588	7.1722
8.7522	12.395999999999999	12.0745	13.335	8.015	7.753500000000002	7.5959	9.55575	9.6869	7.74015	7.28435	10.1555	8.35605	6.313549999999998	8.21525	9.633500000000002	8.36285	9.06155	12.611999999999998	11.2115	10.3105	9.85775	11.084	9.8267	10.252	9.80715	9.1507	6.9818500000000006	8.0555	9.508	7.46465	10.79	8.18075	8.9373	3.6558	12.710999999999999	8.81905	7.94645	9.7166	10.515999999999998	6.9102	10.7055	7.9829	7.5237	10.2895	7.2695	9.42485	7.980599999999999	8.299	8.56915	8.183	9.19195	9.9147	7.5122	8.1021	7.8765	10.172999999999998	8.5678	9.5947	11.8405	9.1102	10.19405	7.8517	10.459000000000001	11.315	9.21175	9.28225	10.0555	7.54585	7.389699999999999	9.38445	5.85305	12.802499999999998	9.0405	9.6813	11.917000000000002	12.0335	10.773	11.2675	9.8262	10.24	9.3757	10.382	9.7504	8.037849999999999	8.76685	9.002199999999998	9.30075	7.1923	7.37785	8.2538	7.25415	9.514600000000002	10.5965	13.1705	10.241499999999998	11.3555	8.0364	6.89595	8.05795	11.7255	10.351	8.04315	8.342500000000001	6.924150000000001	8.6903	7.32295	8.046	7.68955	11.251	9.5997	9.9712	7.6789	8.65905	8.9301	13.3235	12.17	8.04035	11.33	7.5909499999999985	10.408	8.2426	6.4813	14.0735	7.15725	8.3087	9.30205	9.337	9.0267	8.6699	11.91	6.6551	7.304449999999999	8.296800000000001	12.2845	9.72865	10.651	8.65215	10.265999999999998	9.6306	9.44155	10.429	7.02375	8.99285	8.2843	10.6255	7.7431	8.5021	8.355699999999999	12.7085	9.99745	10.7785	12.232000000000001	8.9185	8.5458	9.0618	8.2653	8.65445	7.26445	11.8225	8.92255	11.172	12.3795	12.0815	10.2445	8.8477	7.433	11.5715	13.258500000000002	8.50835	8.68425	7.80015	8.2506	7.9753	6.39855	13.6495	10.3345	6.687799999999998	9.52375	11.008	9.552999999999999	9.79405	9.8239	8.7412	8.85285	10.1945	7.31965	12.7165	8.869	7.8933	9.16255	10.797	7.8298	11.435	9.26345	7.24095	9.15575	8.70925	11.8935	9.431	9.27045	8.32995	10.0495	8.0927	7.93895	7.66905	10.6665	6.80985	5.7307000000000015	10.492	11.1885	7.8354	7.5563	8.39855	7.63955	7.32325	7.57555	7.75705	12.4325	8.097100000000001	8.697000000000001	8.385349999999999	6.9485	8.5058	8.8307	6.2339	9.09315	9.4339	8.49005	8.9511	7.7974	7.62255	9.7496	7.70185	8.559349999999998	7.45465	9.00765	4.9287	7.08115	12.284	9.1842	11.152	9.4647	7.88525	12.120999999999999	10.0825	10.6175	9.72155	13.0605	7.72935	9.1358	8.92145	5.3199000000000005	8.83235	6.76395	7.994250000000001	9.25165	7.7371	8.949	8.660150000000002	10.665	9.56835	8.00595	7.7341	8.9092	11.852	10.7015	10.3125	9.1386	8.313600000000001	7.6666	8.3718	8.7551	7.8978	7.90945	9.47585	9.5231	7.95745	7.28515	10.793500000000002	7.9585	8.36045	11.029000000000002	8.16725	10.585	10.0995	7.58395	9.14275	10.7795	8.38165	8.609649999999998	6.13865	8.0571	10.0098	9.522749999999998	10.1545	7.5392	10.6755	9.1787	8.33485	7.43305	11.9625	10.356	10.754	11.17	13.189	7.85135	8.023800000000001	9.5712	13.042000000000002	6.2485	7.7355	8.091149999999999	11.3045	8.59835	7.40385	9.0085	7.3038	12.013000000000002	10.1635	7.944199999999999	7.41315	8.4038	9.40455	7.3337
10.651500000000002	9.1442	12.049	7.5566499999999985	8.12235	7.5593	7.645799999999999	8.98285	7.93715	7.9654500000000015	7.97465	10.518	8.997150000000003	6.8191000000000015	7.34955	8.3264	8.786200000000001	9.616499999999998	8.9031	10.527999999999999	7.89475	10.4575	8.87395	9.791	11.1095	9.91915	9.9735	7.5384	7.17575	8.95995	6.97025	10.616	7.928549999999999	8.560099999999998	3.6296	9.2795	7.58425	8.0609	9.853000000000002	9.183	7.15385	7.90225	8.7204	7.6831	9.6682	7.45325	9.0763	8.5589	7.907299999999998	8.82095	7.483	8.90755	9.38025	6.5581	6.65425	8.4969	8.389	9.42355	8.0284	8.684650000000001	8.7563	9.7433	7.46345	8.30415	7.414999999999999	8.363999999999999	10.395	8.3694	7.8016	7.475300000000002	8.1833	6.71895	11.98	7.4367	9.791	10.099	13.2905	10.522000000000002	10.9875	8.3909	8.47815	7.7395	9.9013	8.0767	11.732500000000002	9.2277	8.610800000000001	8.5396	7.17055	7.18035	8.4622	7.20285	8.8656	8.26205	9.87115	7.6912	11.419	8.707999999999998	7.02925	8.442499999999999	11.2325	7.10315	8.74245	6.4057	7.8085	8.93355	8.590399999999999	8.32545	7.8971	11.8135	11.616	10.33	8.4917	9.2414	9.68245	8.80185	8.9083	8.267199999999999	6.5008	7.47335	8.75355	8.8047	6.1509	8.947000000000001	7.2833	8.61945	10.5035	9.2533	11.402	8.0231	12.5195	7.48225	7.1866	7.4227	12.0545	9.22995	11.026	9.4351	8.0373	10.227	10.716	10.2365	6.8209	8.9437	9.004950000000003	9.88735	7.5586	8.93745	8.28045	12.068	11.381999999999998	10.770999999999999	8.968250000000003	9.25025	8.8642	10.3555	7.90115	8.161000000000001	7.9441000000000015	11.3205	10.9415	11.720999999999998	12.1265	10.0282	7.6160000000000005	8.5545	5.63305	8.98345	12.892999999999999	7.2887	8.1754	7.870649999999999	7.9505	7.5202	4.52005	7.0112000000000005	9.1646	6.67225	7.60655	9.61755	8.92625	9.5233	9.60685	7.7493	9.07715	8.59975	7.5413	9.99475	7.68525	8.2248	8.045	8.67225	8.2723	11.843	8.899799999999997	7.6352	9.4722	7.1346	12.826	8.8078	7.993600000000002	9.243	10.382	10.1265	7.3347	7.6958	10.7925	7.2855500000000015	5.6857500000000005	11.2125	12.288	6.5083	7.78525	8.563649999999999	7.28695	7.4984	10.6085	7.5393	8.585049999999999	8.739049999999999	8.31125	8.514700000000001	6.986000000000001	9.1202	10.394	6.2283	7.5892	8.017050000000001	6.8572000000000015	8.35265	8.05655	7.793850000000001	6.5019	7.6548	8.9816	6.72775	10.584000000000001	5.4277	7.2253500000000015	11.499	9.54245	9.05655	9.21485	8.4361	12.0835	9.28515	8.967649999999997	10.296	12.8375	8.07835	8.3108	9.40885	5.9033	8.98975	7.40125	8.19015	10.4765	7.23205	8.85415	8.791799999999999	9.12335	7.769249999999999	8.08365	8.7322	7.9321	10.813	7.736499999999999	9.27895	10.1555	7.8245	7.3537	7.9313	8.488299999999999	7.8863	8.239049999999999	7.0049	7.90195	8.41845	8.0169	11.168	8.77725	8.0883	11.245	8.5411	9.04135	9.4449	7.12105	9.2703	11.7765	8.243	8.02635	6.37185	8.6726	10.0525	9.2202	10.526	8.09385	11.1375	7.74085	8.167549999999999	7.54105	11.7235	10.355999999999998	10.729000000000001	10.5805	10.3035	8.73855	7.412999999999999	10.356	11.3435	6.6064	9.46475	8.9133	12.592	9.09965	7.6809	9.61845	7.532450000000001	12.8315	9.003499999999997	8.602599999999999	8.2942	8.72945	9.5112	7.0189
10.1895	8.74605	12.861	7.1463	10.794	10.135	7.7094	10.7395	8.189	11.403	7.62545	10.885000000000002	8.907900000000003	6.7599	7.31485	8.153849999999998	8.4067	9.5687	9.65665	9.97145	7.80075	10.8035	8.936499999999997	9.3306	11.5905	9.64905	9.85145	10.452	7.5634	11.4	7.0362	9.7602	8.144850000000002	8.6933	3.6084	9.7903	7.370649999999999	9.3691	12.3425	9.0032	7.994	7.61825	8.6828	7.59165	8.774799999999999	11.3945	9.56535	10.04825	7.45005	11.669	12.0705	9.0966	8.4488	10.5695	7.3188499999999985	10.614	7.92925	9.84895	8.0463	8.37245	10.021999999999998	9.99425	7.0395	8.2361	7.2049	7.88965	10.823	8.2015	8.05765	7.349299999999999	8.01435	6.83965	11.223	8.8107	9.1156	9.2043	12.7775	10.2375	11.4855	8.75515	9.33595	7.397399999999998	9.5729	7.2534	11.485	8.5445	8.15525	9.3584	7.55145	7.4912	8.86635	7.6174	8.8284	7.82495	9.6357	7.6077499999999985	11.729000000000001	11.9045	7.99805	8.3892	10.958000000000002	7.3317999999999985	10.5255	7.22805	7.3474	8.7053	8.49765	9.6679	10.1045	10.9175	11.727	11.272	8.9804	12.825999999999999	10.096	8.59815	10.297	8.9819	6.2277000000000005	7.2323	9.56855	10.365	6.0547	8.09685	7.52295	8.67815	10.7155	9.21265	12.112000000000002	7.961349999999999	12.258	7.53915	7.5878	9.0771	11.9165	10.630999999999998	11.7535	10.383499999999998	7.6647	9.6294	11.061	10.366	6.7288	9.7302	9.99365	12.510000000000002	9.7957	9.559	8.362449999999999	11.538	11.6905	9.6184	8.5058	11.9075	9.49945	11.3035	8.241	9.03265	7.46225	10.2621	10.8595	12.052	11.8615	10.0455	7.455	8.77865	8.9564	9.2339	12.753	7.6892	7.65745	9.69655	8.6565	7.3578	4.38985	4.7942	8.95275	6.35215	8.1685	10.622	8.48105	8.8765	12.437000000000001	7.5574	8.68055	8.4846	7.61265	9.3159	7.9198	8.9422	8.1204	9.5028	11.7745	10.474	12.7815	7.22415	8.76	7.4162	13.6635	9.0778	8.5159	9.3899	11.607000000000001	8.11325	7.3927	9.66255	10.632	6.67445	5.537999999999999	11.043	12.159499999999998	6.4685000000000015	7.95245	8.57125	9.0719	7.732699999999999	9.69955	7.2776999999999985	7.9994	11.116	8.677299999999999	11.994000000000002	7.4125	8.7186	11.107000000000001	5.9518	12.1135	7.87645	8.9332	8.63625	8.6113	8.574000000000002	6.5571	10.265999999999998	9.62065	10.794	10.8135	5.0289	7.2692	11.152	8.802800000000003	9.25335	8.54455	7.94045	12.334499999999998	10.62	8.669699999999999	9.55045	12.7545	8.40005	7.86105	9.33485	5.5596	8.4763	8.5847	9.17415	10.0061	7.4825	9.0825	9.5861	9.1683	7.48705	9.80805	11.007	7.7794	11.142000000000001	7.70235	8.62305	9.7975	7.6648	7.39195	8.52785	8.5678	11.6785	8.25255	7.3724500000000015	7.7866	11.5	9.3159	11.4985	8.736650000000001	8.47015	11.7815	8.50255	10.164	9.4648	7.62195	9.0843	11.8135	8.613150000000001	7.89215	7.5129	11.799500000000002	9.4364	8.98235	11.2675	9.5585	10.2385	7.777649999999999	10.02645	11.2265	11.056	9.0582	10.7255	9.11055	10.313	8.367249999999999	7.0896	11.482000000000001	11.857000000000001	6.09745	10.7805	10.05	11.9275	10.3305	10.4785	10.2	7.5113	12.392999999999999	9.2502	9.7231	7.1488999999999985	8.8414	8.5335	7.15
10.126	9.8989	12.605	8.7257	8.0018	7.8735	7.6501	8.1467	7.4292	7.5218	7.262	8.6037	7.9324	6.9886	7.2103	7.9526	8.5382	10.054	11.822	9.1199	8.1275	8.6487	10.079	10.477	8.8539	7.6838	10.185	6.6923	7.3725	7.5825	6.7409	9.3254	7.8033	10.872	3.6545	11.515999999999998	7.3862	7.9109	9.2568	9.6928	6.5809	7.8055	7.6606	7.0161	10.399	6.4159	10.103	8.3094	7.8257	9.1114	7.8794	9.4788	8.7827	5.8793	7.1257	8.0465	8.6582	10.493	8.3321	9.4621	8.0467	7.6524	6.9537	9.4593	6.8667	7.7944	9.1477	8.3615	7.5598	6.8244	8.1944	6.7287	12.109000000000002	7.072	11.813	9.8755	12.419	9.0644	10.845999999999998	9.4633	7.5146	8.3323	8.8236	8.5392	12.083	8.3052	8.4002	9.7873	7.0632	6.7892	8.1462	8.3438	7.7665	8.3221	11.122	7.8411	11.296	8.1958	6.8141	8.06	9.2116	7.8427	7.9732	6.283	7.7512	8.5823	6.9496	7.9421	7.9411	10.709	11.621	10.147	7.4982	8.3657	9.2323	11.3	10.424	9.0567	6.5571	6.4562	8.3498	8.6305	6.417000000000002	11.341	6.9248	8.4546	8.5558	9.9059	8.238	7.6005	10.214	7.1252	6.3478	7.8896	12.182	9.432	9.6212	8.4955	9.6644	10.526	10.759	8.9579	5.9806	8.9753	7.6437	8.6557	7.1958	8.9692	7.8508	11.880999999999998	9.2457	10.043	11.274	9.5807	9.2052	11.911	8.1178	8.0861	7.395	11.015	12.47	11.432	11.202	11.723	9.0887	8.7875	4.8319	9.2991	12.283	7.1535	7.8816	7.3519	10.065	7.6017	5.5037	10.195	9.1796	6.8712	9.4713	10.001	9.0556	8.7827	8.6663	7.1392	8.2129	9.0778	6.8082	9.1666	7.8222	7.7479	7.7782	9.4082	7.2503	11.329	9.5088	7.1525	9.7367	6.8975	12.667	9.274	7.7742	10.099	13.241	7.5602	6.6725	7.202000000000001	8.6368	7.4961	5.4996	11.739	13.069	5.6741	7.1984	8.6574	6.3741	7.5185	10.028	6.8634	8.3247	8.4122	7.8718	7.9571	7.0977	8.184	11.401	6.2163	8.8911	8.4045	6.751	7.386	8.0059	8.2647	6.2995	7.186	9.2137	6.3705	8.6495	4.635	6.2543	10.026	6.454	10.01	9.6578	7.8499	11.095	8.6513	8.8013	9.7939	12.482	7.6564	8.0415	8.0906	6.3141	8.9181	7.5091	7.5079	10.922	6.3285	10.69	9.5889	9.3289	8.254	8.1126	8.0686	7.7977	11.138	7.789	10.295	10.564	7.4303	6.3643	7.8863	8.094	7.1378	8.402000000000001	6.7939	8.8172	7.325	7.1649	10.472	7.8726	8.567	11.063	8.0045	9.3872	9.6532	7.0772	7.744	11.224	8.0598	7.9767	6.6229	7.8922	7.7127	9.7961	10.054	7.6796	9.338	7.7905	8.6048	6.6789	9.7595	9.5715	10.257	10.291	11.638	8.316	7.5551	8.888	12.156	6.6208	7.4843	8.5123	12.429	8.993	6.9895	9.4853	7.1458	12.470999999999998	7.0069	7.6391	8.45	9.0509	8.4293	7.7671
9.560166666666666	11.878333333333332	12.096333333333336	10.5739	8.126266666666668	7.606266666666666	7.416133333333334	9.4541	7.957133333333334	7.984233333333332	7.7393	10.0647	9.0337	6.822766666666666	9.929866666666667	8.831433333333333	8.6413	9.246966666666667	11.27533333333333	10.673333333333332	9.823933333333336	8.0053	8.787766666666668	10.0204	7.2006000000000006	7.924133333333334	9.4992	7.5284	7.472166666666666	9.057133333333336	7.093000000000001	10.779333333333335	7.696433333333332	9.260799999999998	3.7176	11.495999999999999	8.500033333333333	7.912700000000001	9.9382	10.181666666666667	7.215766666666666	8.419933333333333	8.713266666666668	7.631433333333334	9.383866666666668	7.3542999999999985	8.578166666666668	8.3718	8.0546	8.701933333333333	7.528933333333333	8.7667	7.642933333333333	6.147166666666667	6.431933333333332	8.227233333333333	8.899300000000002	8.612733333333333	8.7219	10.614666666666666	8.096933333333334	7.639500000000001	6.9673333333333325	8.974466666666666	7.903733333333332	8.6761	8.806600000000003	8.970866666666668	7.844366666666668	7.414066666666668	8.491033333333334	6.479933333333333	9.8534	7.3961	9.454033333333333	10.3663	12.108	10.728666666666667	10.923333333333332	9.466866666666666	8.753766666666666	8.333966666666667	10.006666666666668	9.203433333333333	10.610866666666666	7.6249	8.616833333333332	9.1013	7.211699999999999	7.531933333333334	8.304666666666668	6.8613333333333335	9.086066666666666	8.460033333333334	11.842666666666664	12.697333333333333	8.8297	8.1943	7.3308	8.187966666666666	8.771600000000001	8.4474	8.663733333333333	7.369700000000001	7.528533333333333	8.642233333333332	7.707066666666668	8.596166666666667	7.332366666666666	9.8691	9.048366666666666	7.553233333333334	8.6487	9.418266666666666	9.603633333333333	12.427333333333333	10.594433333333336	8.343166666666669	7.9802	7.626733333333334	8.286333333333333	8.649466666666667	6.1819	12.618666666666668	7.339833333333334	8.481433333333333	8.299733333333334	8.919533333333334	9.9322	7.990233333333332	12.14733333333333	7.036433333333332	7.949933333333334	8.1972	12.382	9.19	8.759199999999998	7.697333333333333	9.2231	9.476166666666666	9.667333333333332	9.962566666666667	7.1463	9.04	8.925333333333334	9.9282	7.734466666666667	8.1864	8.491433333333335	9.660766666666667	8.800133333333333	8.4226	10.699666666666667	9.459166666666668	8.363333333333333	6.9768	8.158066666666667	8.367399999999998	7.689166666666666	8.958233333333332	7.606266666666666	10.639666666666667	11.834666666666665	10.114400000000002	9.2457	8.685866666666666	5.6217000000000015	10.0429	12.960999999999999	7.774000000000001	8.313633333333334	8.151766666666667	8.326366666666667	7.587866666666668	5.015033333333334	12.000666666666667	9.481533333333333	6.7475999999999985	8.172633333333332	7.5413	11.534	9.2466	9.365933333333333	7.9765000000000015	8.540766666666666	9.3212	7.7247666666666674	13.077666666666667	7.9955333333333325	8.351866666666666	8.690966666666666	9.6889	8.041200000000002	8.7142	8.876433333333333	7.550833333333334	8.3404	7.701799999999999	8.38	6.7026666666666666	8.086933333333334	10.018	9.641733333333333	10.646333333333333	7.859433333333333	7.7556	10.442	7.041366666666666	5.3519	7.775966666666666	11.675666666666665	6.985766666666668	8.030299999999999	8.455133333333334	7.110733333333332	7.538799999999998	9.864366666666664	7.599966666666668	10.712733333333333	8.578666666666665	8.500733333333335	8.5144	7.079933333333333	8.686633333333333	7.5837	5.7938	7.908566666666666	8.349233333333332	6.9533	8.192933333333333	7.492166666666668	7.745033333333333	7.592266666666667	7.859966666666666	9.199866666666667	7.191833333333333	7.674600000000001	5.093466666666667	7.377200000000001	8.947833333333334	7.623933333333333	10.132466666666668	11.464999999999998	8.338966666666666	11.935333333333332	8.982366666666666	11.549666666666667	7.812633333333332	12.953333333333333	7.934666666666666	8.410833333333334	8.379933333333334	5.757466666666668	9.310633333333334	7.251733333333332	8.086633333333333	9.7058	7.641066666666667	9.324166666666667	7.2489	9.574	8.436433333333332	6.886066666666667	8.074599999999998	7.781866666666668	8.872966666666663	8.4931	10.1801	9.4687	7.6168	7.499066666666668	7.867066666666666	8.603533333333333	7.9310333333333345	8.025	7.475466666666668	8.998066666666668	8.387333333333334	7.724033333333334	8.3789	8.752833333333333	8.418800000000001	8.587800000000001	8.765666666666666	9.9256	9.5638	7.403066666666668	9.439333333333334	8.236699999999999	8.259733333333333	8.175966666666667	6.709033333333332	8.513366666666665	8.5132	8.763233333333334	8.232566666666665	7.9318	9.0244	9.3362	8.187733333333334	7.633199999999999	9.455633333333333	8.171199999999999	10.480133333333333	8.839166666666666	12.002	8.350833333333334	7.755133333333332	7.9967	12.020333333333333	6.570333333333332	9.427466666666666	8.482366666666666	11.585333333333333	9.074600000000002	7.817133333333333	9.1408	7.311266666666667	12.635666666666665	9.4099	8.166033333333333	7.6423999999999985	8.385633333333333	7.347166666666666	7.435633333333333
8.6182	11.4325	10.6945	9.7324	7.7844	8.9976	7.24505	8.82615	11.8045	11.8195	7.9285	9.45405	8.68505	6.6933	7.15925	10.03315	8.731349999999999	8.63695	11.128	10.1275	8.229199999999999	7.6963	9.2677	9.96405	6.8319	7.45585	9.177	10.34	7.8336000000000015	9.0704	8.6164	9.4187	11.3585	8.0238	3.81225	10.887	7.66585	9.33455	9.31415	9.0485	8.563099999999999	9.9817	8.24595	8.6204	9.540299999999998	7.7948	8.14945	9.37335	9.3382	8.4209	12.372	8.896799999999997	7.1193	13.9585	8.8594	9.14665	8.56615	8.53895	8.53785	9.999	8.01705	7.297449999999999	7.0515500000000015	10.215	7.39765	8.09315	8.591249999999999	9.37575	7.6049000000000015	11.1965	8.54925	6.37995	8.3139	11.998	9.86775	10.01635	11.683	9.1792	9.4121	8.25795	12.9765	7.6561	9.0746	7.7888	8.60885	7.217549999999999	9.7601	9.0793	8.4354	7.22445	8.74595	6.103199999999998	9.09945	8.1736	11.5265	7.9842499999999985	8.57645	8.98185	7.3838	8.163350000000001	8.19675	8.7867	8.31145	11.5295	7.3533	8.893799999999997	7.85025	8.15415	9.48205	9.4101	9.14615	7.801399999999999	7.871399999999999	10.936	8.93945	9.60645	11.2655	7.9369	6.45725	8.6151	12.4515	8.34865	8.792950000000001	9.1731	7.28695	8.730450000000001	8.49305	8.587250000000001	8.2904	8.5734	11.0165	9.8581	7.132249999999999	12.869000000000002	10.764500000000002	11.673	8.8825	7.73355	11.014000000000001	9.363	8.88485	11.2355	6.9232	9.94025	8.21455	11.199000000000002	9.5963	8.08025	8.12185	8.3416	8.8132	7.6011000000000015	10.0112	9.54075	9.40545	7.59465	8.165849999999999	12.7035	7.83	7.2603	7.880000000000001	9.6904	10.577	10.7305	11.02	9.2388	12.851	10.2105	11.2045	9.36145	7.8044	7.76465	8.64825	7.6135	6.84715	11.1105	10.4985	7.37555	7.914849999999999	7.1638	11.229000000000001	8.85145	8.64045	8.558250000000001	8.4102	9.4483	8.19495	11.7155	8.847449999999998	7.974	8.77	9.80165	8.5566	7.599299999999999	9.20515	7.3881999999999985	8.11325	10.252	8.98505	7.10805	10.927999999999999	8.12365	10.18825	7.9109	7.0089999999999995	7.537999999999999	10.8275	6.9235000000000015	5.7886500000000005	7.9855	10.2685	6.8056	7.83305	8.043050000000001	6.84525	7.61715	7.6748	10.761	8.500150000000001	9.7924	8.798	11.0795	8.3122	8.65325	7.7466	6.51555	11.4115	8.12955	12.2035	8.718900000000001	7.71965	7.67965	8.2034	7.5952	8.9033	13.2645	7.681599999999999	5.00505	7.42875	7.52	7.2946	10.9815	9.8118	8.26825	11.4885	8.84825	10.585999999999999	7.10765	11.254000000000001	8.44035	9.9528	8.66395	5.62925	9.57365	7.58	11.0885	9.21525	8.7101	8.94885	7.28655	8.927999999999999	8.8172	7.9421	9.335	8.601099999999999	7.5021	9.4163	9.15905	8.3771	9.79095	7.5341	11.689	8.8635	13.0345	8.19975	7.89965	8.14785	11.8195	7.62055	8.4266	8.449200000000001	9.4925	8.18725	11.171	10.0385	10.628	7.736499999999999	7.896699999999999	8.155249999999999	9.6711	7.97775	6.58235	9.9819	7.79615	9.1688	8.18245	7.54885	8.59715	8.436250000000001	9.785	11.9295	8.76215	7.09385	8.4295	8.33935	12.166999999999998	7.79005	7.57695	8.037849999999999	10.864999999999998	6.27125	8.241399999999999	8.65915	10.8225	8.4812	10.749	8.97515	7.57685	11.8415	9.78545	8.190100000000001	7.5042	8.32855	6.80965	6.7611
8.389466666666666	9.865	10.225066666666667	7.354066666666667	10.061	8.230666666666666	7.762633333333333	10.203166666666666	8.109900000000001	8.0102	7.4506	9.374633333333334	9.041533333333334	6.7633	7.767566666666667	8.116833333333332	8.650866666666667	8.367233333333333	10.193866666666667	9.3566	7.753033333333334	11.145333333333335	8.5479	8.768366666666667	12.210333333333333	10.675999999999998	9.300466666666667	7.4768	7.784266666666666	10.395666666666667	6.246533333333333	8.630099999999999	7.946133333333332	7.906533333333333	3.5249333333333333	10.873333333333333	7.293933333333332	8.239866666666666	12.255999999999998	8.722266666666668	6.581733333333332	7.991199999999999	8.449933333333334	8.149066666666668	8.529166666666667	9.517066666666668	9.127366666666664	8.638933333333332	8.179400000000001	11.049666666666667	7.453166666666667	9.122133333333332	9.550733333333334	6.8637000000000015	6.720933333333334	8.9273	8.4	9.185466666666663	7.296266666666668	10.449333333333334	12.467	11.293	7.576266666666666	8.7192	7.466166666666666	8.512233333333333	11.767	8.407833333333334	8.483866666666666	8.197866666666668	7.823766666666668	6.707866666666668	13.011333333333333	7.931999999999999	8.279866666666667	9.882033333333334	10.382333333333333	8.894433333333334	10.789700000000002	7.682166666666666	7.755633333333333	8.231533333333333	8.9537	7.5223666666666675	8.281799999999999	8.733033333333333	8.389433333333333	9.0081	7.8693	8.395333333333333	8.946766666666667	5.449466666666666	8.712299999999999	8.331266666666666	12.078333333333333	8.515533333333334	11.912	10.840666666666666	7.274733333333334	8.127866666666668	12.687000000000001	7.292266666666666	9.439266666666667	5.583066666666667	6.8795	9.440333333333333	7.4278666666666675	9.257833333333332	9.149233333333333	12.199999999999998	12.041333333333334	11.863	8.116133333333332	10.191366666666667	8.705766666666667	8.5655	9.1978	8.517366666666666	6.4571	7.661133333333333	7.892533333333333	9.673	6.092700000000002	8.796166666666666	7.946666666666666	8.716633333333332	10.930666666666667	8.058366666666666	8.9566	8.0342	11.600333333333333	7.481066666666666	7.738333333333332	8.4876	11.643333333333333	9.568733333333332	12.996666666666668	11.014333333333333	6.508933333333334	9.678266666666667	9.057899999999998	10.124	6.297066666666666	9.883133333333333	8.780966666666666	9.8359	7.5941333333333345	9.6361	9.881	13.502333333333334	11.668666666666667	11.111	8.6145	11.199333333333335	8.536033333333334	11.363666666666667	7.599566666666667	8.170366666666668	7.0462	11.817666666666668	9.030433333333333	10.923666666666668	11.847666666666667	10.165566666666667	6.611133333333334	9.180133333333332	5.7851	9.799066666666667	12.870333333333335	7.8861	8.530100000000001	8.5231	7.630533333333332	7.557133333333333	4.3034	7.6191	8.84066666666667	7.419833333333332	8.047933333333333	11.590333333333335	8.3142	8.546466666666666	12.263999999999998	7.455033333333333	7.8349	8.915433333333333	6.6073666666666675	9.758266666666666	7.656566666666666	7.9669333333333325	8.2023	8.3212	10.301333333333334	11.722000000000001	12.13	8.161833333333334	9.954833333333333	6.744199999999998	13.942	8.920233333333334	7.969366666666668	7.807266666666667	7.7625	7.632599999999999	6.9552000000000005	8.775966666666667	9.706033333333332	7.703666666666668	7.163799999999998	11.174000000000001	11.289333333333332	6.6299	8.933266666666666	7.934566666666666	7.7589	8.191533333333332	8.675766666666666	7.2578	8.176333333333334	10.394333333333334	8.514266666666666	8.810533333333334	6.6565	8.161999999999999	11.593666666666666	6.442066666666666	9.136166666666668	8.371433333333334	6.723133333333332	8.020633333333334	7.129733333333334	8.593666666666666	8.037866666666666	8.9519	9.1647	7.426100000000001	11.182333333333334	5.560033333333332	7.3687	13.019	10.720666666666666	9.349000000000002	8.339933333333335	8.729566666666669	11.576333333333332	13.328666666666667	8.7011	10.554	12.423000000000002	8.908933333333332	7.796833333333333	10.719833333333334	6.0904333333333325	7.8141333333333325	7.157066666666667	8.167266666666668	9.455133333333334	7.558766666666667	7.566166666666668	9.946166666666667	8.436433333333332	8.121066666666666	10.0468	10.017233333333337	8.637100000000002	12.45	8.3454	8.565266666666666	8.961133333333333	8.754366666666668	7.4269333333333325	8.000166666666667	7.696466666666668	8.212900000000001	8.214	8.107199999999999	7.494733333333333	8.2646	8.444066666666666	11.762666666666668	7.934966666666668	8.765333333333333	11.719666666666667	8.297933333333333	9.6987	8.224766666666666	9.018633333333334	8.0464	12.303	7.9970333333333325	9.1534	6.996433333333332	11.212666666666665	11.439333333333336	8.403533333333334	11.097333333333333	9.039233333333334	12.081	7.7676333333333325	8.263366666666666	7.712233333333334	12.898	10.741333333333335	9.7278	10.303366666666667	11.077	7.923266666666668	6.59	12.377333333333333	12.693	7.2666666666666675	9.105766666666668	9.262633333333332	11.282000000000002	10.4065	7.6613000000000016	12.425333333333334	7.3240333333333325	11.626666666666665	8.976533333333334	8.625033333333333	7.142599999999999	8.262833333333335	9.711799999999998	7.2276
9.182933333333333	9.660933333333332	11.179666666666668	7.278933333333334	10.384	10.500666666666667	8.4924	9.5647	9.835366666666667	11.591333333333333	7.173633333333332	10.918333333333335	7.890266666666666	7.1204	7.739633333333333	7.8912	8.168966666666668	8.469033333333334	7.441466666666668	9.495066666666668	7.7357	6.8553	7.724299999999999	10.686666666666666	5.677766666666666	7.1443666666666665	9.724366666666667	10.848666666666665	8.149433333333333	11.240666666666668	6.756166666666666	9.501333333333333	10.761666666666667	10.4289	3.849933333333334	7.935933333333334	6.558666666666667	9.447433333333334	11.580666666666668	8.461266666666667	7.575299999999999	5.5664333333333325	7.9235	7.4594999999999985	6.916566666666665	9.955466666666666	8.7194	8.937266666666668	8.080599999999999	10.894666666666668	11.665666666666667	7.236933333333332	6.937366666666668	12.798	8.432733333333333	11.431666666666667	8.0168	7.283666666666666	8.860433333333336	8.2529	10.268333333333333	7.292233333333333	7.563333333333333	8.429266666666667	7.640833333333332	7.118433333333333	6.884433333333334	8.257666666666667	8.492966666666666	7.450266666666668	8.263866666666667	7.3679	6.7927	9.370733333333334	10.444	8.506933333333334	11.380333333333333	10.602333333333332	10.702	8.242133333333333	9.288033333333333	7.997800000000002	9.938166666666667	8.034633333333334	7.708733333333334	7.018133333333334	7.503800000000001	10.501	7.990966666666666	7.0292	10.734000000000002	8.019133333333334	8.059099999999999	6.511966666666666	8.231033333333334	7.157266666666668	6.901233333333333	9.723266666666666	7.6138	8.326666666666666	7.301633333333332	7.5453	8.589166666666667	11.700333333333333	6.6819	7.340333333333334	7.476533333333332	10.0834	9.5268	8.851866666666666	7.658266666666666	6.327933333333332	7.2025	11.480666666666664	9.465533333333337	6.884133333333334	9.140566666666668	9.0306	5.360666666666667	7.266000000000001	12.460333333333333	8.990966666666667	6.0789333333333335	7.8920666666666675	7.9372	8.404200000000001	6.935033333333334	7.775266666666668	8.939466666666666	7.5203	9.934733333333334	11.072	7.9743666666666675	9.005666666666666	11.327666666666667	10.043566666666667	7.784933333333334	7.800766666666667	6.046333333333332	10.0184	10.652666666666667	10.255433333333333	6.582000000000001	10.194333333333333	7.167999999999998	12.254000000000001	10.356333333333334	7.8535	8.612466666666668	7.2318333333333324	7.622800000000002	6.510933333333334	8.086033333333333	11.299666666666667	8.8338	7.270166666666667	8.450099999999999	11.075333333333333	7.153366666666668	5.919900000000001	6.9676	11.157000000000002	10.031033333333333	9.6006	6.937633333333332	9.6691	10.323666666666666	7.319766666666666	11.393333333333333	9.3811	7.355433333333332	8.986033333333333	9.6186	7.694933333333334	4.692333333333333	5.156466666666667	9.765166666666666	7.087233333333334	7.587366666666667	6.392266666666668	8.629299999999999	7.559	10.807	7.028433333333332	7.574333333333333	8.852933333333333	7.321433333333332	9.175866666666668	8.036533333333333	9.777999999999999	8.098566666666667	8.4497	9.261366666666666	6.573033333333334	12.127666666666665	6.832166666666668	7.9008	8.489400000000002	8.876199999999997	6.8367666666666675	8.223566666666667	9.6513	10.632	7.471066666666666	8.0576	8.575366666666667	10.725333333333333	7.1526	5.421633333333332	7.946066666666668	11.994666666666665	5.761733333333333	8.0774	9.289866666666667	10.164666666666667	9.2661	8.734066666666667	6.452133333333332	7.4304999999999986	10.577333333333332	9.342533333333334	11.629333333333335	8.290466666666665	7.8507	7.0039333333333325	13.071999999999996	12.565666666666667	7.667366666666666	11.555	8.419666666666666	6.9038	10.577	6.702333333333333	9.456466666666666	10.246666666666666	12.392	7.176233333333332	5.1214	6.9282666666666675	6.8216	6.366466666666668	9.228766666666663	9.449033333333333	7.6271666666666675	11.555	10.444	10.495333333333333	7.798100000000002	12.416	10.3999	9.1771	10.339333333333334	4.993633333333333	9.7993	8.799133333333332	9.3368	9.4893	9.582266666666667	8.8419	5.8515000000000015	8.0563	7.440533333333334	8.465266666666666	11.751333333333333	7.7699333333333325	6.1926999999999985	7.0324	8.607966666666666	9.6457	8.822666666666667	6.6041	10.320633333333333	7.855666666666667	11.621666666666668	8.214933333333333	7.656733333333332	7.517499999999999	10.517666666666663	7.724166666666666	7.6377	7.8359999999999985	11.429666666666668	6.3661666666666665	8.574466666666668	11.863666666666665	9.656733333333333	8.0654	6.678933333333332	7.750366666666667	10.616333333333333	8.1664	6.469866666666667	10.282666666666668	6.450966666666666	8.067666666666666	8.309533333333333	8.038733333333333	7.008833333333333	7.186800000000002	11.086666666666668	11.366	7.557433333333332	6.891866666666666	10.3899	7.186566666666668	8.7682	7.7093	6.570466666666667	7.699866666666666	10.466333333333333	5.697633333333332	8.337566666666666	9.6703	11.910666666666666	9.7851	11.012	9.483766666666666	7.674966666666667	10.763433333333333	9.2164	10.398666666666664	7.8660999999999985	8.1135	7.764533333333333	7.420966666666668
8.0161	9.438666666666665	8.8825	7.480166666666666	7.7729333333333335	8.382833333333332	7.357166666666667	8.567666666666666	9.1183	8.681433333333333	8.127933333333333	9.392466666666666	9.952433333333332	7.5722	7.761266666666668	8.925133333333333	9.7318	7.818333333333333	6.9422	8.5815	7.289966666666667	7.933333333333334	9.1168	8.912833333333333	8.205866666666667	7.3474666666666675	8.7052	7.907933333333332	8.454933333333333	8.119866666666667	7.4456	8.437566666666667	8.294233333333333	6.8357	3.5393000000000003	7.970533333333332	7.389566666666667	8.0727	10.339666666666668	8.150599999999999	7.1315	8.431333333333335	8.9606	8.076266666666667	8.7114	8.438233333333335	8.347366666666666	8.6755	9.159766666666668	9.355833333333333	10.290666666666667	8.719733333333332	8.397533333333334	10.533	7.3119	7.8154666666666675	8.819733333333334	8.434166666666664	7.3032666666666675	8.052100000000001	8.309366666666667	7.793433333333334	7.722666666666666	8.495066666666666	7.897733333333334	9.0331	8.517566666666665	8.867033333333334	7.665	8.586999999999998	8.757733333333332	7.306	8.249066666666666	11.74	8.221566666666666	10.101133333333337	9.0062	8.3775	8.444033333333335	7.646733333333334	10.510333333333334	8.803299999999998	8.455433333333334	7.652266666666668	7.799866666666666	7.849299999999999	8.580466666666666	9.269533333333333	8.2937	8.684833333333334	8.668533333333334	6.3684	8.258666666666667	8.368066666666667	9.033766666666667	8.5634	7.910566666666668	9.432	12.519	8.295966666666667	8.515166666666666	7.0791	8.840866666666663	6.875800000000001	7.305533333333332	9.835033333333334	6.927166666666667	8.8852	8.082366666666667	9.767000000000001	9.071966666666668	7.1902333333333335	9.1648	9.053766666666666	8.997433333333333	8.7445	9.672233333333333	8.122366666666666	7.849633333333332	8.238333333333333	10.345999999999998	9.055833333333332	6.6901	8.859900000000003	7.4544	8.558233333333334	9.3053	8.027000000000001	8.0641	8.8943	10.3312	8.785966666666667	7.445	7.953266666666668	8.327266666666667	10.181333333333333	9.8575	8.597166666666666	7.987400000000001	8.809333333333333	8.5708	8.575466666666665	6.7334999999999985	9.7923	8.5917	8.6181	8.325966666666666	8.6944	9.5437	8.192333333333332	8.150333333333332	7.736366666666666	8.267233333333332	9.666666666666666	8.547633333333332	7.806433333333334	8.061233333333334	10.486	7.599833333333334	6.816666666666666	8.4948	9.599733333333337	8.921000000000003	9.205333333333334	7.892366666666668	9.380833333333333	8.672133333333333	8.541466666666668	9.756966666666667	7.740433333333333	8.3803	8.0197	7.8841	7.651433333333332	4.7711	7.880233333333334	9.2079	7.660966666666668	7.315733333333332	7.5351	8.5465	8.942133333333333	9.0345	8.118466666666668	7.645533333333334	9.103833333333332	7.141966666666666	9.109433333333332	7.537033333333333	7.942033333333335	8.034633333333334	8.463966666666666	8.734566666666666	8.074133333333334	8.688266666666667	8.101733333333334	8.919333333333334	7.8105	8.820766666666666	7.063466666666668	9.445233333333332	7.315166666666666	7.589366666666668	8.302933333333334	6.751333333333332	8.1315	8.768799999999999	8.018866666666668	9.155433333333333	8.671466666666667	9.2055	6.9526666666666666	8.905299999999997	7.955166666666668	7.572933333333333	8.398966666666666	8.504866666666667	8.139133333333334	8.4103	9.3549	8.064133333333332	9.0953	7.325633333333332	8.0635	7.8916	6.4290666666666665	8.544566666666666	8.3566	9.7439	7.645066666666668	7.499766666666666	8.423266666666667	8.096266666666667	7.716066666666666	8.828866666666668	11.636333333333333	7.6373	6.1707	10.054566666666666	7.582566666666668	8.184666666666667	9.089766666666668	8.0146	9.2631	9.838066666666665	9.215766666666667	8.666433333333332	7.885433333333332	9.276433333333333	8.001766666666667	8.4717	9.1701	6.594833333333334	8.643766666666666	9.7025	9.534999999999998	8.988966666666668	8.078266666666666	9.096566666666666	7.8547	8.781	8.263533333333333	7.840566666666668	9.175633333333336	9.360233333333333	8.289933333333332	8.051933333333332	8.720366666666667	8.2501	8.855833333333333	8.122666666666666	9.165233333333333	8.239866666666666	8.858466666666667	8.5498	7.812533333333333	8.1183	9.132166666666668	13.233666666666664	8.771833333333333	8.659666666666666	8.1277	8.548933333333332	9.298866666666667	9.5869	8.564333333333332	7.943766666666666	8.559133333333332	8.011766666666666	8.410066666666667	8.992166666666666	6.733966666666666	8.761899999999999	8.703899999999999	8.711233333333332	8.735733333333334	8.460833333333332	8.884566666666666	7.7093333333333325	8.877533333333334	8.2218	8.4888	7.319666666666666	8.548733333333333	7.7379000000000016	10.637666666666668	7.6474	6.9426	9.167	10.722000000000001	8.073033333333333	8.157766666666667	9.1999	8.336966666666667	9.0663	8.291033333333333	9.487566666666666	9.483633333333334	9.024333333333333	8.612933333333332	8.674866666666668	7.627133333333332	8.4929	8.373966666666668	7.6159333333333326
9.1621	9.4419	11.304	9.3536	7.7141	7.712999999999999	7.1446	8.1972	8.103	8.4845	8.413	9.0777	8.9672	7.0975	8.2642	8.5214	8.9826	8.4618	12.043	8.9675	8.0055	8.9076	9.6207	10.27	8.4605	7.8387	9.2837	7.8351	7.1758	7.5617	7.4824	9.1292	8.4498	8.8909	3.6204	12.448	9.3998	8.2129	9.0304	8.4557	7.5138	8.3329	7.9735	8.23	9.6726	7.5811	7.9504	8.1481	7.8126	8.2311	7.6966	9.5079	7.9742	7.8485	7.0203	8.1567	9.3725	8.979	8.9994	10.209	7.6903	7.5326	7.9435	8.1887	7.572999999999999	9.3425	9.4684	9.061	8.0415	7.5014	8.4726	6.8032	10.528	7.7376	10.234	10.56	12.966	9.4635	8.6971	8.4055	8.9639	8.2092	9.3535	8.2077	12.265	7.6563	8.8829	8.0387	7.1883	7.8446	8.7642	7.2661	7.8411	8.9042	12.394	7.5527	10.38	8.6255	7.348	8.1376	8.9401	7.5079	8.6934	6.7234	8.4935	9.1426	8.533	8.4871	7.7187	10.18	10.324000000000002	8.7784	8.1917	8.4779	8.7654	12.938	8.6214	8.3232	8.9593	7.6023	8.5764	8.8941	7.5002	11.31	7.4671	8.7374	9.3256	8.8763	8.4282	8.3797	8.6906	7.7347	7.4412	7.4455	11.726	9.2374	9.5219	8.1256	9.5752	10.281	8.3046	9.2793	6.734	9.1024	7.9815	9.1165	7.8814	8.6703	8.5275	10.738	9.3942	8.8127	9.0726	9.1916	11.048	9.6515	7.7249	8.2605	8.4892	9.1648	10.999	10.137	9.9753	11.569	8.2115	8.6218	8.7978	11.195	11.857	7.5217	8.75	7.7644	7.5202	7.2873	4.8832	10.228	9.1627	6.403	7.8384	9.7898	12.037	9.2166	8.2334	8.3584	8.9412	9.2464	7.8607	12.03	7.3484	8.3917	8.531	8.9889	8.3799	9.5185	8.4922	7.7577	9.0208	7.1668	12.162	7.7652	7.6448	9.7377	12.878	8.1356	8.0964	7.8164	8.9306	7.8013	5.8351	10.261	10.561	6.6499	8.185	7.9409	6.6666	7.9703	8.0457	8.4152	9.4491	9.2099	7.8938	9.6798	7.3604	9.2636	9.9807	6.1939	8.787	8.7649	9.0174	7.7707	7.3835	7.9113	7.3458	7.5796	9.3772	7.2683	8.1887	5.6665	7.427	9.7416	7.5377	9.3904	12.814	8.3206	9.8477	8.4478	11.677	8.0569	12.441	8.1671	8.5259	8.7842	6.7124	8.7337	7.5573	8.7256	9.4699	7.2277	8.5696	8.5432	8.6335	7.7094	6.9841	7.7972	8.4387	10.531	8.8069	10.09	10.075	7.6969	7.6848	7.7573	8.6437	8.6445	8.0389	7.593	7.9531	8.9125	8.0676	9.8443	8.5885	8.4621	10.18	9.1247	9.479	9.0959	7.2164	7.8007	10.568	8.4464	8.5504	7.056	8.8528	8.3356	8.9846	9.6701	7.9875	9.3827	7.7557	8.3184	7.6689	9.8825	8.3343	9.8575	10.087	10.459	7.586	7.9478	8.1481	11.367	6.7441	8.3666	8.9339	12.382	8.9316	8.0459	9.0709	7.6008	11.991	7.9871	8.2989	8.9604	8.4733	7.1543	7.2651
7.659366666666666	10.784	10.048	7.089733333333332	7.831933333333333	8.206299999999999	7.3317	9.030066666666668	10.030933333333332	8.128766666666666	8.029000000000002	8.6162	9.254533333333333	6.948533333333334	7.2963666666666676	9.1342	8.8417	7.949666666666666	6.882666666666666	8.8493	7.800033333333333	7.9127	9.322433333333333	9.8166	7.098400000000002	7.3150666666666675	9.223766666666664	7.488766666666668	8.250966666666665	9.085299999999998	8.027233333333333	9.201333333333332	10.439	7.667933333333332	3.5538666666666665	8.327333333333334	7.4152	8.027633333333334	10.383	8.762566666666666	7.003433333333333	7.739066666666666	8.2573	7.8542	10.172666666666666	8.170133333333332	8.468066666666667	8.9773	9.403133333333333	10.419666666666666	11.317	8.973933333333333	7.461166666666667	12.702	8.011466666666667	10.161	7.9531	8.642600000000002	8.117766666666666	7.731466666666668	7.569833333333332	7.514599999999999	7.515933333333333	8.911666666666667	7.550766666666667	8.088566666666667	8.821433333333333	8.585066666666668	8.318433333333333	9.557766666666666	8.638566666666668	6.915766666666666	8.18	12.604666666666667	9.7009	9.1955	10.351	8.782766666666667	8.1926	7.522299999999999	10.624	8.0626	8.894966666666667	7.482166666666667	8.811399999999997	7.5417	9.370433333333333	9.158533333333333	7.9259666666666675	7.6189	8.3225	6.819333333333333	8.493933333333333	7.912733333333333	8.7477	7.6	7.9646333333333335	9.523433333333337	13.362	8.112766666666667	8.3031	7.301433333333333	8.171066666666666	9.784933333333333	7.6679	9.330799999999998	8.560599999999999	8.666866666666667	7.993033333333334	9.634	9.228066666666667	7.110600000000002	7.962366666666665	8.855400000000003	9.4388	9.0096	10.660666666666666	8.615966666666667	7.225133333333333	7.875699999999998	12.565333333333333	8.303966666666666	9.689166666666667	8.205833333333333	8.626233333333333	8.5169	8.9838	8.025133333333335	8.651766666666667	8.3322	11.131333333333332	8.621166666666667	6.9186000000000005	7.7353	8.820933333333334	10.752666666666668	8.992933333333333	8.159066666666668	11.815999999999999	9.2087	8.450233333333333	9.840833333333334	6.8245999999999984	9.602666666666666	8.059899999999999	10.879666666666665	8.536133333333334	8.211066666666666	11.255999999999998	8.397233333333334	8.4888	7.462433333333332	7.793633333333332	9.469	8.782566666666666	7.5964	7.954099999999999	11.967	7.801099999999999	6.761066666666667	8.0989	9.402533333333334	8.955966666666667	9.304066666666667	10.440333333333333	8.3952	10.199	8.216166666666666	9.6138	8.0687	7.9477	7.700566666666668	9.552266666666666	7.654966666666668	7.219866666666667	7.0621	8.9352	7.6872	7.660833333333334	7.012533333333334	10.402333333333333	9.3947	9.848033333333333	7.6736	8.379866666666667	9.2573	7.9625666666666675	9.736033333333333	7.953866666666666	7.958000000000001	7.972833333333334	9.4763	8.936366666666666	7.585766666666667	8.835500000000003	7.664666666666666	8.208933333333333	9.774666666666667	8.532566666666666	6.756	10.438333333333333	8.025599999999999	9.0609	7.878233333333334	7.168733333333333	7.6022	11.347	7.211866666666666	11.527666666666667	8.601933333333333	9.811233333333334	6.7795999999999985	8.0679	8.131099999999998	6.5851	7.6098	8.070233333333334	11.445666666666668	7.829333333333333	10.861333333333334	8.580466666666666	9.940033333333334	7.739866666666668	8.336799999999998	7.090700000000001	7.255166666666668	9.573066666666668	7.836433333333333	9.147666666666668	8.611	7.285799999999999	8.229966666666668	6.7512	7.304066666666666	8.955633333333333	12.470999999999998	7.430233333333334	5.607366666666668	11.902999999999999	7.787233333333332	7.298633333333334	9.501866666666666	9.054633333333333	8.729333333333335	11.163000000000002	8.520000000000001	8.923066666666664	7.612166666666668	9.554933333333333	8.238366666666666	8.7246	8.540966666666668	5.790633333333332	9.6771	10.905	8.9174	9.106633333333333	8.787466666666667	10.037999999999998	7.173333333333335	9.090166666666667	8.5199	7.4262000000000015	10.895666666666665	8.3573	7.391066666666666	7.462099999999999	9.007766666666667	7.985800000000001	9.5687	7.0911	10.699333333333334	8.7989	8.659833333333333	7.819633333333332	7.4411999999999985	8.146433333333333	8.221	12.613	8.4151	8.511133333333332	8.410400000000001	8.164133333333332	12.950666666666667	9.395566666666667	9.748033333333334	7.4887000000000015	8.185666666666668	8.0209	9.239766666666668	8.3468	6.753266666666666	11.098333333333334	7.7474333333333325	9.7562	8.541233333333333	7.876933333333334	8.262266666666667	7.3115	8.460266666666667	7.657266666666667	8.402066666666668	6.8922333333333325	8.608166666666667	7.924366666666668	10.052633333333334	6.8465333333333325	7.340533333333332	8.3803	10.075766666666668	7.0152	8.780333333333333	8.8038	9.6362	8.874699999999997	7.7754	9.2163	10.393	10.672333333333334	10.362666666666668	8.325166666666666	7.8989	8.506266666666667	7.739133333333332	7.294666666666667
9.8907	11.705	11.775	9.2328	7.8925	8.5705	6.7381	7.3839	7.5026	6.7185	6.6417	7.8179	10.726	8.2585	7.385	8.1923	8.5345	9.523	10.17	8.8872	7.8607	8.6806	9.1841	9.8376	9.063	7.2594	9.7187	5.8529	7.5412	7.5358	7.542999999999998	9.0481	7.6242	11.081	3.6072	10.425999999999998	6.7505	8.0673	8.9877	8.0972	7.2618	8.4611	10.640999999999998	7.0607	10.863	7.2206	10.247	7.8476	8.1413	9.8831	7.9603	9.1565	8.4179	5.792000000000002	9.3451	6.9325	7.5494	10.171	8.5224	8.7328	7.8361	6.9248	7.2578	10.337	7.582999999999998	7.2252	10.076	7.9123	6.3931	7.506	7.0875	7.6158	10.993	6.7336	10.843	9.7831	12.693	8.8233	9.6274	8.4809	8.0864	8.3983	9.016	8.8439	11.853	7.598	8.4654	9.6075	7.4412	8.0525	7.576	9.1685	8.1697	7.2895	10.194	8.2989	12.74	9.1075	7.3888	7.3479	8.5188	7.6825	7.6192	6.9487	8.8732	8.0106	9.5564	7.0254	7.8671	9.5263	11.015999999999998	10.07	10.833	8.777000000000001	11.547	10.278	8.3101	8.3808	9.7807	7.7117	8.3568	8.0945	7.1714	10.22	6.1067	9.2321	9.1166	10.395	10.377	7.4303	10.304	8.4042	7.2006	9.2648	11.052	9.1913	10.424	8.9515	10.876	9.7803	10.998	8.7508	7.1476	8.0	11.45	9.8171	6.9794	8.7138	7.1543	10.071	9.4998	8.9526	9.0506	9.2285	11.3	11.744000000000002	7.4267	7.7344	7.8433	10.225	13.407	10.633	9.4568	11.165	10.691	8.8578	5.8365	10.296	11.112	7.8613	7.3694	7.0268	8.213	6.5495	7.7838	10.222	8.898	6.9886	9.1338	9.9653	7.8572	10.359000000000002	8.3882	7.6559	8.2603	8.1476	6.2157	8.527000000000001	8.3928	7.6431	7.4275	7.9551	8.0116	10.064	9.3335	7.9398	9.1331	9.9329	12.719	10.076	7.5548	9.9743	13.075	8.9411	8.8956	6.8619	8.9212	7.3407	4.965	11.747	13.032	5.979	7.1081	7.897	6.4461	7.2556	8.222000000000001	6.9318	8.2037	8.0952	8.3639	7.4778	6.9387	7.8762	11.044	6.4433	8.0202	7.5082	7.5956	8.0934	8.0001	9.3428	5.5497	6.8123	8.9562	7.0294	8.8099	6.4145	6.1606	9.5276	6.7539	10.369000000000002	8.3334	8.5726	10.983	8.3074	8.934	8.7601	11.52	8.5574	7.6525	7.2739	6.4949	8.6917	8.3478	7.6755	10.309	7.5911	9.021	10.24	8.3369	7.3948	8.0859	7.2678	7.0470000000000015	10.686	6.6024	9.1704	9.8153	7.1396	7.1868	8.1703	7.3854	6.2549	7.2892	6.6229	10.029	6.8205	7.1854	10.56	10.435	9.3659	12.742	7.4575	8.7661	9.1487	7.5429	11.073	11.236	8.5188	7.6982	7.3341	7.3886	7.9175	10.543	10.81	7.4581	8.7131	6.4742	9.4674	6.332999999999998	8.9199	8.2533	10.294	9.3509	10.839	9.0477	5.9777	9.6204	12.037	6.0734	12.428	8.4632	11.983	8.8349	6.2952	10.132	7.2561	12.048	8.0667	7.0915	9.2202	8.9971	8.0265	6.6208
10.470999999999998	11.995	11.116	11.624	7.9328	9.8697	7.7178	11.511	8.0828	7.8841	7.5748	10.162	8.9927	6.5091	7.9391	8.154	8.4423	9.3272	9.8634	10.726	8.4221	7.5348	8.602	9.7968	6.5004	7.1432	10.11	7.2274	7.2733	10.244000000000002	6.9405	11.092	8.0274	8.6365	3.5980000000000003	10.437	8.2673	9.7049	11.104	10.197	8.4834	8.5831	8.7588	8.1984	8.6366	10.867	8.5167	10.556	7.6097	8.8368	7.6738	8.2912	7.0415	6.4257	6.9208	12.16	8.8181	8.1895	8.7972	10.01	7.5186	6.8226	7.1331	10.739	8.1906	8.1756	8.4491	9.5872	7.5666	7.5456	8.4251	6.3952	8.1889	7.7585	10.831	10.601	11.309	10.819	12.204	8.7181	8.1949	8.7317	10.315	9.4214	8.5611	7.1714	9.0411	10.205	7.3365	7.5754	8.5928	6.5137	9.3258	8.5685	11.197	7.8865	8.0896	11.467	7.262	8.3055	7.9153	9.2648	8.4815	8.7546	7.1767	8.5207	8.3725	8.4632	8.0301	8.9007	8.7994	6.9483	8.2666	12.679	9.5421	10.742	11.151	9.5864	6.8299	7.3864	9.0746	8.7035	6.7218	8.875	6.9175	8.7317	8.1668	8.7776	9.5459	8.0172	10.768	7.1611	7.4246	12.347	12.48	10.071	8.4148	7.8908	8.3117	9.8815	9.4629	9.0856	7.2578	9.0096	8.276	12.142	7.7536	8.1273	8.4751	8.2414	8.4416	7.3574	10.386	11.701	11.493	7.0922	7.9831	7.9613	7.8447	6.979	7.0996	12.96	12.355	11.657	7.8517	8.5241	5.8039	9.722	13.341	7.6662	7.9265	8.6167	9.0834	7.8133	4.3556	12.246	10.199	7.689	7.5008	6.7259	9.0336	8.5847	11.097	7.9217	8.0045	9.4159	7.5144	11.82	8.5734	8.4332	8.495	10.196	10.908	7.4933	10.58	7.5504	8.1537	7.7776	8.8209	6.0288	7.6789999999999985	9.4267	13.601	7.8846	7.4941	8.0064	10.159	7.2673	5.6966	8.3626	11.199000000000002	7.0482	8.0025	8.734	6.8971	7.826	9.5329	7.7805	8.2849	12.102	8.3485	8.5895	8.1189	8.0316	6.9767	8.1098	9.0641	8.3788	7.1177	7.8343	7.2866	8.104	8.9353	7.7506	8.5745	7.1918	7.5208	5.0139	7.2476	7.4152	7.0366	11.749	9.0393	7.5333	11.29	8.0755	10.353	7.4123	13.309	8.2609	7.9775	8.1348	5.7478	8.8675	10.837	7.9348	9.458	7.6514	10.82	7.4981	9.3867	8.3955	6.9867	12.815	7.8097	7.2486	9.7028	9.268	10.003	7.7218	7.3168	7.4848	8.7204	7.8101	8.0682	9.1342	9.1442	8.2783	7.0856	8.3399	8.6694	10.088	7.9012	8.2092	10.504	9.9435	7.6249	10.358	7.9728	8.3799	8.0899	6.8197	12.812	7.6616	8.772	7.9712	8.2349	8.2515	7.7172	8.519	7.4922	8.4129	6.8176	10.555	8.0332	12.819	8.2971	7.4254	7.9966	13.197	6.5920000000000005	9.2414	13.224	11.24	9.2687	7.4608	11.525	7.4487	12.48	8.5374	9.0474	7.401	8.1688	7.2999	7.042000000000002
7.36275	10.567999999999998	9.92445	14.0075	8.05745	10.634	7.8019	8.73535	9.50685	12.3125	8.100349999999999	9.00085	8.94955	6.753399999999999	7.2382	11.032	8.748099999999999	7.77905	8.77245	9.0472	8.794550000000001	11.52	9.2103	9.89555	11.9145	7.72585	8.85905	11.0855	7.894500000000002	8.437000000000001	8.3152	8.2494	11.0945	7.8132	3.6446	9.1239	7.9575999999999985	10.883499999999998	9.37545	8.7944	10.758	10.05715	8.2813	9.6018	8.82935	7.4698	10.2565	8.687149999999999	9.0247	8.5684	12.249	10.431	7.26175	13.3315	10.0135	8.12735	9.1057	10.068	8.525849999999998	8.62325	7.87715	7.2188	10.6095	10.146	10.7735	8.1318	11.4115	9.80375	7.8004	9.0458	8.39225	6.13705	8.986049999999997	11.4405	10.6725	10.94	9.6269	8.9067	8.5602	9.00765	12.222	10.218	8.8415	8.19755	8.51605	7.3447	9.25945	8.417300000000001	7.69305	7.1686	10.5175	5.9506999999999985	8.3511	8.084900000000001	9.76465	7.9388	12.735	8.7071	7.5815	8.2546	8.5516	8.37285	8.48575	10.042000000000002	7.4275	8.895050000000003	7.7392	8.00845	7.33915	9.32355	9.86965	11.868	7.8116	10.9165	8.631	9.1489	10.418500000000002	7.78195	9.0748	8.3831	12.51	8.684000000000001	6.47945	11.061	7.48215	8.46285	10.556	10.507	7.938649999999999	8.4086	11.332999999999998	9.11265	7.0332	9.8256	9.724	10.06575	13.168	10.6105	8.174199999999999	8.50385	8.31645	10.427	6.7540499999999986	8.8155	7.8063	11.3125	9.4403	10.432	8.22105	8.79975	11.3625	7.9127	9.3377	9.5617	8.79	11.323	7.96575	13.41	7.95445	7.6073	10.23685	9.11635	9.6968	10.435	7.9533	9.25235	11.7735	9.789	10.1305	9.62215	8.0433	7.8855	8.6656	7.851000000000001	4.529	14.227	10.287	7.2314500000000015	7.8378999999999985	10.828500000000002	10.605	8.60885	8.71535	8.854800000000003	8.5185	9.4494	7.845499999999999	12.232	9.3625	8.2915	8.8545	9.50265	8.3005	8.2721	10.00785	7.3923	8.5861	8.6598	13.7475	10.757	10.672	8.13215	10.8655	7.88785	7.3034	8.06235	10.6335	6.90385	5.8747	12.2925	9.7581	6.64175	7.79725	8.418800000000001	7.32735	8.5478	7.7313	8.2234	9.67515	8.9146	8.7303	11.0335	8.65405	8.502749999999999	10.909	6.904299999999999	11.3125	7.928649999999998	12.5015	8.6189	9.4509	7.8825	6.5248	8.06915	9.17495	13.2855	10.995999999999999	4.84165	7.5363	8.17115	7.341800000000001	10.582	10.1815	8.31325	11.227	8.4983	10.3	7.44705	10.3985	9.11625	10.7895	8.4885	5.75215	9.04405	7.4664	10.710999999999999	8.27375	8.9262	9.00705	11.2495	8.6743	8.312899999999999	7.3953000000000015	8.031849999999999	8.510649999999998	12.1325	7.8578	10.2245	7.54545	9.37635	7.85075	12.724	9.0149	13.829	8.3658	7.0687	7.96645	12.3985	7.7494999999999985	11.479	8.73975	10.9345	12.6765	9.09145	11.576	11.5925	8.1605	7.80725	11.9725	10.532	8.11475	6.7390500000000015	8.591149999999999	7.9368	9.09235	11.099	7.8469	8.7392	9.13245	10.957999999999998	12.626	9.07735	7.29435	8.09745	8.41915	11.2145	7.18735	7.48945	11.559	10.4195	6.23115	7.79905	8.65775	9.081499999999998	9.0422	11.040999999999999	9.0117	7.83695	9.71475	9.4598	8.06695	7.56025	9.427	7.06625	7.2563499999999985
8.7721	12.624	12.38	11.365	8.1566	7.7422	7.3918	8.5717	8.0678	8.0406	7.9895	8.9596	8.7669	6.7816	8.3675	8.5668	8.702	8.4502	11.133	10.272	8.5462	8.0398	9.7651	10.938	7.0691	7.5221	9.2599	7.7355	7.6943	8.5313	7.3635	10.619000000000002	7.9566	10.054	3.6335	11.056	8.2865	8.1029	9.3759	9.619	7.2517	7.9871	8.1671	7.5734	10.09	7.5989	8.3508	8.4772	8.2812	8.7509	7.4661	8.907	7.5314	5.7397	5.9854	8.5763	9.6407	8.6604	9.5674	10.037	8.0766	7.2614	7.3261	9.5257	7.9185	8.2678	8.809	9.2419	8.0395	7.7271	8.5742	6.5163	8.3837	7.4351	10.42	11.236	12.892	10.598	10.9	9.9381	8.5848	7.5065	9.3054	8.5978	11.48	7.3954	8.5675	9.5285	7.0181	7.4255	8.5598	7.5064	8.7013	8.552999999999999	11.466	8.0158	8.202	8.552999999999999	7.1822	8.2208	8.1623	8.2206	8.4114	7.6689	7.5139999999999985	8.9973	8.3329	8.0879	7.8591	9.7536	9.3434	6.9371	8.0371	9.1685	9.021	12.236	10.917	8.2028	7.0404	7.6087	8.8261	8.8187	6.7477	12.449000000000002	7.2964	8.199	8.5933	9.0204	9.013	8.4872	10.224	6.9689999999999985	7.046	8.1085	11.884	9.1784	8.8861	7.6453	8.7403	9.6572	9.7829	9.2987	7.1659	8.8751	7.9212	9.7044	7.6388	8.3261	8.3192	8.6634	8.8267	7.7824	10.163	9.7102	11.09	7.1486	8.1996	8.4772	8.0101	7.2455	7.9672	12.044	11.269	12.037	8.527999999999999	9.3819	5.3171	9.5754	12.32	7.7608	8.2949	7.5489	9.5309	7.4036	4.7605	12.720999999999998	10.29	6.5663	8.1886	6.2268	9.2523	9.0644	8.5142	7.8785	8.5751	9.0822	7.6845	10.928	8.4595	8.3911	8.254	9.8578	8.2113	7.547999999999999	9.0439	7.4523	8.552	7.6911	8.7269	6.8833	8.2232	9.229	13.456	8.4459	6.573	7.8867	9.9392	7.2645	5.7791	8.0842	11.011	6.8436	8.137	8.5108	6.8857	7.5105	8.5001	7.9615	9.7549	9.0114	8.704	8.6345	7.5479	8.6207	7.6258	6.6131	8.5678	8.5725	7.029	8.0413	7.4261	7.8179	7.4220000000000015	7.6212	9.1235	7.1067	7.9039	5.2653	7.4648	7.4252	7.1615	10.625	9.5801	8.3576	10.316	8.7355	10.25	7.0958	12.779000000000002	8.1955	8.371	8.6624	5.6923	9.9816	7.3842	7.9675	9.1785	7.6908	10.973	7.0303	9.1598	9.0572	7.3851	8.3133	8.0009	7.5542	8.9339	10.628	9.3082	7.6693	7.3227	7.834	8.7676	8.171	8.2688	7.4984	8.9313	8.3305	7.8707	8.2315	8.5093	8.9381	7.8119	8.8645	9.7487	10.443	6.9934	8.7047	8.0465	8.5276	8.0693	6.5955	8.4669	8.3917	9.1787	8.2341	8.1405	8.6845	8.9013	8.3339	7.5071	8.8737	6.9427	9.5657	8.4792	12.089	7.3551	7.6888	7.8998	12.345999999999998	6.7383	7.7879	8.7316	11.716	9.1763	7.7618	9.7732	7.4319	12.189	7.7203	8.1537	7.7739	8.4115	7.0392	7.9169
8.48525	10.3925	10.228	10.164	7.73905	7.9228	7.037999999999999	8.89185	7.9288500000000015	8.437850000000001	7.2016	8.911349999999997	8.8294	6.869300000000001	8.4408	9.80185	9.0946	8.32235	7.77645	10.294	9.0736	7.49155	8.28435	9.56005	7.0294500000000015	7.1395	8.55715	7.522399999999998	10.569	8.61315	6.50295	10.2185	8.343	6.8637	3.56255	8.7166	7.2179	8.1669	9.8058	9.8841	6.77295	8.744900000000001	8.1344	7.4841	8.0375	7.40015	8.2705	7.966699999999999	8.245899999999999	8.5991	8.2742	8.363	7.3074499999999984	8.6827	8.7052	7.2766	9.01345	7.96265	8.2329	7.8893	9.27035	6.65255	8.677999999999999	8.83905	8.64945	8.48635	7.9713	9.42255	7.10125	8.155999999999999	8.11605	7.17295	7.713649999999999	8.60475	9.49415	11.057	11.2875	10.00335	9.4629	8.84305	9.588	8.78105	9.35025	9.21815	9.00555	7.2398	9.3616	8.4884	6.9702	9.13925	8.161999999999999	6.21455	7.934849999999999	8.343250000000001	9.33295	8.337599999999998	7.75195	8.4783	6.82935	7.7250999999999985	7.29225	7.19625	8.4938	7.343949999999999	7.1025	12.9135	8.08515	8.481649999999998	7.8163	8.9743	9.04385	6.5341000000000005	7.5669	9.3635	7.983049999999999	9.12365	8.34905	7.6718	7.32865	7.622949999999999	10.395	8.392999999999999	6.1714	12.868	6.4756	8.90855	8.312899999999999	8.15575	12.225	13.7405	12.5675	7.40185	7.7494999999999985	7.4994	10.971999999999998	9.1458	8.0277	7.3767	7.8275000000000015	8.617	9.43775	9.36735	7.30235	9.52335	8.6298	11.425	7.535	8.473099999999999	7.987399999999999	7.49955	8.06615	7.151999999999999	8.69865	8.5939	8.582999999999998	7.02525	11.117	8.68655	7.62715	6.37385	7.5177999999999985	10.2115	10.8135	9.0935	7.5526	8.276	6.79695	8.36085	11.765	8.104600000000001	8.523050000000001	7.93685	7.49215	7.247949999999999	4.5535999999999985	11.6695	10.314	7.0947	7.10375	6.7859	10.3725	8.53625	9.2778	10.593	7.8393	9.3792	6.7675	11.3705	7.19915	8.280650000000001	8.22905	7.8587500000000015	7.77315	7.678549999999999	8.7402	8.70405	7.95175	8.35575	7.77775	6.5101499999999985	7.81665	7.8900000000000015	10.8485	7.7153	8.78135	7.4473	11.1645	7.984349999999999	5.94465	8.71325	11.1425	6.89045	7.88125	7.842	6.8302	8.2134	7.61945	7.82455	10.559	8.3972	7.9848	8.52125	6.5714000000000015	8.34545	6.81845	6.0718	8.60145	8.1497	7.984199999999999	7.75	6.6871	7.8568	7.4726	7.271800000000002	8.2867	7.69365	7.4032	6.7049	7.01415	7.13665	7.1803	9.1894	10.4495	8.101600000000001	12.0055	9.5103	11.7735	7.190849999999998	11.8325	7.58705	9.2297	8.307099999999998	6.8122500000000015	8.95515	8.0023	9.504	9.03555	7.14145	7.87765	7.9509500000000015	8.55075	7.54095	7.8022	7.77985	13.5865	7.05635	7.6087500000000015	10.3145	8.7334	8.88475	10.5935	8.3228	7.7166	8.373000000000001	7.809000000000001	8.00815	8.2259	8.38155	7.90945	7.723	8.1736	7.562799999999998	7.88605	8.1331	9.31905	9.9309	7.3628	7.4528	8.081	7.94355	8.1314	7.132000000000001	8.219100000000001	7.54115	8.6356	7.86445	7.65505	8.269649999999999	7.22495	7.8828	7.992599999999999	7.8708	6.84435	9.22615	7.47095	11.0825	7.23785	6.7281	7.776899999999999	11.0165	8.222850000000001	8.198450000000001	9.26345	11.127	9.20495	7.64905	9.67775	6.98945	12.0125	8.756450000000001	7.79435	8.014949999999999	7.6806	7.27265	7.03955
9.1375	9.3516	11.288	13.84	7.4512	8.2197	7.5104	8.9301	8.2582	8.2347	7.8648	9.5047	9.0074	6.7178	7.5854	8.7794	8.6866	8.6862	12.283	10.679	9.3874	10.931	9.4391	9.9343	11.257	10.15	8.9115	7.8013	7.09	8.637	7.1384	9.857	8.4256	7.897	3.6238	12.284	9.6264	8.5453	10.141	9.687	6.9508	8.8254	8.6238	7.8765	9.6341	7.8448	9.3511	8.6839	8.1795	8.7287	7.2709	9.9176	10.291	7.3946	6.7294	10.408	8.8767	9.7713	9.0082	10.464	12.701	9.8274	7.3903	9.8396	10.805	8.896	11.243	9.1902	7.4574	7.5486	8.5662	7.0715	12.498	7.6342	9.7199	11.327	12.444	10.39	10.822	8.7502	8.6779	8.1875	9.9693	9.1953	11.305	8.9641	9.2872	8.6409	7.3886	7.9911	8.9669	6.1697	8.8777	9.67	12.769	11.696	11.767	8.8458	7.1901	8.2934	11.831	7.7349	9.0131	7.0643	7.0886	9.1059	8.2834	8.6515	7.6891	11.332	11.292	10.636	8.41	10.221	8.8457	12.325	10.773	7.6903	8.1708	7.7006	9.1927	8.8911	5.941	13.164	6.9546	8.8666	10.681	9.4598	8.1442	8.1547	10.454	7.3914	6.8894	9.1187	11.43	9.5452	11.738	9.7442	7.9559	9.5114	10.265	9.1259	6.8941	9.3245	8.9728	10.421	7.8241	9.9732	7.987999999999999	12.640999999999998	11.941	11.011	10.237	9.6627	8.6365	10.258	7.5653	8.6648	7.947999999999999	11.626	10.317	11.549	11.924	11.63	7.4151	8.7775	5.9732	11.599	12.925999999999998	7.3143	8.5048	8.0711	7.1048	9.8995	4.4266	13.906	10.127	6.4789	8.3925	10.62	8.8393	9.3791	10.08	7.7605	8.9188	9.4513	7.2282	11.938	7.3692	8.4365	8.3558	9.8068	8.2527	11.555	9.0702	8.1601	9.2045	7.3937	13.325	9.9851	7.7452	7.5586	11.447	8.8244	7.6172	7.8745	9.1873	7.7251	5.8518	11.913	10.592	7.0374	8.1544	8.5832	6.8195	7.6353	8.4264	7.7688	11.3	10.763	8.2362	8.7809	7.0017	8.8139	10.413	6.317	8.0118	9.1067	6.9766	8.1206	8.2159	8.0066	8.5279	7.7592	8.9162	7.0138	10.839	5.9357	7.2204	11.828	9.2362	11.404000000000002	9.0135	8.5236	11.982	12.919	8.7402	10.205	12.736	8.3635	8.6715	11.988	6.4054	9.0292	8.424	8.5492	9.3386	7.1707	8.8105	10.015	9.9569	8.3569	9.5053	11.486	8.1955	11.854	9.7994	9.9595	9.0619	8.2456	7.1447	8.4479	8.8075	7.9616	8.3201	8.4125	8.5274	8.6443	8.2613	11.539	8.7855	8.0901	11.768	8.6094	9.9021	9.8858	7.1512	9.1132	12.323	7.8032	8.4819	6.448	10.866	9.9428	8.9765	10.653	7.7799	10.556	8.0827	8.4115	7.7794	12.243	10.369000000000002	9.5615	10.707	13.152	8.1576	7.7894	10.833	12.946	7.4216	9.2745	9.9654	11.140999999999998	9.3463	7.8966	10.117	7.4649	11.853	8.5078	9.0756	7.3872	9.0932	8.8062	7.141
7.971233333333332	10.054266666666667	10.546666666666667	7.002000000000001	8.4405	7.962766666666668	7.167933333333332	9.062133333333334	9.195	8.2912	8.001466666666667	9.174933333333334	11.189333333333336	6.791899999999999	6.8888	8.736666666666666	8.730466666666667	7.828166666666665	6.902433333333334	9.241933333333334	7.8921	7.834799999999999	9.3464	9.773766666666667	6.988733333333332	7.3731	9.241066666666667	7.6525	7.665499999999999	8.728466666666668	8.468066666666667	9.172566666666668	11.586666666666664	8.121666666666666	3.5766333333333336	7.508766666666666	7.4533	8.438633333333334	9.991	8.301066666666665	7.4978333333333325	7.747766666666667	11.254000000000001	7.701833333333332	10.624333333333333	7.6900666666666675	7.756266666666666	8.735999999999999	8.599499999999999	9.337533333333333	11.602	8.937366666666668	7.101566666666666	12.518333333333333	7.987133333333332	11.737333333333332	8.380166666666666	8.536066666666665	7.6922	8.183766666666665	7.450966666666666	7.278433333333332	7.1442000000000005	8.8894	7.226833333333333	8.120433333333333	8.643500000000001	8.594933333333334	9.217433333333334	8.976866666666666	8.2119	6.5483	8.4415	12.114333333333335	9.236966666666666	9.187766666666667	10.578	9.1238	10.014666666666663	8.130366666666667	11.047333333333334	7.4364	9.1138	7.547266666666666	8.89	7.4068	8.718	9.083266666666667	7.709466666666668	7.3081	8.843333333333334	7.5208666666666675	8.642366666666666	8.1549	8.796533333333334	7.877066666666668	8.188633333333334	8.594666666666667	12.951	8.303266666666666	8.207533333333334	6.8771	8.3376	8.4566	8.194766666666666	9.2012	11.110666666666667	8.6931	7.625833333333333	9.647333333333334	9.204533333333332	7.1658	9.472366666666666	11.260666666666665	10.967999999999998	8.9411	9.845733333333332	10.537	6.354566666666668	7.5604	11.508333333333333	8.6882	7.6766999999999985	8.157333333333332	9.039966666666666	8.736833333333333	8.569633333333334	8.1607	8.7859	8.6893	11.764333333333333	10.160133333333333	7.3283999999999985	7.4705666666666675	10.176899999999998	11.460333333333333	8.8351	7.868966666666666	9.1953	9.073066666666668	8.334766666666667	9.8986	6.783566666666666	9.5608	10.401333333333334	10.555666666666667	8.644166666666667	8.0805	10.655	8.645333333333333	8.5024	7.3876	7.959933333333333	9.548366666666666	8.705499999999999	7.388233333333332	7.524766666666667	12.866666666666665	7.879899999999999	7.075466666666666	8.113366666666666	9.9823	10.832666666666665	8.056333333333333	8.276666666666666	8.616633333333333	10.825	8.059800000000001	11.193666666666667	7.784133333333332	7.746366666666668	8.373700000000001	10.0448	7.540033333333334	5.107166666666667	5.2129	8.9579	7.050533333333332	7.7048	6.7170999999999985	10.0531	10.241333333333333	9.7142	7.778366666666668	8.494466666666666	8.853433333333333	7.536966666666667	9.515533333333332	8.037966666666666	8.241333333333333	8.021166666666668	9.203933333333334	8.305666666666667	7.223866666666668	8.9451	7.6220333333333325	8.398666666666669	8.420466666666668	8.448333333333332	6.918566666666668	9.180633333333336	8.588933333333333	9.051166666666667	8.312233333333333	7.1099	7.667133333333332	9.961966666666667	6.917533333333334	10.404933333333332	8.414866666666667	10.568666666666667	6.063199999999998	8.149466666666667	8.247900000000001	7.398933333333333	7.695699999999999	7.7272333333333325	9.0779	7.9773	12.745333333333335	8.421100000000001	10.105466666666667	7.649133333333333	8.453933333333334	7.672866666666668	6.869066666666666	9.911133333333334	8.0555	11.167333333333335	8.493466666666666	7.255533333333332	8.1039	6.728333333333333	7.5019	9.3336	12.998666666666665	7.5938333333333325	5.1056	10.526666666666666	7.649733333333334	7.3014	9.4246	9.0568	8.534533333333334	11.554333333333332	8.5133	9.395366666666666	7.492000000000001	10.581	7.879933333333333	8.601966666666668	9.370766666666666	5.795566666666668	8.9761	11.292333333333332	9.907533333333333	8.617066666666668	8.151433333333335	10.638333333333334	7.054166666666667	8.988233333333334	8.210866666666668	7.278766666666668	12.595666666666665	8.3929	7.449333333333333	7.805233333333334	9.2203	8.0935	8.550566666666667	7.2926	11.826666666666664	8.5648	8.838566666666663	8.052399999999999	7.145966666666666	7.6415000000000015	8.738133333333334	12.861	8.350133333333334	10.241333333333333	9.708266666666667	8.018333333333333	10.222333333333333	9.872700000000002	9.694333333333333	7.5227666666666675	10.359666666666667	7.968433333333333	10.259333333333334	8.184733333333334	9.964633333333332	13.255999999999998	7.9294	9.4163	8.403799999999999	7.733366666666666	8.514966666666666	7.908233333333333	8.538000000000002	7.970133333333334	8.626766666666667	6.939933333333332	8.8923	7.973766666666667	11.008	7.429966666666666	7.208666666666668	7.991600000000001	11.227333333333334	6.5120000000000005	11.235333333333333	9.8376	9.923633333333333	8.917866666666667	7.899733333333334	9.4508	10.406333333333334	10.652333333333333	9.3358	9.0253	8.971066666666664	8.217733333333333	7.080566666666668	6.971066666666666
10.295	9.4225	12.348	11.421	7.9605	9.4841	7.6514	8.8928	7.31	7.6456	7.2903	8.7564	8.3719	6.7238	7.0529	8.5592	8.3668	9.9827	10.563	9.3912	7.7239	10.316	9.4259	10.79	10.720999999999998	8.5291	9.8132	6.9479	7.4151	8.4542	6.4494	9.961	7.8179	10.078	3.5437	10.574000000000002	7.5068	9.0013	9.2961	9.0797	7.301	7.8661	7.947999999999999	7.4927	10.528	7.1829	11.048	8.3014	7.8534	9.4396	7.5870000000000015	9.3219	10.394	6.0668	7.0516	8.0385	8.3872	11.403	8.4924	8.9813	8.8765	8.8807	7.0112	8.277000000000001	7.2802	7.6643	10.501	8.2394	7.5945	7.005	7.7452	6.4092	13.065	7.0566	11.644	10.246	12.405	8.9276	9.9557	9.3558	8.0554	8.1355	9.1599	7.6986	12.445	9.8096	8.5017	9.3098	7.0794	7.9951	8.9616	8.4328	8.785	7.8187	10.299	10.601	12.448	8.8826	7.0798	8.2627	10.525	7.1525	7.8765	6.7134	7.4711	8.5225	7.1475	7.6047	9.1422	12.059	11.555	11.335	7.5184	9.9191	8.8728	8.9952	9.1231	8.4436	7.6569	7.2261	8.3766	8.3958	6.0476	10.466	6.8311	8.5506	10.548	10.769	10.609000000000002	7.8929	11.168	6.8428	6.6882	8.7263	12.371	8.9276	11.274	9.6317	9.2465	10.377	10.747	9.454	7.2669	8.7887	7.8142	10.049	7.1485	9.734	7.8203	12.894	10.902	11.495	8.9638	9.2298	9.0746	12.640999999999998	7.9537	8.0443	7.2767	12.053	13.24	10.554	11.366	10.847	9.3441	9.9298	5.0826	9.9251	12.806	7.5844	8.2133	7.5872	9.2575	7.8303	4.8845	12.113	9.3497	7.106	8.9514	10.932	9.4687	8.9002	9.1745	7.8519	8.2144	8.6093	7.1155	9.9639	7.6848	8.1633	7.776	8.6528	8.1332	12.515	8.882	7.185	10.118	7.6003	13.183	10.023	8.0002	9.9257	13.089	8.0637	7.4638	7.5715	8.9283	7.0943	5.7028	12.528	13.324000000000002	6.152	7.6304	8.6427	6.5088	8.0941	9.2747	7.0423	8.8002	8.4354	8.3504	8.3141	7.0862	8.0158	12.329	5.8846	8.7313	7.9855	6.6716	7.898	9.2574	7.9091	6.4309	7.5478	8.9353	6.7231	10.554	4.9513	6.8284	11.479	7.2073	9.5407	9.6238	8.109	11.354	9.7623	9.2184	10.558	12.677	8.3727	8.2499	8.5082	5.7989	9.2367	6.9476	7.5832	10.753	7.1483	9.9237	10.487	9.0117	7.6754	9.302	7.8861	7.6612	11.985	7.4805	9.7527	10.182	7.5247	7.0304	8.0364	8.2198	7.4562	8.5967	7.1637	8.0248	7.9129999999999985	7.5493	11.45	8.0592	8.0955	12.390999999999998	7.9726	10.135	10.034	7.5012	7.9982	12.172	7.962999999999999	7.956	6.0742	8.0171	8.7124	9.4659	11.302	7.5319	10.724	7.6086	10.939	7.2702	11.326	10.746	9.9481	11.800999999999998	11.28	8.4061	7.3239	10.053	12.314	6.0338	7.5791	8.667	12.347	8.8251	7.2997	9.0003	6.8901	13.156	8.0807	7.5278	7.6849	9.8608	9.7491	7.8544
7.760266666666666	12.524666666666667	11.155	10.096933333333334	8.181966666666666	7.739366666666666	7.0782333333333325	8.539233333333334	12.202666666666667	8.031466666666667	8.067300000000001	9.1384	10.199233333333334	6.898166666666667	9.672366666666667	9.633166666666666	8.7483	7.8051	10.690333333333337	9.941133333333333	7.5859999999999985	7.9659666666666675	8.817133333333333	10.051833333333336	7.224799999999999	7.579266666666666	9.135533333333333	7.335333333333334	8.139666666666667	9.053133333333337	9.5054	9.5464	8.936300000000003	9.557433333333332	4.4042666666666666	10.601666666666668	9.413166666666667	7.946100000000001	9.3804	9.709766666666667	7.275266666666668	12.539333333333332	9.656633333333334	7.461566666666667	9.7463	7.000933333333332	8.223899999999999	8.7127	9.221666666666666	8.4878	9.237133333333333	9.0174	7.3554666666666675	8.487966666666667	7.300633333333333	9.175533333333332	8.665233333333333	8.857266666666668	9.813366666666667	9.711333333333334	7.6741	7.452000000000001	7.0062	10.412666666666668	7.888266666666666	7.966466666666667	9.1143	10.1347	9.841833333333334	11.206333333333333	9.357466666666664	6.164066666666668	9.112666666666668	11.414333333333332	9.515266666666664	9.945066666666667	11.664666666666667	9.829433333333334	9.1177	8.528833333333333	11.510333333333335	9.4246	8.9867	8.963766666666666	8.5449	7.564866666666667	9.405833333333332	9.659233333333333	7.685433333333332	6.866433333333332	8.251766666666667	7.4197	8.769333333333334	10.030933333333332	11.116	7.7604000000000015	9.106966666666667	7.935466666666668	7.247233333333334	7.970999999999999	8.310599999999999	9.621066666666666	8.235566666666665	10.7979	7.861666666666667	8.845033333333333	10.71096666666667	7.935300000000002	7.541233333333333	9.811666666666666	9.3281	7.680466666666668	8.903999999999998	9.092266666666667	10.298666666666668	12.964666666666664	11.845666666666665	8.205533333333333	6.5523333333333325	9.563733333333333	12.653666666666664	8.2775	8.146833333333333	8.461599999999999	7.5291	8.744533333333335	8.464366666666669	8.141566666666666	8.390233333333335	8.1081	10.0351	7.447733333333333	7.7267	8.095866666666666	10.0795	9.609066666666667	9.601333333333333	8.063699999999999	9.847833333333334	8.988066666666667	8.758866666666668	10.339333333333334	6.638766666666666	8.811066666666667	9.955366666666666	10.714999999999998	7.809666666666668	8.163366666666667	9.527266666666668	9.115333333333332	8.912466666666667	7.568766666666666	9.821866666666667	9.557066666666666	8.873833333333332	8.089266666666665	8.047966666666667	9.898466666666666	8.002466666666667	8.008666666666667	8.316999999999998	9.8077	9.693033333333332	11.501666666666667	9.590466666666666	8.565	7.489633333333333	10.088066666666668	10.650666666666668	9.026166666666667	7.6754	7.983566666666667	9.507266666666666	7.9987666666666675	5.2595	11.425866666666666	9.593033333333333	7.858133333333334	9.214233333333333	7.2976	10.564	9.412433333333333	8.345333333333333	8.624699999999999	8.465433333333333	10.750333333333332	7.903166666666666	13.284666666666665	8.079233333333333	7.893866666666668	8.803833333333333	10.533666666666667	8.069133333333333	7.556166666666666	9.278333333333332	7.501333333333334	8.373966666666666	9.7998	10.0792	7.337633333333333	10.956666666666665	12.114333333333335	11.504000000000001	9.269833333333333	7.006333333333332	7.6670333333333325	11.050999999999998	6.8488	5.466266666666668	8.3469	9.867233333333333	8.706000000000001	7.727466666666667	8.180766666666667	6.5502666666666665	7.131466666666667	7.870966666666668	9.851633333333334	8.388666666666666	9.4043	9.029000000000002	8.521733333333334	7.945033333333334	8.560233333333334	7.9523	6.857966666666668	9.0059	10.031633333333334	8.606233333333334	8.9195	7.532633333333332	7.739566666666668	6.116433333333332	7.490033333333333	9.141466666666666	9.410833333333334	8.0207	4.6443	7.277966666666668	8.284300000000002	7.2754	11.398333333333332	9.965033333333333	8.1645	11.478	8.409233333333333	13.114666666666665	7.417133333333332	10.759666666666664	8.1028	9.451766666666666	8.401166666666667	5.137033333333334	10.175133333333333	7.600166666666666	8.040666666666667	8.820633333333333	9.730766666666666	9.980633333333332	7.482266666666668	8.615333333333334	10.015833333333333	6.215333333333334	9.696133333333334	7.882866666666668	8.111033333333333	7.3244	9.690033333333334	7.9345333333333325	9.53	7.6265	9.212933333333332	9.634200000000002	8.380466666666669	8.1669	6.771733333333333	9.060866666666668	8.262166666666667	7.612966666666666	8.921566666666664	9.047433333333332	8.6991	8.884733333333337	10.707333333333333	9.595833333333333	10.385333333333334	7.175833333333332	10.296333333333337	8.648333333333332	8.728500000000002	8.185133333333335	9.8014	8.843033333333333	7.911233333333333	9.475066666666667	8.71	7.857533333333333	8.602433333333332	8.134866666666667	8.2789	7.5337999999999985	8.912999999999998	7.007966666666667	8.630733333333334	8.604366666666667	12.175000000000002	7.5681	8.252733333333332	8.455766666666667	11.595	6.1957666666666675	11.067666666666668	8.386299999999999	9.678133333333333	8.876100000000003	7.819466666666666	8.937600000000002	7.573266666666666	10.925000000000002	8.920933333333332	8.203466666666666	8.029633333333335	8.0317	7.060466666666668	7.074766666666666
8.4878	13.515	10.055	9.96	8.453	7.562	7.0724	8.6959	8.7123	8.3989	8.4036	8.7008	9.1892	7.3598	7.6053	8.6691	8.7462	8.0558	10.552	8.7951	9.2832	8.8667	10.818	10.462	6.98	8.1105	9.5216	8.0572	7.3745	7.9444	9.4702	8.9535	8.1229	10.354	3.6359	10.654000000000002	10.153	8.5361	9.1901	9.9142	7.7938	8.5863	8.6242	7.9767	8.9173	7.3382	7.9592	8.7575	7.6885	8.0994	7.508999999999999	9.4018	7.7561	6.2844	5.5664	9.2461	9.1445	9.0578	9.503	10.273	7.1912	7.4999	7.5267	11.992	7.9738	8.9046	9.4002	10.237	8.2422	8.6032	10.181	6.6438	8.9168	9.6291	11.298	9.9699	10.16	9.6557	8.9059	8.587	8.5199	9.7205	8.9636	9.1111	9.253	7.9242	8.8608	10.071	7.3352	7.2841	8.6949	7.6842	8.9472	11.92	11.748	7.9411	8.6258	8.0939	7.4072	8.7166	8.2958	8.6193	9.2549	7.2902	8.1316	9.4959	9.7203	8.4425	7.8515	9.8447	9.8499	7.3378	8.5685	9.2343	9.4023	9.9343	12.044	8.0476	6.9473	8.3168	9.9032	9.331	6.2639999999999985	8.8524	7.6158	8.5967	8.5902	8.291	8.6141	8.9259	9.9955	7.3267	7.1605	7.7701	9.1712	8.7125	9.5955	8.0472	8.1903	8.7321	7.8815	8.9228	6.9337	9.0153	8.1229	9.3926	7.881	9.0754	8.633	9.2585	9.1663	7.8191	12.531	9.2472	11.970999999999998	7.3492	7.9695	8.6791	9.0401	7.1399	8.0992	10.084	9.3114	11.849	8.0485	8.1843	5.2926	9.8656	10.096	7.6079	8.6057	7.4764	8.9973	9.7743	4.6721	11.505	10.558	6.8989	8.6778	6.6035	9.2054	9.4761	8.2578	8.1	8.9503	11.065	8.1824	11.232	8.5371	8.2562	9.108	10.948	8.3567	7.6084	9.297	7.6804	8.8171	8.3931	8.6765	7.3129	8.2325	9.1296	13.317	8.2833	6.4619	7.9417	8.7805	7.7687	5.5043	8.568	9.7129	8.8217	8.2914	8.5824	6.9957	7.8738	8.1433	8.0167	8.6437	9.6191	8.8626	9.1177	7.8847	9.0303	7.9301	8.4087	8.8052	11.302	7.1541	8.1765	7.5571	7.6772	9.7748	7.8625	9.729	6.8588	8.6016	5.2112	7.6954	8.1145	7.4944	12.719	8.8679	8.3462	10.183	8.4082	8.9478	7.6408	10.202	8.1177	8.5901	8.5397	6.0561	9.7324	7.4081	8.5387	8.4946	7.9437	10.557	7.6419	10.422	9.251	6.8255	9.6505	8.7752	7.9381	11.628	11.099	7.99	8.6018	7.3857	7.867000000000001	9.2198	8.7541	8.2213	9.5033	8.512	8.9457	7.914	8.8265	8.9869	8.941	8.1726	9.6403	10.065	9.6901	7.1316	8.887	8.6438	8.9636	8.5427	8.4185	8.9894	8.2136	9.4092	8.2419	8.4701	8.311	8.3351	8.7728	7.2622	9.3889	6.9777	8.3183	8.7014	11.568	7.4262	8.2366	8.1712	12.629	6.7657	9.1037	8.7397	8.6878	9.6079	8.0693	9.3854	8.1541	9.4825	8.2105	8.0943	7.48	8.3523	7.2688	8.016
8.0846	9.2597	10.835	13.9	8.2321	7.9446	7.6135	9.2255	9.0514	8.0776	7.7876	9.2063	9.0646	6.8734	8.3938	9.2792	8.366	8.4825	12.337	10.675999999999998	10.745	11.56	11.732	10.539	11.921	9.7518	8.9608	7.6602	8.1524	8.8916	8.0202	10.202	8.2303	9.164	3.6144	12.502	11.537	8.474	10.023	9.7042	7.3293	10.671	8.4607	7.7179	9.8268	7.8205	9.7046	8.605	8.1908	8.7748	7.4552	11.368	10.228	6.3566	6.4668	10.283	10.106	10.716	9.5107	11.158	13.257	9.9547	6.9155	11.166	10.976	9.3543	11.297	10.625	7.88	7.7364	9.9505	6.4901	13.059	8.8432	9.9009	12.401	12.046	11.156	10.533	9.8694	9.9479	9.8606	9.7707	9.9768	12.327	8.7252	9.02	10.163	7.1476	7.5833	9.0277	7.3103	9.6966	11.577	12.747	11.446	12.720999999999998	9.0683	7.4395	8.1727	11.611	10.457	8.6141	8.6732	7.5247	9.0495	7.9434	8.07	7.8817	11.238	10.659	11.423	8.1833	9.8768	8.9021	13.718	12.109000000000002	8.04	9.059	8.3613	10.255999999999998	8.9175	6.2360000000000015	10.871	7.4904	8.5904	11.184	10.228	8.252	8.744	11.09	7.0018	7.4004	10.322	11.344	9.3557	12.74	9.8051	8.1345	9.2978	9.6049	9.8488	7.0717	8.5423	8.4481	9.9369	7.9554	10.517	8.4247	12.800999999999998	11.818	10.946	11.421	10.117	9.3079	10.925	8.3466	8.4089	7.7832	12.121	11.89	11.369000000000002	11.611	12.999	7.9013	8.852	5.4564	11.908	12.564	8.031	8.5404	7.9644	8.4729	10.305	4.6267	14.114	11.546	6.6931	9.7561	11.667	9.0801	9.5806	9.99	8.9674	8.6909	10.477	7.7235	12.351	8.3482	8.6571	9.1163	10.728	8.8672	11.267	9.6117	7.5737	9.2499	8.5819	13.809	11.334	8.9219	8.3498	11.007	8.8371	7.3495	8.0425	9.4192	7.1869	5.827000000000001	12.534	9.419	8.2375	8.0357	8.5066	6.7065	7.8473	8.1156	7.9074	9.4592	10.003	9.1021	8.6365	7.3298	8.7582	10.443	7.1365	8.727	10.36	7.1061	8.4537	10.231	7.9244	11.078	7.9817	9.1486	7.3831	10.943	5.0544	7.5895	12.408	9.6335	12.642	9.3613	8.3511	11.706	13.938	9.6607	9.6169	12.401	8.7627	9.0592	12.547	5.8535	9.4703	8.129	8.0957	8.9937	8.132	9.5018	10.95	11.255999999999998	10.38	9.3849	10.566	8.5458	11.880999999999998	11.9	11.163	8.204	8.3757	7.9388	7.9726	9.1699	8.4429	7.9918	10.529000000000002	9.3011	8.4205	8.0622	12.146	8.8273	8.7842	12.287	8.6955	10.832	10.072	8.1621	9.7279	12.358	8.7868	8.4705	6.6392	10.992	9.879	9.1448	12.042	8.1238	10.414	9.0536	8.692	7.7083	12.19	9.7751	9.8682	11.693	13.64	7.393	8.8769	11.019	13.548	6.4995	8.6859	10.005	9.7313	9.2782	7.8547	9.8146	7.4456	10.559	9.22	8.7354	7.4598	9.2918	8.8803	7.675
