aer	bfd	cdd	aceE	aroE	aroF	aspS	agp	adhE	blc	aroA	afuC	adhP	amiD	cdaR	bssS	atoS	ackA	argU	bcsB	acnB	bcsC	amyA	borD	arsC	aspC	atoE	abgA	allR	bssR	aroD	ampG	bfr	bglF	agaC	bamD	amn	asd	aroC	ampD	atpI	aroK	chbB	alx	adiA	accB	cfa	bamB	acrD	adrA	argX	chaB	argS	alkA	alaS	bioA	aaeB	cdsA	arrQ	atoA	caiC	arcB	adk	chaC	bdm	cbrC	asr	alpA	caiF	blr	anmK	bcsE	cadA	carA	basS	aldA	cbl	appB	alsE	astD	artP	aspA	argF	aroP	bioC	apaG	cbpA	bglB	arnC	atpG
8.7246	8.2753	8.894366666666668	11.334333333333333	8.2417	9.972000000000001	11.291333333333332	10.985066666666668	10.559933333333333	7.8395	9.746166666666666	8.1198	7.701566666666667	9.016966666666667	8.6971	10.041199999999998	8.812800000000003	11.289000000000001	8.237633333333333	8.542133333333334	11.411	8.386666666666667	8.734933333333332	6.772533333333333	8.223500000000001	11.117333333333335	7.405166666666666	8.5877	9.2788	11.263	8.502333333333333	8.722999999999999	7.8621333333333325	7.186933333333332	7.882233333333333	9.968233333333334	9.148766666666667	11.667333333333335	9.733566666666666	8.8003	10.504000000000001	10.459	9.6156	7.747966666666668	7.772066666666667	10.655333333333333	9.224333333333334	10.196166666666663	8.248	7.719033333333333	8.833966666666667	9.524933333333333	8.588633333333334	8.269166666666665	11.148666666666665	8.690166666666668	7.5202	8.7674	7.3217	7.7658999999999985	8.1927	10.0254	10.488666666666667	8.729966666666668	7.761866666666666	7.824533333333334	8.963233333333333	7.3397999999999985	8.9947	8.014433333333335	9.216666666666667	8.448366666666667	7.646666666666667	9.983666666666666	8.7022	11.831266666666664	7.655366666666667	8.888466666666666	8.017666666666665	8.359	11.097	10.642233333333337	11.22166666666667	9.599933333333333	8.021033333333332	9.376166666666666	10.123833333333332	6.072866666666666	10.168133333333332	11.481
8.8044	9.8209	8.5463	10.574000000000002	7.9116	8.4551	9.5185	10.348	9.5064	9.2718	8.0035	8.4717	8.9817	9.195	9.222	11.229	7.8197	10.574000000000002	9.7871	8.9148	10.884	8.6789	9.4629	6.2668	8.1714	9.0688	7.6507	8.8829	10.422	9.3521	8.0237	8.9105	9.0137	7.3154	7.7646	9.5392	8.6367	9.5897	8.7413	7.7362	8.8064	8.9078	9.0697	7.9666	7.5669	9.1076	8.5218	9.6855	8.0781	8.4634	9.2073	10.092	8.3774	8.7888	9.5364	9.3397	8.1676	8.6594	7.8703	8.7171	7.8504	10.207	8.5846	9.0432	8.0392	7.6919	10.116	7.6987	8.2862	6.744	9.1049	7.6474	7.393	9.0958	8.5967	12.453	7.4081	7.7355	8.6057	10.158	9.488	11.354	9.729	8.453	8.2422	9.4478	9.8964	6.0842	6.7901	9.3114
8.545266666666668	8.5251	8.9617	12.525666666666664	8.419533333333334	10.423933333333332	10.771666666666668	9.7659	12.499	9.896966666666666	10.689333333333332	8.028133333333335	10.1397	9.1594	7.9327	9.325933333333333	7.3978	11.158333333333333	7.9954	8.3129	10.271766666666666	9.513066666666667	10.653333333333334	6.889300000000001	8.125433333333334	11.154333333333335	7.2458	8.3836	9.769266666666667	9.544833333333333	9.1163	8.243433333333334	11.875333333333336	6.716	7.3401	10.565333333333333	9.8361	12.243	10.057	8.708233333333334	10.177333333333333	10.797666666666665	9.072166666666666	7.636233333333332	7.303033333333333	11.027	11.672666666666665	10.641333333333334	8.150533333333334	8.064166666666667	9.254466666666666	10.300333333333333	8.792966666666667	8.313333333333333	11.317999999999998	8.7311	7.288033333333334	8.909433333333332	7.133066666666667	8.104833333333334	7.4619	10.119	11.200999999999999	10.056000000000001	10.748833333333332	7.3546	9.207366666666664	7.157799999999999	7.6436666666666655	7.7379000000000016	8.5926	8.8297	7.254666666666666	10.2336	8.567	9.8885	8.014066666666666	8.877566666666667	7.949733333333333	8.5819	11.839333333333334	8.4898	10.760333333333335	9.935966666666667	8.580933333333334	10.739666666666665	11.699000000000002	5.747233333333334	8.900766666666668	11.598333333333334
8.821850000000003	10.62	8.1679	10.8165	7.9441	8.716000000000001	10.4185	9.2968	11.097	9.6691	9.04445	8.04605	11.656	9.182	8.54225	10.4635	7.635099999999999	11.1915	8.159749999999999	8.73235	9.69425	10.4575	10.287499999999998	6.4116	8.4892	9.02285	7.04485	8.83425	9.8247	11.9705	8.12215	8.413	10.512	7.046200000000002	7.77045	9.47275	8.7607	10.5175	9.1145	8.6201	9.6746	10.276	8.9428	7.5141	7.3742	9.862	11.671	12.3015	8.136299999999999	7.970750000000002	8.88325	10.06185	8.2216	8.27835	10.522000000000002	8.5405	7.3615499999999985	8.792	7.2011	8.0686	7.8389	9.7213	10.026	9.52615	9.6006	7.2478	9.68305	7.31755	7.51275	8.38665	8.85675	8.3285	7.5291	9.0051	8.58295	10.259	8.0943	8.70315	7.89465	10.2125	12.044	9.3188	9.121	7.762549999999999	7.623150000000001	11.278	11.0665	5.90335	7.712350000000002	10.05785
7.528433333333332	9.590466666666666	8.251166666666668	11.436666666666667	9.1045	10.721666666666666	10.423	8.162966666666668	11.71	8.7154	10.719666666666667	7.258166666666668	9.097633333333333	7.886233333333332	7.206666666666666	8.523166666666668	6.439233333333332	11.117333333333335	9.0781	8.361333333333333	11.635666666666665	8.2675	9.928533333333334	8.3512	7.347733333333332	11.948333333333332	7.5592	7.462866666666666	10.182433333333334	7.7608	9.0436	9.086066666666666	10.0669	6.667333333333333	8.048433333333334	11.213666666666667	10.121	12.418666666666667	9.586433333333334	8.0436	11.0	10.43	9.085333333333333	9.325033333333332	7.263366666666666	10.923000000000002	10.627666666666666	10.936333333333332	8.662466666666667	6.837133333333334	11.342	7.743600000000002	9.617	7.386	10.873333333333333	8.5344	7.062366666666668	10.387	7.357	7.223266666666667	6.916433333333332	8.869233333333334	10.587666666666664	9.754866666666667	7.300266666666666	7.023633333333333	7.326566666666667	6.236999999999999	8.1529	8.3301	8.470633333333334	8.824	7.225133333333333	11.298666666666668	8.660633333333335	9.9048	9.775566666666666	8.410266666666665	7.212099999999999	7.967566666666666	9.483833333333333	7.826166666666666	10.761	11.392333333333333	9.068033333333334	10.510666666666664	9.449433333333333	5.225133333333334	8.503966666666665	11.905
7.8310666666666675	11.225666666666667	10.051	8.734466666666666	8.241633333333333	8.076366666666665	9.091333333333333	10.366666666666667	11.72	10.440999999999999	7.971266666666668	8.191	10.0772	9.147266666666667	8.001166666666665	12.720999999999998	7.153966666666666	10.738333333333333	9.210866666666666	8.007766666666667	9.527000000000001	10.794666666666664	10.512666666666668	6.3958666666666675	7.9317	8.4141	8.220466666666667	8.3277	10.392	13.917666666666667	7.085799999999999	8.576266666666667	11.312000000000005	7.212266666666667	8.399933333333331	8.0614	8.017999999999999	9.759866666666666	7.5116	7.6292	8.426566666666666	8.4059	9.244933333333334	8.400133333333335	7.536633333333333	8.3298	11.242333333333335	12.091	9.257533333333333	7.5778	11.179	9.3356	8.078133333333332	8.053466666666667	9.1516	8.5837	7.462766666666668	9.2025	6.880933333333334	7.8653	7.386633333333332	9.010666666666667	7.188366666666668	9.461766666666666	6.823666666666668	7.1631	8.275466666666668	6.5582	7.0046	6.694333333333334	8.968766666666667	8.729166666666666	7.2864666666666675	8.694666666666668	7.656833333333334	10.622333333333334	6.9178	9.0614	7.4574	10.0979	8.454033333333333	9.5144	8.2303	8.959833333333334	8.0401	10.393333333333333	9.712433333333337	5.653	6.9666	8.159866666666666
8.946674999999997	9.66255	8.187025	12.30575	8.0565	9.708625	10.94625	8.813099999999997	12.22675	8.51925	11.219000000000001	8.077425	8.430675	8.63645	8.24035	8.158475	7.41515	11.93675	9.17715	8.704625	9.266125	8.751925	9.266675	9.543275	8.220175000000001	11.3935	7.2916500000000015	8.520325	9.424575	7.939599999999999	9.2977	8.820375	9.767999999999999	7.1289	7.9108	10.64375	9.490475	12.503	9.867775	8.736625	10.875500000000002	10.85475	8.433225	7.959	7.547874999999999	11.28325	10.38525	10.23325	8.849675	7.949875	10.41	9.414750000000002	8.617275	8.2151	11.74	8.77995	7.53	9.098175	7.443375	8.134350000000001	8.037524999999999	9.739400000000002	11.829	8.82665	8.450475	7.602575	9.5752	7.661775	8.685325	8.64245	9.183325	8.344874999999998	7.696175	11.4815	9.198025	8.17315	8.519	9.081575	7.849525000000001	8.023475	11.318	9.4414	10.59575	9.599975	8.555075	10.12755	10.5145	6.106775000000002	10.73425	11.94025
9.81505	7.5215	7.911250000000001	11.4165	7.5238999999999985	8.119050000000001	10.4755	11.8575	11.408	9.84195	8.6263	7.8482	8.2284	9.2963	8.6111	8.73555	8.57435	12.3925	7.65255	8.72565	9.89255	9.44605	10.5615	6.6618	8.112200000000001	11.378	7.1139	8.55845	9.644749999999998	10.4955	8.49235	8.585799999999999	11.0765	6.96475	7.83895	9.9897	9.3984	10.839000000000002	9.28535	8.6815	9.8084	9.6534	9.0698	7.5489	7.23565	10.4265	10.1935	10.349	8.4057	7.90985	8.316749999999999	9.55715	7.9658	8.24285	10.9225	8.41725	6.8698	8.87235	7.07935	8.0766	7.8335	9.8726	10.1395	8.7845	8.4225	7.564500000000002	9.42205	7.2819	10.928999999999998	8.83755	9.3243	8.54525	9.16765	8.36545	8.5236	8.937850000000003	7.43425	8.6098	7.85895	7.77	10.885	12.3835	9.052499999999998	7.715	7.64865	10.1115	11.731	6.008749999999999	7.3292	11.062
9.7651	7.69725	8.08125	11.6725	8.06575	8.149349999999998	10.058	10.6465	11.328	10.5985	7.86065	7.97565	8.52745	9.9006	8.41225	10.14	7.8517	11.3135	7.8548	8.7255	9.32995	10.5	10.3375	6.0958000000000006	8.0166	10.276	7.1804000000000014	8.608799999999999	9.7266	12.4845	7.93785	8.384	11.1975	6.9573	7.8432499999999985	9.25865	8.731	10.409	9.1574	8.37875	9.16205	9.2627	8.582899999999999	7.60955	7.3229000000000015	9.68935	11.245	10.764	8.3857	8.002	8.3832	9.86315	7.9057	8.35835	10.2755	8.6328	7.34895	8.5246	7.2928	8.081900000000001	7.825900000000002	9.8736	9.149	9.05035	9.106750000000002	7.42905	9.4963	7.30295	10.251	8.8248	8.7696	8.10145	10.4515	8.33145	8.46285	8.50415	7.4664	9.75755	8.0433	7.89195	10.904000000000002	11.81	9.17495	8.05745	7.8004	10.3705	12.4425	6.09815	7.2297	9.6968
8.83295	8.63675	8.2081	11.1925	7.87005	8.71595	10.7855	9.78275	10.999	9.86515	8.8274	7.888999999999999	11.023	9.25995	8.5189	9.91985	7.69505	11.491	8.1841	8.72695	9.7293	10.1605	10.3795	6.47715	8.23375	9.3455	7.0525	8.786100000000001	9.9524	12.738	8.07975	8.5164	11.614999999999998	7.0348500000000005	7.8375	9.3981	8.754249999999999	10.527999999999999	9.32315	8.5862	10.1965	10.3915	8.92285	7.562950000000002	7.555849999999999	9.96555	11.8245	12.042	8.41565	7.9166500000000015	8.801400000000003	9.9925	8.45165	8.27605	10.8925	8.6396	7.4168	8.9017	7.08765	7.87795	7.9297	9.70685	10.4495	9.12955	8.4088	7.44275	9.2971	7.434900000000002	7.8107	8.3438	9.03035	7.8823500000000015	7.5425	8.926449999999997	8.6503	10.2545	7.529249999999998	9.634049999999998	7.88475	8.9106	11.772000000000002	10.16735	8.927	7.70045	7.62975	10.8305	11.5685	5.9404	7.7828	10.669
9.708	9.2133	8.2625	12.836	8.4907	9.307	11.339	7.5609	10.21	8.1844	9.1619	8.0866	8.2745	8.8449	7.9998	8.7812	7.3655	12.994000000000002	9.511	8.7639	9.6136	8.2084	9.0225	9.3585	8.1012	9.5618	7.403	8.4585	8.6285	7.9232	7.8449	9.0189	7.3032	7.2338	7.7244	10.476	8.3203	9.6003	9.8137	8.0157	11.275	11.586	8.7131	8.6343	7.4836	12.395	8.345	10.96	8.4001	7.9903	10.271	9.3186	9.7485	8.0432	11.706	8.7576	7.5708	9.7379	7.5589	8.3232	8.1186	9.5751	11.616	8.4123	7.4016	7.74	8.7261	7.4433	7.3648	8.9569	8.5946	8.6037	7.7609	9.4833	8.5346	8.0509	7.4502	7.7963	8.0223	7.9166	10.83	8.7084	9.0757	8.1546	7.97	10.135	9.276	6.4123	7.0004	12.133
10.455	8.854	9.72715	12.369000000000002	8.8782	9.3268	11.0575	9.1562	10.6845	8.1214	9.949	7.846249999999999	8.08735	8.62815	8.3833	9.72735	7.47565	12.0385	8.4026	8.4352	10.8445	8.3493	9.4562	8.6095	7.946249999999999	10.52	7.0708	8.0821	9.23255	7.20485	8.549050000000001	8.98995	7.75475	6.89235	7.48885	11.105	9.2103	10.6	9.846050000000002	8.5734	11.2955	11.2845	9.49475	8.6804	7.1657	11.901	8.5561	10.7435	7.88725	7.6787	10.1645	8.86415	9.033999999999999	7.639149999999999	11.852	8.2639	7.1748	9.8737	7.0716	7.5677	7.5678	10.394	11.6905	8.41535	8.001850000000001	7.44595	8.29375	6.98485	7.17155	9.0602	8.7591	8.3823	7.22365	8.76295	8.40635	10.239999999999998	6.85415	7.4095499999999985	8.95535	8.0866	10.673000000000002	10.7735	8.9602	8.26605	7.643499999999999	10.177	9.53675	5.7934	7.6133000000000015	12.0455
10.699000000000002	9.2044	7.8478	12.366	8.366	8.8509	11.14	9.4648	10.069	8.4354	9.0845	7.81	8.1541	8.7655	8.6567	9.2331	7.5773	11.969	8.2853	8.6235	11.204	8.3924	9.0989	9.6019	8.1919	10.368	7.1765	8.4906	9.1428	7.944	8.1618	9.0918	8.1181	7.0911	7.6514	10.762	8.7048	10.380999999999998	9.6161	8.3496	11.236	10.898	8.8587	8.5153	7.4177	12.187	8.9712	10.357	8.2355	7.8248	9.3461	9.1288	9.0611	7.9168	11.404000000000002	8.5185	7.342	9.4571	7.1648	8.078	7.7915	10.313	11.386	8.0748	7.3881	7.6198	8.9182	7.4233	7.7566	8.3981	8.8604	8.4601	7.508999999999999	9.4989	8.7568	10.054	7.7148	7.5973	8.0037	7.7725	10.533	11.706	9.0047	7.8255	7.7665	9.7013	9.7224	6.232	6.973	12.505
9.34915	8.7805	7.86895	12.6215	7.8758	9.12725	11.264	7.6539	9.66785	8.27025	9.459	8.00675	8.0513	8.944949999999997	8.19345	9.7823	7.33075	12.7885	9.2318	8.67735	10.02995	8.18935	8.93335	8.9927	8.1744	9.6212	7.3846	8.50755	8.97325	7.6122999999999985	8.1016	8.926	6.98785	7.2978	7.88485	10.6375	8.796800000000003	9.85565	9.72815	7.84555	11.907	11.4065	8.4219	8.00795	7.6717499999999985	11.657	8.818750000000003	10.843	8.061900000000001	7.86345	10.877	9.0661	9.50705	8.1282	10.9805	8.762550000000001	7.6407	9.39425	7.5099	8.30855	7.9819499999999985	9.77335	11.700500000000002	8.08975	7.69175	7.6265	8.7397	7.63185	7.54845	7.8941	8.6525	7.81715	7.867050000000001	9.8898	8.5219	7.9457	7.4575	7.837199999999998	8.1436	7.902100000000001	11.1825	8.7839	9.09215	7.7961	8.04805	9.77535	9.20275	6.11355	6.9453999999999985	12.6815
10.550999999999998	9.016	8.1859	11.675999999999998	8.341000000000001	9.1329	11.491	9.5961	9.9171	8.1709	9.1713	7.7638	8.1053	8.5265	8.3954	10.139	7.2535	11.761	9.219	8.555	11.196	8.2204	9.0598	9.9171	8.2415	10.359000000000002	7.0152	8.0599	8.8887	7.2578	7.9441	8.8846	8.1105	6.9134	7.3797	10.566	8.7606	9.9452	9.6272	8.047	11.823	11.183	8.9057	8.5226	7.3313	12.122	8.862	10.992	8.1732	7.5158	10.672	8.8439	9.5581	7.8262	11.644	8.3073	7.1191	9.9577	6.9977	7.9089	7.6422	9.6375	11.763	8.1338	7.1692	7.692	8.7589	7.6145	7.3989	9.0357	8.6311	8.3483	7.1832	9.2117	8.5317	10.031	7.0756	7.5345	7.8834	7.8143	10.765	11.769	8.7612	7.644	7.609	9.7313	9.3604	6.2481	7.0312	12.407
10.544	9.5789	9.2418	8.6924	7.3591	11.64	11.213	8.1374	9.1205	7.9984	8.0755	8.402000000000001	8.2764	9.4463	8.8233	11.476	6.4568	10.351	8.9427	8.818999999999997	9.6341	8.3235	9.4559	11.241	8.4286	9.0204	7.1399	8.2005	10.428	9.1998	7.8786	8.5587	8.6728	6.8844	7.1370000000000005	9.91	7.5358	9.4584	8.9624	7.3081	11.57	10.957	9.7606	11.281	7.2854	10.728	8.0064	11.568	8.4886	7.9317	8.2145	9.2725	9.3508	8.1181	11.421	8.6545	7.2805	10.145	7.3771	7.7817	7.2625	8.7402	11.246	9.458	7.956	8.0876	9.4729	7.4547	7.3194	8.5964	8.9427	7.3043	7.4755	8.265	8.3258	9.9227	7.6179999999999986	7.7716	7.8083	8.0533	10.487	9.2397	10.371	8.1598	8.3413	8.7353	9.3424	5.9218	6.5688	10.336
10.573	9.1125	8.2761	10.738	8.3971	8.7824	10.888	9.2448	9.8326	8.2794	9.1035	8.0796	8.2002	8.8548	8.6774	8.1537	7.9657	10.876	8.1439	8.7931	10.851	8.8434	8.9584	8.562999999999999	8.4572	10.366	7.466	8.4319	8.7297	7.5245	8.3359	8.738	7.893	7.1898	7.9276	10.659	8.6272	10.397	9.7469	7.7473	11.126	10.993	9.3775	8.5305	8.0075	11.819	8.3615	10.223	8.2551	8.0035	9.5302	9.0753	8.7732	8.0665	11.219	8.537	7.4411	9.1924	7.4347	8.3781	7.907999999999999	9.9293	10.935	8.3964	7.7538	7.8178	9.0663	7.6965	7.2489	7.4183	8.7525	8.5422	8.0467	8.5405	8.6857	10.44	8.1771	7.7505	8.4905	7.8925	10.602	10.996	9.156	7.8657	7.8943	9.635	9.2921	6.7507	7.4304	11.638
10.172	9.3377	9.8027	10.21	8.1973	11.515999999999998	10.915	8.2375	9.476	7.568	7.7651	8.0429	8.69	8.8637	7.7757	10.696	6.2824	10.832	10.397	8.698	10.543	8.6027	8.9242	10.763	6.6619	9.5227	6.4853	7.8056	9.012	6.4261	7.6304	7.9225	8.6456	6.36	7.4281	9.1391	6.7551	8.721	9.682	6.3644	11.271	11.39	9.1982	9.0215	7.1964	10.948	10.371	11.081	7.88	8.0513	9.9998	9.4022	9.0369	7.5434	10.918	7.5422	6.9543	10.509	8.4451	7.2354	7.0064	9.2066	10.599	9.6582	7.7142	7.6778	8.7804	6.7249	6.9409	10.563	8.6459	8.0516	7.3113	8.4704	8.1757	9.8875	7.5392	7.3416	7.4595	7.816	9.3267	8.2875	9.316	8.4474	7.0592	7.9872	9.7287	5.9105	6.9076	10.085
11.28	8.9668	8.1899	11.575	7.1335	8.3331	9.6724	9.7533	9.6192	8.9353	8.1003	8.0207	8.6303	9.108	8.767999999999999	10.305	8.0637	10.382	10.009	8.6581	12.335	8.5667	10.198	9.4078	8.2388	11.504	7.3074	8.9222	9.4674	9.227	8.2638	9.2051	8.8175	7.2521	7.5839	10.184	9.7311	10.154	10.483	7.7998	10.359000000000002	9.7889	8.9471	7.9414	7.9633	10.322	9.4271	9.5316	8.2897	7.8252	9.9468	9.2528	8.5288	8.2316	10.515999999999998	8.8294	7.3893	8.5407	7.3808	8.1626	8.3173	10.321	11.89	8.198	7.8093	7.7958	9.1557	7.5103	9.253	8.4939	8.9019	8.2544	7.3806	12.938	8.5973	10.553	8.1788	8.0646	8.2176	8.4391	10.088	10.605	9.246	8.1095	7.9443	9.8526	10.315	6.2634	6.7611	11.812
8.362549999999999	8.4295	8.5053	12.007	8.92585	9.04895	11.357000000000001	8.84675	10.540999999999999	7.94505	9.4695	7.8947	8.3159	8.623850000000001	8.63875	6.93585	7.07455	11.675	8.26235	9.14225	10.223	8.55995	8.64185	9.8196	7.8099500000000015	10.671	6.99125	8.57975	9.49275	7.665	8.08465	9.47435	6.998900000000001	7.10825	7.961349999999999	10.573	8.7455	9.9286	9.9943	8.1287	10.892	11.4045	7.968450000000002	9.0974	7.369	12.2255	8.30585	11.171	8.71045	7.753349999999998	9.2037	8.9221	9.20715	8.288350000000001	11.6555	8.5399	7.6117	10.26545	7.1569	8.2187	8.0212	8.9786	11.1615	8.1308	7.2226	7.1953	9.2566	7.4567	7.33705	8.41705	9.01665	8.6415	7.7617	9.369	8.366900000000001	9.0078	7.1833	8.12245	7.8626	8.0778	10.7825	11.409	9.07975	8.0107	7.91615	9.92405	9.6383	6.1739999999999995	7.03925	12.998
9.1158	9.126533333333333	7.7913	10.883	7.831833333333333	10.014333333333333	10.0482	8.968	11.042666666666667	8.609133333333332	8.798433333333334	8.310866666666668	10.995666666666665	8.4065	8.449633333333333	8.003033333333333	8.052366666666666	10.192666666666666	6.8351	9.5372	8.721466666666666	9.669000000000002	9.905499999999998	6.977899999999999	8.263933333333334	9.2702	8.021233333333333	8.986200000000002	9.2748	9.401566666666668	8.217433333333332	7.718933333333332	9.2525	6.668833333333333	8.0176	8.947433333333334	7.8755	10.099333333333334	8.8637	7.320366666666667	7.271633333333334	8.994433333333333	8.231633333333335	8.6008	8.747566666666666	9.073533333333334	12.417000000000002	9.775533333333334	8.8299	8.4138	6.739366666666666	9.320266666666667	7.8365	8.250966666666669	9.7369	8.2036	7.256566666666667	8.070833333333335	7.566333333333334	8.794033333333333	7.4599	8.073566666666666	7.894133333333333	10.119066666666667	9.7299	7.076133333333334	10.485333333333337	7.621833333333332	7.1641	8.0909	9.067033333333333	8.111433333333332	7.800999999999998	8.980233333333333	8.395633333333334	7.674666666666668	10.382	8.446433333333333	8.064666666666666	9.5955	11.48	8.200333333333335	9.870666666666667	7.992366666666666	8.017266666666666	10.268666666666666	11.745	6.813766666666666	7.932199999999999	8.565933333333334
8.911966666666666	10.488	8.046433333333333	11.820333333333332	8.704099999999999	12.294666666666664	10.324000000000002	8.710266666666667	10.790333333333335	9.3012	8.683366666666666	8.174966666666668	9.8673	9.225133333333334	8.7438	8.483333333333333	7.2471999999999985	11.091	8.287166666666666	8.943666666666667	9.434733333333332	9.569166666666666	9.643966666666667	6.5978666666666665	8.107833333333334	9.454766666666666	7.294666666666667	8.6982	9.532766666666667	11.089666666666664	7.749366666666668	8.555466666666666	9.381766666666666	6.948666666666668	7.787066666666665	9.543666666666667	8.124	11.024	9.318966666666666	7.8663	8.967633333333334	9.599	7.7175	7.845266666666667	7.706666666666668	9.430733333333334	10.994000000000002	10.403666666666666	8.615933333333333	8.2952	8.986666666666666	9.9242	8.108766666666668	8.2591	10.604666666666667	9.2337	7.4257	8.448666666666666	6.976766666666666	8.2872	7.622833333333332	8.848466666666663	9.050566666666667	10.622333333333334	7.9182	7.291666666666668	9.8715	7.3929	8.4708	8.377433333333334	8.7699	8.304599999999999	7.4227	8.798366666666666	8.736833333333333	8.194133333333333	11.292333333333332	9.0287	7.746366666666668	10.850666666666667	11.044666666666664	9.2028	9.3336	8.4405	9.217433333333334	10.055	12.026666666666666	5.9608	7.099900000000001	10.832666666666665
9.874666666666668	9.5888	8.329866666666666	10.2701	7.758133333333332	11.547666666666665	9.352333333333332	8.2849	9.777733333333334	8.423133333333332	8.670133333333334	8.665666666666667	9.480366666666667	8.825633333333334	8.8225	7.9884666666666675	8.5864	9.636033333333334	7.918299999999999	9.668633333333332	8.899533333333332	9.2193	9.1652	7.531666666666667	8.410666666666666	8.761833333333334	8.111933333333333	8.825466666666667	9.471166666666667	8.978266666666668	8.423166666666667	7.7688	7.9082	7.405533333333333	7.957833333333332	8.623800000000001	7.568233333333333	9.139433333333336	8.890866666666668	7.444533333333332	7.4324	8.836166666666667	7.9294	8.525366666666669	8.937000000000001	8.968633333333333	10.016433333333334	9.612633333333333	9.2039	9.1242	7.2391999999999985	9.212966666666668	8.164499999999999	8.4741	9.435066666666666	8.4212	7.7852	8.074466666666666	7.242333333333334	9.2108	7.871100000000001	7.8521	7.740633333333332	9.3426	7.737633333333334	7.648066666666668	10.143666666666666	7.5095	7.768266666666666	6.9335666666666675	8.965533333333333	8.3674	7.941533333333332	9.4282	8.679733333333333	7.4090333333333325	9.635833333333334	8.080366666666666	8.255433333333334	8.200966666666666	10.505	7.856233333333333	9.031466666666667	8.181166666666666	8.174866666666668	9.644333333333334	9.810033333333333	7.371266666666666	7.927966666666666	9.3541
8.9867	8.7205	8.4717	11.047	8.6177	8.7621	10.649	9.4792	9.8434	8.203	8.9586	7.7409	8.0735	8.5466	8.6651	9.4784	7.0710000000000015	10.845999999999998	9.2887	8.873	11.224	8.3654	8.7043	10.959	8.1556	10.113	7.0923	8.3046	9.5176	7.8104	8.0252	8.8663	7.8572	7.1254	7.9446	11.044	8.4175	9.8223	9.5327	7.5336	11.621	10.9	9.5441	8.6465	7.1569	11.618	8.6972	10.222	8.3936	8.0351	10.97	9.059	9.4244	8.1772	11.672	8.398	7.473	9.5159	7.4573	8.1074	7.4716	10.223	11.291	8.4204	7.9093	7.9049	9.0982	7.5228	7.7702	9.6132	8.8279	8.1457	7.4555	9.5748	8.6175	10.318	7.5309	7.6319	7.987999999999999	7.8541	10.018	11.279000000000002	9.0674	7.7827	7.7113	9.088	9.6669	6.0924	6.8712	11.659
10.874	9.6655	8.7515	9.9304	7.8351	9.4244	10.664	9.2333	11.043	7.7518	8.2837	7.7809	7.9683	8.9491	7.9786	10.835	6.9314	10.816	9.5573	8.4925	9.8345	8.3144	8.9174	10.883	7.6794	9.1186	6.9603	7.8984	8.6102	7.5127	7.6755	7.9527	8.7081	6.6720000000000015	7.3645	9.6781	7.9802	9.3099	9.0194	7.9198	11.502	11.375	9.4773	9.6201	7.2477	11.608	8.6014	11.411	8.0302	7.7133	9.8379	9.1588	8.9635	7.5416	11.255	7.8762	6.9769	10.789	7.1429	7.8283	7.451	9.9924	11.025	8.8823	7.7348	8.4349	8.7891	7.3556	7.3652	11.196	8.6565	7.5546	7.6085	8.4684	8.4392	8.1784	6.9868	7.5012	8.2376	7.5655	9.1799	10.965	8.7905	7.6893	7.5196	8.3858	9.1729	6.0282	6.7772	10.578
8.646799999999999	7.66685	8.77755	12.2255	6.9344	8.02275	10.5605	11.186	10.4675	9.42355	7.94855	8.3307	8.385850000000001	9.2183	9.35635	10.999	8.96095	11.9405	9.19235	8.8367	10.568	9.0857	9.64125	9.09795	7.8474	9.8274	7.626099999999999	8.7159	9.23475	7.33095	7.6856	8.884450000000003	9.7502	7.50925	8.07985	9.69835	9.00685	9.8646	9.0801	9.3769	10.198	9.30035	9.2361	7.78485	7.94835	10.252	9.2041	9.47855	8.026	8.1578	9.28325	9.55185	8.5428	8.3127	9.6692	8.9298	7.930949999999998	8.284099999999999	7.5378500000000015	8.4654	8.086200000000002	10.0625	10.2195	8.288499999999999	7.67905	7.3934	8.9755	7.53155	8.381499999999999	6.58155	8.96575	7.8934	8.20575	8.856200000000003	8.871649999999997	8.455749999999998	7.2034	8.08935	8.2253	8.136700000000001	11.0445	12.4925	9.2156	7.8526500000000015	8.22845	9.7685	10.5245	6.514049999999999	6.609	11.3905
8.415	9.24215	8.61105	13.122	8.315100000000001	8.83075	10.436	9.7453	12.4385	9.26715	8.75705	7.656549999999998	7.6052	8.31605	8.251349999999999	9.62465	8.498149999999999	12.052	7.20315	8.7832	8.99905	9.154	8.8392	7.99375	8.154900000000001	9.89385	7.1693	6.48735	8.56485	7.0344	7.918050000000001	8.329550000000001	8.9661	7.3536	7.70325	10.1857	8.1218	10.12795	8.68675	8.0585	9.9006	10.4605	9.175	8.3925	8.3858	10.282	9.16775	9.86385	7.8868	7.837849999999999	7.5518	8.89015	8.0687	7.42785	10.704	7.5025499999999985	7.40795	8.436	7.3355	8.3399	7.793649999999999	10.7935	10.096	8.13345	6.75695	8.81865	8.43995	8.252400000000002	8.54805	7.45985	8.1174	8.668099999999999	9.97355	8.2702	8.744	7.54355	8.04135	7.46055	8.5115	7.28875	10.09475	9.7902	8.3228	8.279499999999999	7.1357	9.5868	9.91015	8.03285	7.76975	10.4985
8.9806	9.9752	8.0213	11.712	8.0861	9.7305	10.571	8.1414	9.7056	8.8507	8.5685	8.0905	8.3979	9.357	8.1446	11.33	6.8517	10.265999999999998	7.4025	8.7287	10.198	9.1794	9.3078	7.8322	8.689	11.43	7.3805	7.2183	9.7868	6.9815	8.7204	8.381	8.6704	6.7657	7.8247	10.581	8.7042	11.089	9.4835	8.5696	9.599	11.031	9.2843	8.7834	7.6478	9.5669	9.2801	10.284	8.6215	7.8099	8.7265	9.0548	8.4972	8.4444	12.202	8.0618	7.0601	9.4906	7.2179	8.3096	7.3312	9.0509	10.422	9.212	6.8142	7.7898	9.3515	7.3706	8.0999	9.2948	8.9144	8.8277	7.4295	11.148	8.6057	7.709	10.828	7.7719	7.9157	7.6179	10.053	8.442	13.498	8.7948	7.2826	9.046	9.9101	6.11	7.4141	11.066
8.7503	10.842	8.9079	8.9187	7.4821	9.1602	9.9248	9.1264	9.2571	9.7066	8.2691	7.8482	9.0597	8.8701	8.4343	13.047	6.9531	9.9969	7.9341	8.6786	9.7327	9.8505	9.4822	8.3843	8.6005	9.2041	7.1331	7.4659	9.4324	8.2828	7.9499	7.8356	10.297	6.8484	7.586	9.0512	7.5627	9.5296	8.6159	7.7571	10.67	10.32	11.075	8.1572	7.5689	9.7086	8.7945	10.153	8.4648	7.5997	8.9636	10.505	8.0707	8.359	10.566	8.3668	7.0123	8.9462	7.2763	8.0233	7.7056	9.0732	9.9889	9.7089	7.4394	8.1116	10.16	7.4531	8.9714	9.5847	8.7176	8.0035	7.2858	8.6934	8.5855	11.259	8.7741	7.7558	7.8788	7.8884	9.8005	8.5798	9.892	8.4223	7.4812	8.8929	9.9926	6.0636	7.5309	9.7451
9.103	10.463	8.3536	9.1616	7.7933	8.3543	9.2985	9.5321	11.996	10.173	8.676	8.0281	11.065	8.7742	8.3342	12.335	8.696	10.95	6.7867	8.472000000000001	9.2091	10.123	9.7238	6.7708	8.1827	8.4645	8.341000000000001	8.618	9.7768	13.808	8.0797	8.0707	10.178	6.9666	7.6803	8.8929	7.5933	8.9983	8.1239	7.0382	8.0867	8.8075	8.9476	8.6511	8.4045	8.1399	10.729	11.557	8.2601	8.3728	6.6137	9.6227	8.0231	8.1043	8.9268	8.1222	7.0069	7.7436	7.5454	9.003	7.4091	8.514	7.7449	9.0496	8.2105	8.1103	9.8203	8.2366	7.4989	7.3634	8.761000000000001	8.0876	7.7799	8.0957	8.1909	9.0985	8.151	7.4632	8.5231	9.8427	10.186	8.1078	8.6113	8.2463	7.4114	9.896	9.8408	7.0702	8.1499	7.9542
8.5752	11.883	8.3277	11.043	8.9602	9.8013	10.781	10.429	10.919	8.812999999999997	10.061	7.3398	9.9893	8.354	8.3451	9.0464	7.5475	10.745	7.6183	8.3175	11.365	8.8511	9.6024	7.7023	10.215	11.179	7.0801	7.0918	9.5524	7.7738	8.7617	8.6337	10.5	6.6082	7.6272	10.629	8.6714	11.295	9.8749	8.2104	11.166	10.953	9.2372	8.413	7.7606	11.059	9.6322	10.19	8.4769	7.7869	9.1572	9.1276	8.806000000000003	8.1535	11.479	8.6253	6.6842	9.7706	7.2779	8.1353	7.712999999999999	9.5727	10.934	9.1712	7.3194	7.693	8.8725	7.6365	7.2197	8.0293	9.0567	9.0386	7.5009	9.9659	8.7526	10.91	7.5111	7.6196	8.1061	7.3808	9.7376	9.4556	9.5853	10.074	7.7882	9.6473	10.099	6.3334	7.8983	11.088
10.99	12.138	7.5106	10.566	8.0732	9.6593	10.066	8.3602	9.4511	7.6541	7.7872	7.8647	8.8675	7.9704	8.6951	11.105	6.7669	10.283	10.275	8.5438	10.422	8.2449	9.2657	11.072	7.6347	8.8447	6.1	7.2217	7.9611	6.5648	7.5471	8.1592	11.287	5.5901	6.642	9.6119	7.7029	8.2342	9.1591	7.5361	11.423	10.703	8.7722	9.629	6.8307	11.547	11.296	10.445	7.4565	7.8148	9.2657	8.6727	8.3413	7.2613	11.063	7.0923	6.4082	10.496	8.6031	7.1274	6.7371	9.1039	10.796	8.7557	6.5467	8.4063	8.7151	6.9285	5.6832	11.101	8.074	9.6132	7.5149	8.1241	9.2321	7.9993	8.3478	6.651	7.3694	6.6489	9.2151	9.235	8.9562	7.8925	6.3931	9.0009	9.6004	5.5817	7.7032	9.4568
8.8502	9.2955	8.2703	11.295	8.2985	11.169	11.457	9.7718	10.75	7.9621	9.7033	7.4477	8.081	8.725	8.3049	10.182	7.1598	12.144	7.9929	8.064	11.129	8.3299	8.7323	10.879	8.5192	10.800999999999998	7.1307	8.0555	9.4696	9.8701	9.0609	8.4695	8.5059	6.9329	7.2002	10.978	9.3618	10.783	10.162	7.8006	11.438	11.283	8.9292	9.406	7.5461	11.437	9.1135	10.345	8.5204	7.351	8.9535	9.0293	9.5438	8.1509	11.697	8.1667	7.035	9.285	7.0473	7.9996	7.4473	10.401	11.704	8.7526	7.6822	7.6494	10.945	7.4033	7.347	8.1266	8.6347	8.5577	7.4271	7.8313	8.7317	10.893	10.837	7.6277	7.9265	7.7367	10.281	10.379	8.5745	7.9328	7.5666	9.0012	9.8486	5.7315	7.315	12.355
8.788	8.5306	9.0451	10.537	7.9562	8.8921	10.54	11.245	11.181	11.225	9.2445	7.96	9.6035	9.5155	8.4301	10.836	7.961	10.312	9.5134	8.4437	12.185	10.162	10.866	6.6191	8.3239	10.403	7.1134	8.1382	9.6289	7.5813	8.2157	8.6249	12.593	7.0629	7.643	10.191	9.5949	10.755999999999998	9.5989	8.3017	10.037	10.177	9.2951	7.8571	7.3157	10.318	10.135	10.23	8.1646	7.8141	8.9703	10.605	8.4842	8.2214	11.053	8.5349	7.3351	8.8572	7.1867	7.9573	7.5857	10.43	10.36	8.991	8.7863	7.728	9.3281	7.4983	7.6928	7.5128	9.1148	9.6058	7.4818	8.36	9.0207	11.675	8.1085	7.9911	8.1983	10.023	11.134	10.651	8.972000000000003	8.0601	7.7449	10.019	11.218	6.0694	8.0456	11.405
11.433333333333335	9.2541	11.409333333333334	10.989333333333333	7.828666666666668	8.719433333333335	10.415533333333334	9.1657	11.294000000000002	8.532499999999999	8.789	8.383933333333333	8.381366666666667	8.943333333333333	8.936433333333332	8.5745	7.449033333333332	10.857000000000001	9.245133333333333	8.517333333333333	10.1029	8.5732	9.547666666666666	9.4565	7.9934	10.267999999999999	7.497166666666666	8.660233333333332	9.268866666666666	8.216033333333334	8.015233333333333	8.992866666666666	9.772033333333333	7.167999999999999	7.736033333333333	10.609000000000002	8.340333333333334	9.804899999999998	9.423266666666667	8.0692	10.983333333333334	10.845333333333334	9.125433333333334	8.003466666666666	7.460566666666666	11.247333333333335	8.642566666666667	10.122333333333332	8.4519	8.0513	10.360633333333332	9.503466666666666	8.853066666666667	8.315433333333333	11.441333333333333	8.808733333333334	7.4193333333333324	9.2249	7.340766666666667	8.374600000000001	7.591666666666666	9.5212	11.569	8.366266666666666	7.535833333333333	8.0932	9.176733333333333	7.357566666666667	7.7593	6.143233333333334	8.9514	7.7715	7.806366666666666	9.343033333333333	8.380666666666666	9.476666666666668	7.4163000000000014	7.992733333333334	8.001199999999999	8.0559	10.198533333333334	11.025666666666664	9.200133333333332	7.957000000000001	9.420033333333334	9.609633333333333	9.528066666666666	5.914666666666666	6.564433333333334	11.249666666666668
10.682	10.560633333333334	12.425666666666665	10.237333333333334	7.770266666666667	8.661499999999998	10.084166666666668	10.950466666666665	12.359333333333332	9.496633333333332	8.941366666666664	8.132366666666668	9.574033333333334	9.116433333333333	8.363166666666666	9.514433333333336	7.836266666666668	10.537999999999998	8.988333333333333	8.4715	10.409	9.473066666666666	10.493433333333334	7.767833333333333	8.0334	10.1262	7.317433333333333	8.630933333333333	9.555866666666667	9.0154	8.303166666666668	8.7255	11.730333333333334	6.8718	7.7668	10.439	8.871966666666667	10.165	9.1842	8.168933333333333	9.5474	9.981066666666667	9.186633333333333	7.8198	7.267833333333333	9.9993	10.129833333333332	10.317666666666666	8.4159	8.041333333333332	9.7615	9.923366666666666	8.4512	8.267566666666667	11.250333333333332	8.6429	7.283366666666668	8.882333333333333	7.178133333333332	8.259766666666668	7.572033333333334	9.698966666666664	10.354533333333334	8.930633333333333	7.7833	8.1163	9.792866666666667	7.199466666666666	7.711566666666667	6.1255	8.937000000000001	8.625366666666666	7.4897	8.721266666666667	8.677133333333332	11.589666666666664	7.3978	7.9811	7.8648	9.4049	10.971733333333333	11.334666666666667	9.1083	8.053666666666668	9.468100000000002	10.0831	9.9369	5.775966666666666	6.9406	10.323333333333332
8.4629	8.4772	8.292466666666668	11.819333333333333	8.426233333333332	11.521666666666668	11.093666666666666	8.491166666666668	12.708666666666666	8.249233333333335	11.36	7.965666666666666	8.004	8.8633	7.914533333333334	8.647633333333333	7.4734333333333325	13.021333333333333	8.756300000000001	8.26	9.197266666666666	8.537466666666667	9.326866666666668	10.708999999999998	8.1295	11.487333333333336	7.136166666666668	8.258033333333334	9.6878	10.309000000000001	9.3152	8.533033333333334	9.618433333333334	6.737333333333333	7.355633333333333	11.0	9.273666666666664	12.145	10.449666666666666	8.483133333333333	11.034666666666665	11.276000000000002	8.364333333333333	7.836133333333334	7.3766333333333325	11.632333333333333	10.363	10.417	8.260366666666668	7.951766666666668	10.356	9.420566666666668	9.1933	8.118066666666667	11.848333333333334	8.744833333333334	7.1948	9.317666666666666	7.2062	7.9726	7.8409	9.821	12.029666666666666	9.316466666666667	8.179166666666667	7.841733333333332	9.448066666666668	7.3862999999999985	9.385166666666667	8.608333333333333	8.741766666666665	8.6625	7.411899999999998	12.063333333333333	8.489066666666666	7.851	8.6637	7.9036	7.9044	7.7544666666666675	11.552333333333333	9.277766666666666	11.235	10.999	8.936233333333334	10.352666666666666	10.172	5.8251333333333335	7.440966666666667	12.332
9.1837	8.0984	9.1023	9.3609	7.1588	9.4085	11.92	9.0722	9.5558	8.7063	8.0019	8.368	7.9506	8.8701	8.6807	11.065	7.1687	10.982	8.8182	8.4097	9.3939	8.155	9.0636	6.6938	8.0267	7.991	7.2805	8.7068	8.2031	7.1396	7.6889	8.5215	6.5621	7.5696	7.9556	9.71	8.3217	8.6429	10.068	7.0607	11.014	10.311	8.8034	7.9966	8.3257	11.031	8.7655	9.102	8.0309	8.0458	9.8461	9.545	9.0421	8.5856	9.1643	8.9929	7.8506	8.4574	7.6919	8.3479	8.3548	9.0361	10.437	8.5053	7.7293	7.9378	8.9251	7.7368	7.9896	8.8941	8.6479	8.5335	8.3535	8.3495	8.7374	8.0073	7.5573	8.6739	8.75	8.0096	9.1328	12.411	9.3772	7.7141	8.0415	9.0304	9.6965	6.9927	7.3152	9.9753
8.607266666666668	8.943466666666666	9.701366666666663	13.082	9.158933333333335	9.441866666666668	11.490666666666668	7.889500000000001	10.483	8.167466666666668	9.595833333333333	7.924566666666666	8.140500000000001	8.5954	7.950833333333333	8.407466666666666	7.125466666666667	13.006666666666666	8.516066666666667	8.792333333333334	9.506433333333334	8.2612	8.477466666666666	10.286333333333333	8.196033333333334	9.658433333333337	7.353233333333333	8.373299999999999	8.956433333333333	7.425000000000002	8.079666666666666	9.038733333333333	7.578333333333332	7.075	7.530266666666668	10.984666666666666	8.553633333333332	9.949366666666668	9.894133333333333	8.087133333333334	11.197666666666665	11.603333333333332	9.260533333333333	8.9248	7.3527	12.462000000000002	8.525533333333334	11.163000000000002	8.4445	7.9041	10.740333333333332	8.9976	9.614366666666667	8.0644	12.113666666666667	8.593633333333335	7.511266666666668	10.018433333333334	7.2836	8.264266666666666	7.7485	9.499266666666664	11.712333333333332	8.201833333333333	7.293866666666666	7.607133333333333	8.888933333333334	7.391366666666666	7.1696	9.476866666666666	8.657266666666667	8.840366666666666	7.468966666666668	8.793333333333335	8.498899999999999	8.441366666666667	7.109633333333334	7.837266666666667	7.9526	7.794266666666666	10.818666666666667	10.381066666666667	9.051166666666667	8.400733333333333	7.9758	9.938966666666666	9.449033333333334	6.056033333333333	6.8535	12.160666666666666
8.695266666666667	9.415266666666666	9.8559	12.387	8.565866666666668	9.1824	11.085333333333333	9.353066666666663	10.753433333333335	8.224233333333334	9.458766666666667	8.01	8.048266666666667	8.628133333333333	8.443566666666667	8.721366666666666	7.769466666666666	12.213333333333333	8.1977	8.771866666666666	10.208733333333333	8.297333333333334	8.465266666666666	9.6146	8.333166666666665	10.115133333333333	7.373399999999998	8.502033333333333	9.0257	7.487933333333332	8.634333333333332	8.8685	7.990233333333332	7.158333333333334	7.810899999999998	10.819333333333333	9.208233333333332	10.619233333333334	9.837533333333333	8.744833333333332	10.836999999999998	10.881333333333336	9.495266666666666	8.4977	7.485166666666667	12.084666666666665	8.437533333333333	10.68	8.427566666666667	7.956	10.0008	9.0129	8.9659	8.0589	12.034666666666665	8.5684	7.407166666666666	9.4325	7.298466666666666	8.2506	7.810666666666666	10.047266666666667	11.086333333333334	8.285233333333332	7.781233333333333	7.634266666666666	8.832333333333333	7.6163	7.459500000000001	8.990900000000002	8.886166666666668	9.129466666666668	7.400666666666666	8.879166666666666	8.611699999999999	9.882166666666665	7.211033333333333	7.8153000000000015	8.285466666666666	7.7306	10.627	11.449666666666667	9.274	8.200499999999998	7.8937	9.896733333333332	9.626066666666668	6.180033333333332	7.0772	11.958
8.98995	9.9445	8.18435	12.828	8.7664	10.707999999999998	11.3565	7.66115	11.413	8.06085	11.092	7.900349999999999	8.49695	8.792349999999999	7.71	8.930399999999997	7.04815	12.565999999999999	8.475999999999999	8.30435	10.07825	8.37305	9.37195	8.767000000000001	7.64195	11.6155	7.1181	8.2912	9.24445	9.3688	8.75375	8.7919	8.7759	6.99015	7.6623	10.57	9.06165	11.9205	9.80005	8.4078	10.9855	11.168	8.398150000000001	8.13095	7.818	11.519	9.76715	10.8355	8.70425	7.75675	10.6825	9.2673	8.86875	7.9518	11.7535	8.657350000000001	7.23685	10.092	7.2364	7.93	7.5728	9.7057	11.118	9.000250000000003	7.72935	7.57525	11.4715	7.1452	7.2762	8.49545	8.9221	8.0753	7.583299999999999	10.781	8.67815	7.75745	8.5847	10.577	7.65745	7.901999999999999	11.274000000000001	8.83575	9.62065	10.794	8.05765	10.2035	10.017000000000001	5.90355	7.76365	11.8615
9.578033333333332	8.394266666666667	8.027666666666667	11.561	7.9112	9.937833333333334	10.265933333333336	8.105666666666666	10.297133333333333	7.9346999999999985	9.974733333333333	8.173333333333334	8.549466666666666	7.6477	7.9302	7.276366666666667	7.831833333333333	11.042333333333332	6.279366666666665	8.886733333333332	10.448	9.282866666666663	9.386033333333334	7.075966666666666	7.712333333333333	10.71	7.842733333333332	8.261333333333333	8.1974	7.8185	7.951733333333332	8.451966666666666	6.8668000000000005	7.450066666666667	7.3814666666666655	9.5369	7.960466666666666	10.797166666666667	9.924633333333334	7.5782333333333325	9.199333333333334	10.703666666666667	7.919133333333334	9.1058	8.4734	10.4929	8.471666666666666	9.815066666666667	8.706766666666667	8.2335	7.3627	7.872066666666666	8.2457	7.654733333333334	10.885	7.489133333333332	6.994533333333332	9.0372	6.948566666666667	8.819633333333334	7.0772	8.2074	9.642966666666666	8.2928	7.056466666666666	7.7839	9.570666666666666	7.328266666666668	6.890766666666668	7.239866666666668	8.4896	8.656	8.0569	10.973566666666667	8.716633333333332	8.241200000000001	7.157066666666667	7.565166666666667	8.530100000000001	7.521	9.729966666666668	8.439366666666666	9.1647	10.061	8.483866666666666	9.561733333333333	9.0418	7.099666666666668	8.014366666666666	11.847666666666667
9.577833333333333	8.418366666666667	8.175199999999998	8.189566666666666	7.587333333333333	9.0395	8.682133333333333	10.1118	8.611433333333334	8.332099999999999	8.2031	8.265533333333334	8.714833333333333	7.3481999999999985	8.6821	7.6868333333333325	8.876133333333334	9.208533333333332	6.035266666666668	9.451666666666666	9.394133333333334	9.574366666666668	8.8608	6.7961	7.874233333333334	9.1163	8.050133333333333	8.6334	8.233766666666668	8.345333333333334	7.7383	8.437999999999999	6.982333333333334	7.622000000000001	7.782433333333333	8.518033333333333	7.361466666666666	8.639566666666667	7.997733333333334	7.498399999999998	8.268566666666667	8.754199999999999	8.160366666666668	9.066433333333334	9.034466666666667	8.298066666666667	8.211566666666668	8.291199999999998	8.804866666666667	8.8896	6.3743333333333325	7.9248	8.033933333333334	7.774433333333333	8.479633333333334	6.9693	7.4242	7.892	7.1603666666666665	9.174066666666667	7.275033333333332	7.832000000000002	7.625366666666667	8.539633333333333	7.4681	8.307733333333333	9.856366666666666	7.729666666666668	7.441166666666668	7.798733333333334	8.427866666666667	8.549766666666665	8.043033333333334	8.151966666666667	9.055966666666668	9.929133333333333	6.938	7.7541	9.1059	7.830433333333333	8.896733333333332	9.0177	8.801766666666666	8.229366666666666	7.517666666666668	8.2138	9.064066666666667	7.5285	8.463233333333333	8.3145
8.354199999999999	9.9309	8.5275	12.9345	8.83285	10.02215	11.2185	7.2075999999999985	10.0785	7.9094	9.5324	7.73965	7.5499	8.66535	7.835	9.74085	7.08825	12.702	10.04325	8.49645	9.5366	8.1989	8.493549999999999	10.9205	8.04605	9.6433	7.1446000000000005	8.02595	9.407	7.2697	7.87755	8.899000000000003	8.758949999999999	6.8016000000000005	7.3086	11.2645	8.3022	9.69735	9.73655	7.63605	11.2815	11.903499999999998	8.85065	8.6699	7.34255	12.218	9.2642	11.020500000000002	8.184249999999999	7.5924999999999985	11.328	8.8581	9.78845	7.5987	11.7095	8.1458	7.4806	9.61855	7.0520000000000005	7.8014	7.452999999999999	9.84705	12.125	8.128499999999999	7.2245	7.6689500000000015	8.3987	7.2494	7.3168	10.0655	8.34905	8.3626	7.5023	8.59245	8.403749999999999	7.621	7.00145	7.439999999999999	7.791	7.5419	10.9965	9.2533	8.58795	8.45935	7.8037	9.9893	9.6136	6.0081500000000005	6.6411	11.84
9.6737	8.42705	7.90745	12.608999999999998	8.318100000000001	9.1564	10.7395	9.7868	10.383500000000002	8.6303	9.54615	7.55915	7.8630499999999985	8.546949999999999	8.30785	8.84815	8.34	11.6635	8.46545	8.4849	10.7865	8.61955	9.07705	10.251	8.2393	10.6065	7.0513	8.0505	9.93605	7.04715	8.42785	8.7838	9.6103	6.78155	7.3351	11.1085	9.366	10.309	9.52175	8.5206	11.116499999999998	11.078	9.6255	7.8499	7.3254	12.0475	9.78395	10.542000000000002	7.91225	7.711600000000002	9.91495	8.95275	9.17645	7.58	11.6035	8.20015	6.8978	9.2407	6.76125	7.6135	7.528650000000002	10.476	12.001	8.6435	7.0659	7.5391499999999985	8.5176	6.9805	7.87415	9.69715	8.834700000000002	8.4028	8.3415	9.33265	8.2881	11.0975	6.83575	7.6876	8.08175	7.5887	10.828	11.9725	8.5763	8.0469	7.63675	10.0535	10.0905	5.76625	7.0746	12.3005
