flgK	amtB	fepB	dadA	tyrA	dctA	ymgA	mdtF	gcvR	alsK	ryhB	ycgZ	ves	ynjH	fecI	ndh	fumA	flgE	sdhC	ansB	yqeF	yjdJ	rihC	mglB	alsB	modC	yccJ	yjcH	nudB	fadB	flgM	mqsR	paaK	yebK	feaR	rihA	dmsA	flgL	ymdA	yjjI	fliD	betB	pbl	tsr	fliT	cycA	ypfN	yagE	ksgA	arnB	gsk	ycdZ	imp	pncA	cstA	modA	atpC	apaH	fhuF	pck	entB	modB	atpF	fliQ	flgC	betI	cheR	yjcZ	tap	yghZ	argC	cysP	glnK	cbpM	rbsB	deoA	macB	motA	fliN	fadA	yneM	cheW	betA	carB	fadJ	ybdB	deoC	ilvI	alsE	ycgR	cheA	trg	tar	yjdA	yhjH	nupG	ompW	dsrB	ysaA	motB	yjdI	sdhD	ymgC	udp	fliC	ybhJ	yaiZ	entS	ybiT	potA	dadX	flxA	bglG	fliL	yciG	flgN	actP	pyrB	pykF	hcaR	tdcA	artJ	ccmD	artI	yeeD	nac	yebC	aceF	fliS	entE	artM	cheB	fliZ	flgB	ybdZ	yjjZ	fliA	cheZ	bcsG	yqjC	cheY	icd	ygjG	ucpA	pyrI	argW	pta	flgD	tnaA	bcsF	ccmG	ybaN	yncE	livG	cadB
7.5810666666666675	8.425966666666667	7.766100000000002	11.032666666666666	8.6133	11.705866666666665	8.544066666666668	7.8077	9.586266666666667	8.122666666666667	7.588333333333334	8.180266666666666	8.359166666666667	7.568833333333332	8.053199999999999	8.074766666666667	12.032333333333336	7.789533333333334	12.209333333333333	8.070266666666667	8.892766666666667	8.7673	9.658066666666667	11.732833333333332	8.536633333333333	8.409066666666666	8.762133333333333	10.5474	10.881666666666666	11.095366666666665	8.766399999999999	9.126933333333334	8.7841	10.385433333333333	7.958766666666666	9.203266666666666	8.637966666666667	8.4815	7.328066666666667	7.8912	7.249766666666666	9.987733333333333	5.039266666666666	9.475966666666666	8.326666666666666	10.307433333333334	8.967666666666666	7.8897	9.267366666666668	9.813133333333333	7.822700000000001	8.838333333333333	9.973866666666668	9.439633333333333	12.869000000000002	9.1103	10.949000000000002	8.3287	7.7532	11.455666666666668	8.296100000000001	8.691533333333332	12.269	6.734233333333332	8.662533333333334	9.587533333333333	7.854733333333333	8.303166666666668	8.764633333333332	10.465733333333334	10.620999999999999	9.842633333333334	8.083866666666667	8.631166666666667	12.276666666666666	9.119733333333333	8.996633333333332	7.307666666666666	7.451366666666668	10.380866666666668	10.618000000000002	8.388066666666667	9.084533333333333	9.7352	11.045933333333332	8.756533333333334	9.539333333333332	10.763666666666666	8.017666666666665	7.473299999999999	8.509133333333333	8.8938	9.039633333333336	8.3002	8.332633333333334	9.0154	12.593333333333335	8.651566666666666	7.8908999999999985	7.759033333333334	8.288033333333333	12.485	4.892533333333333	10.712333333333332	9.598633333333334	7.7205666666666675	10.564433333333334	8.9007	9.636333333333333	9.036633333333334	9.7591	8.071833333333332	6.510466666666668	7.735533333333333	8.740499999999999	8.4566	10.688733333333333	9.671766666666667	9.4591	9.526033333333332	7.335333333333334	11.342666666666664	7.437366666666668	10.952066666666667	9.308066666666667	7.594533333333334	11.109333333333336	10.840666666666666	7.957233333333334	8.539133333333332	8.665266666666666	8.0273	6.9313666666666665	7.527833333333334	7.887899999999999	6.562466666666666	7.796666666666668	8.065266666666666	7.769633333333332	9.6715	8.820966666666664	13.238666666666667	8.164766666666665	10.349399999999996	8.885166666666667	6.486466666666668	9.3583	8.8461	10.359266666666667	7.829466666666666	8.266533333333333	8.0889	8.0466	10.636933333333333	7.192900000000002
7.3378	8.5911	7.8107	12.044	8.0476	12.531	8.1903	7.5261	8.4408	8.5427	9.7203	8.0485	9.0578	7.5571	8.1229	8.6141	11.005999999999998	8.1145	10.552	7.4073	8.512	8.6691	9.1445	9.9343	8.9046	8.3523	9.3734	9.7748	8.8196	11.92	8.6258	10.215	8.2366	9.9142	8.8217	9.2832	8.5361	8.2419	7.7561	7.9767	6.98	8.7243	4.8878	9.8499	8.5902	10.071	9.4846	8.3351	8.9228	7.3352	7.4262	9.1296	8.3777	8.1388	12.719	8.291	10.084	8.1765	9.1037	9.9699	8.6242	7.9592	10.317	7.2688	8.9168	8.9173	8.0472	9.0754	9.4002	10.237	8.4425	9.6191	7.914	8.9636	11.232	9.2054	9.9196	7.3492	7.8191	11.302	13.317	8.8265	9.4761	8.5397	11.065	9.1892	8.8679	7.8625	8.6057	7.3129	8.6438	9.4018	9.5955	7.6419	8.568	7.6053	7.7701	9.7324	7.8738	7.9301	8.5901	10.654000000000002	4.6721	8.9478	8.6765	8.0354	9.503	9.5109	9.5216	8.4878	10.948	8.0992	6.7657	7.6084	9.6403	8.1726	9.5033	8.4082	8.7805	9.251	7.5194	8.0943	7.0724	9.2498	9.6505	7.4072	9.4401	9.9955	8.8667	8.9869	7.9955	8.6016	6.6035	7.1399	9.1351	8.4185	7.9381	8.1712	7.1605	10.17	9.1663	12.629	9.2778	11.099	7.1912	7.6842	8.7008	9.2585	9.96	6.4619	8.7166	8.7974	8.887	9.2549	7.5267
7.247366666666667	9.3575	7.2466	11.876	8.801633333333333	9.655933333333332	10.339666666666666	8.9186	10.984333333333336	8.073533333333332	7.637	10.328333333333333	8.341800000000001	7.6336666666666675	8.070966666666665	10.784	10.076466666666667	7.518599999999998	11.677666666666667	7.7916	7.7634	10.617	7.775533333333333	9.709466666666666	8.109666666666667	8.3116	11.451666666666664	9.269066666666667	10.450999999999999	9.736133333333333	8.547233333333333	8.2363	7.521466666666666	9.301899999999998	6.768933333333334	8.1323	7.783966666666667	8.104533333333334	7.398766666666668	7.332266666666666	7.0056	9.528766666666668	4.6696333333333335	8.823066666666668	8.202666666666667	9.795233333333334	8.645066666666667	7.781566666666666	10.407	9.1695	7.646033333333333	8.466166666666666	9.8487	9.2075	10.643666666666666	8.4233	10.462333333333332	8.985033333333332	8.097733333333332	9.496633333333332	8.296533333333334	8.5209	12.302	6.9890333333333325	8.264333333333333	9.2822	7.7449	7.943066666666668	8.4618	9.1649	11.032333333333336	9.9033	10.613166666666666	9.6468	10.358333333333333	10.578333333333333	8.9441	7.108266666666666	7.397533333333333	8.970633333333334	10.486	8.1659	9.184066666666666	9.3485	9.8041	8.642866666666668	9.693033333333334	10.073266666666667	7.949733333333333	6.6686000000000005	7.8325999999999985	8.529233333333332	8.529233333333332	7.397166666666666	7.774599999999999	7.3488	8.095766666666668	9.4138	7.4209	7.4858	10.177366666666666	11.938666666666668	6.376366666666668	10.519333333333334	8.604033333333334	7.6358000000000015	8.248666666666667	8.448366666666667	9.356733333333333	8.9046	10.432333333333332	7.905733333333332	6.1579000000000015	7.4224	11.728666666666667	8.228466666666668	8.780833333333334	12.255999999999998	11.194333333333333	8.5521	6.540766666666667	11.137666666666668	7.437233333333332	11.410000000000002	9.980533333333332	9.236200000000002	10.790333333333333	12.180333333333332	7.7825	8.277233333333333	9.100366666666666	7.689066666666666	7.1073	7.2731666666666674	7.518499999999999	6.479566666666668	7.343066666666666	7.994600000000001	7.670633333333334	12.152	8.820966666666667	13.64733333333333	10.561333333333334	8.583666666666666	11.168666666666667	6.410733333333333	9.6611	8.3305	7.061933333333332	8.068999999999999	8.138033333333334	7.946666666666666	8.252266666666666	10.0894	6.8175
8.00395	8.370750000000001	8.44865	11.8435	7.95345	9.1476	12.266000000000002	8.55935	9.7549	7.88635	9.4109	12.388000000000002	8.596250000000001	7.8461	9.92595	8.211400000000001	9.25735	7.916749999999999	11.0995	7.71875	8.11785	9.72105	8.48845	9.88975	8.14205	8.27825	11.01	9.29625	10.405999999999999	9.22545	8.568750000000001	8.33095	7.790699999999998	8.94065	6.9207	7.93025	8.013449999999999	8.370750000000001	7.1998	7.465149999999999	6.824	9.63295	4.7529	9.2425	8.55135	9.35965	9.36845	8.17825	11.58	8.1775	7.4923	8.1536	10.088	8.4918	10.623	8.363949999999999	9.43385	8.9083	10.444499999999998	9.742450000000002	10.0383	7.899	10.494000000000002	7.022	8.7223	9.8032	7.60355	8.177150000000001	8.52575	9.0899	8.220099999999999	11.409	7.6751	9.2047	11.1545	11.1425	9.19895	7.51335	7.61245	8.7554	11.325	8.3935	8.9031	8.7425	9.61175	9.915	9.89365	7.766999999999999	7.89465	7.0696	8.2569	9.0596	8.8519	7.27485	7.92915	6.98315	8.5155	10.1705	7.1979000000000015	7.7392	9.78575	10.7745	8.101099999999999	10.162	9.12535	7.676	8.31515	9.00585	9.15695	8.1638	10.2135	8.18765	6.2552	7.64905	12.506999999999998	8.12865	8.6738	9.47805	10.9355	9.2722	6.8612	8.2869	7.09665	10.443	10.6325	7.386749999999998	10.2945	10.6875	7.7974	9.7267	8.803049999999997	7.7432	7.32545	7.775349999999999	9.2849	11.643999999999998	7.822	8.08675	7.1852	12.2185	8.68395	10.902000000000001	9.452850000000002	9.12905	8.58135	6.343450000000002	8.84385	8.565850000000001	9.1971	7.4901	8.02855	9.20775	9.2147	8.242049999999999	7.10285
5.9112	9.971333333333334	8.573099999999998	8.652066666666668	9.863033333333334	8.721633333333333	6.738266666666667	7.957733333333333	9.2021	8.312199999999999	9.083566666666668	7.407366666666667	7.2465	7.049733333333332	9.132533333333333	10.459	9.247266666666668	7.473466666666668	11.148	7.5459	9.007333333333333	7.8423333333333325	8.1533	8.472133333333334	7.469166666666666	8.3693	9.8837	7.589566666666666	10.473666666666666	7.726033333333333	7.517866666666666	7.4533999999999985	6.996166666666667	8.266366666666668	7.1103999999999985	8.5749	7.476166666666668	8.0031	7.200466666666666	7.3876	6.0315666666666665	8.695433333333332	4.0846	7.452533333333332	6.855133333333334	10.738	9.047866666666668	7.092866666666667	10.451	8.166866666666666	8.566699999999999	9.275	9.858166666666667	9.238033333333334	9.8114	8.260566666666668	12.175	8.773733333333334	10.513666666666666	8.886866666666664	9.466566666666667	8.719	12.398	7.918233333333332	7.961166666666667	7.935466666666668	7.5566666666666675	8.025433333333332	6.3645	7.5943	10.355	9.632433333333333	10.796666666666667	8.705933333333332	10.022833333333333	7.890366666666666	8.542366666666666	7.195433333333333	7.008333333333333	8.481166666666665	9.344433333333333	7.458066666666667	8.030666666666667	12.328	8.792499999999999	9.299333333333333	8.399966666666666	10.789333333333332	7.212099999999999	6.704233333333334	7.6942666666666675	6.5959666666666665	7.7803	6.7114666666666665	8.175633333333334	7.866466666666668	8.8562	9.277733333333332	8.485566666666665	7.062833333333334	8.335799999999999	11.63233333333333	4.9568666666666665	10.0301	8.882866666666667	7.2239	8.9473	9.1176	10.176333333333334	9.829066666666668	8.3652	7.044833333333332	5.829133333333334	7.650033333333332	8.347933333333332	7.463466666666666	8.431600000000001	11.915	11.081	8.008233333333333	6.798766666666666	11.062666666666667	7.548366666666666	9.304900000000002	11.025333333333334	9.556866666666666	10.993	11.378666666666666	6.404933333333332	9.229633333333334	9.000033333333334	6.919	6.6873000000000005	7.0223666666666675	8.5668	8.898966666666666	7.169666666666667	7.715366666666667	9.226766666666666	9.2557	7.721166666666666	13.053666666666668	10.449333333333334	8.539366666666666	11.612	8.587666666666665	10.471000000000002	8.086666666666668	7.451533333333333	8.743033333333333	7.980399999999999	9.702433333333332	10.264333333333333	10.271333333333333	7.592433333333332
6.9044	8.0712	7.788566666666667	11.091666666666667	7.5989666666666675	12.029000000000002	8.955566666666666	8.260799999999998	7.1717666666666675	8.518366666666665	11.008666666666667	10.898	8.045733333333333	8.555066666666667	8.932233333333334	8.961866666666667	9.6224	7.3716	9.129366666666668	7.641066666666667	9.010666666666664	9.0032	8.619566666666666	8.823466666666668	7.401666666666666	8.2711	12.728333333333332	8.010800000000001	9.727166666666667	9.383666666666667	6.788900000000001	12.461	7.407299999999998	8.538400000000001	6.989733333333334	7.964133333333333	7.729166666666668	9.3569	7.571633333333334	7.587533333333332	6.028200000000001	8.182466666666668	4.3868	8.661833333333332	6.712500000000001	9.8832	12.046333333333333	7.654466666666668	10.943333333333333	7.8499333333333325	7.9314	9.7279	7.879566666666666	8.7213	11.875333333333332	7.606466666666668	10.002733333333332	8.4244	9.426133333333333	9.107566666666663	8.502866666666668	8.413866666666667	7.017966666666666	7.9151333333333325	7.637966666666666	7.909266666666666	7.7548666666666675	8.224633333333333	7.7887666666666675	10.758	7.3138	8.330833333333333	6.964333333333332	9.195833333333333	9.02	9.868066666666666	9.152633333333334	7.882966666666667	6.956133333333334	9.530733333333332	10.593333333333334	7.748166666666667	7.964733333333334	8.517133333333334	10.481333333333334	8.4405	11.412666666666668	8.0466	7.4574	7.239866666666668	7.948766666666668	8.424233333333332	8.4434	6.617533333333332	8.1554	8.633933333333333	8.5723	10.805	7.2519	7.452300000000001	9.8728	9.419666666666666	6.1436	9.563066666666666	9.932266666666667	7.338733333333334	9.810966666666667	8.970433333333334	8.495666666666667	7.6402	9.929533333333334	7.312366666666668	5.7621	6.890933333333334	11.185666666666668	6.7859333333333325	8.5109	8.491233333333332	10.889666666666665	8.4445	7.352733333333332	7.160666666666668	7.226733333333333	8.5014	9.480366666666667	7.705966666666666	9.2561	9.393866666666666	7.417266666666666	8.461833333333333	7.554100000000001	7.845333333333333	6.6433	6.275833333333334	8.173366666666666	10.375	7.099866666666666	7.717033333333332	8.229266666666668	11.433666666666666	8.287433333333334	9.470233333333333	12.066666666666668	10.775666666666664	7.131	10.3022	8.986699999999997	7.9266999999999985	7.6875	7.699633333333334	7.974033333333334	8.576299999999998	7.546433333333333	8.157033333333333	8.1031
9.51495	8.164475	7.4261	9.513675	8.61995	8.790025	7.664625	8.362025000000001	10.3885	8.073599999999999	7.8179500000000015	7.850775	9.060925	8.37945	8.359225	10.225	8.70965	10.37425	8.584375	8.0685	7.934825	9.21425	8.40085	8.744675	8.100674999999999	8.699724999999999	9.577925	6.8880750000000015	10.610999999999999	8.059825	10.38725	7.936625	7.1035	9.096225	6.688075	8.1389	8.145775	9.855625	8.750924999999999	7.519225	10.335675	8.372425	4.7322500000000005	9.9864	9.336625000000002	9.417375	8.349525	7.9017750000000015	9.86905	10.519675	7.94885	8.457425	9.7269	9.17185	9.82135	8.976275	10.880999999999998	8.780700000000001	8.107724999999999	9.6743	8.646825	8.572475	12.76	8.1622	10.95925	8.63915	9.0352	8.86525	9.670125	8.910125	10.56075	10.3755	8.00705	8.9682	10.655	8.925975	8.841575	8.9511	8.761975	8.165475	9.667750000000002	10.57625	8.6091	10.2375	8.79425	8.833649999999997	8.756924999999999	11.30525	7.849525000000001	9.222575	10.371825	9.08025	11.14375	9.00475	10.269	7.5798	8.009325	9.27835	7.753625	9.479425	9.06155	8.968225	4.397525	9.50805	12.47975	7.7534	8.169175	9.098575	9.5825	9.547425	8.987325	9.99795	6.48	9.216725	9.329675	10.550999999999998	7.6079	13.29275	11.387	8.282350000000001	6.920075	11.1035	7.7779	10.61925	9.949825	7.5976	10.764500000000002	11.7605	9.573425	8.56445	8.822325	9.0293	9.777999999999999	10.064625	7.718525	6.8154	10.34575	9.470925	7.702000000000001	11.0335	10.101525	12.37175	8.4375	9.08625	12.652500000000002	7.8085	9.459525	10.74725	7.726825	7.627000000000002	8.252424999999999	8.40605	8.038325	10.673750000000002	7.41305
12.2095	8.15775	7.5206	10.0306	7.792999999999998	10.403	7.59665	8.9937	9.90775	7.9381	7.516199999999999	7.5217	10.0775	9.46085	8.21735	7.87955	9.89095	12.535	9.9767	12.803	8.235949999999999	10.5285	9.63955	11.175999999999998	8.0061	9.53185	12.9235	6.6248000000000005	10.231000000000002	7.75945	12.626	8.067	7.3374000000000015	9.26395	6.9776500000000015	10.0285	11.4885	11.470999999999998	8.0287	9.637899999999998	12.7025	8.3917	4.7413	10.2895	11.439	8.25345	8.87275	9.0519	9.92125	7.59845	7.3525	7.7901500000000015	9.63965	8.2523	10.883	10.599	9.70075	8.5498	7.63595	12.348	8.23565	10.407	11.421	8.685649999999999	12.74	8.5592	10.3885	10.764499999999998	11.625	10.2115	7.99265	8.84795	7.430099999999999	9.6434	12.7895	9.9253	8.6765	11.2815	10.639000000000001	7.73965	9.78325	12.638	8.45515	8.63355	9.42505	8.6332	9.4337	8.181000000000001	7.85895	11.055	12.87	10.9275	13.4835	11.1185	12.401	7.3934	10.704999999999998	8.74015	8.7329	11.005999999999998	10.1325	10.3335	4.46955	11.033	14.283	7.615299999999999	8.89645	8.84775	8.857700000000003	8.00525	9.2942	10.4355	6.207999999999999	11.6245	8.793800000000001	12.5735	7.13115	8.8218	10.6865	8.427700000000002	8.31355	8.30015	7.95495	10.5295	7.8923	7.42555	10.4475	11.1375	12.0705	8.6077	8.7516	11.095	11.9605	12.0475	7.3698	6.61995	12.825	11.515999999999998	7.1346500000000015	12.5955	11.7115	11.564	8.30325	10.5385	8.126449999999998	6.1209500000000014	10.0194	12.865	14.5045	7.6578	8.211549999999999	7.9575	7.63565	8.391	9.3842
11.868	8.33695	7.5063499999999985	10.418500000000002	7.78195	9.3377	8.174199999999999	9.6639	9.3691	8.11475	7.7392	7.9533	10.068	9.4509	7.8063	7.938649999999999	9.372	8.17115	8.77245	11.937000000000001	7.96645	11.032	9.1057	9.1489	8.1318	9.427	13.367	6.5248	9.9065	8.084900000000001	12.735	8.8513	7.48945	8.7944	6.64175	8.794550000000001	10.883499999999998	11.099	7.26175	9.6018	11.9145	8.48425	4.74435	9.86965	10.556	8.417300000000001	9.6865	9.13245	10.427	7.69305	7.18735	8.13215	9.75455	8.0326	10.582	10.507	9.11635	8.6189	7.79905	10.94	8.2813	10.2565	10.0451	7.06625	8.986049999999997	8.82935	10.6105	10.432	11.4115	9.80375	8.00845	8.9146	7.7494999999999985	10.532	12.232	10.605	9.38925	11.323	7.9127	7.928649999999998	10.8655	11.479	8.60885	8.4885	9.4494	8.94955	10.1815	8.06915	8.0433	10.757	11.9725	10.431	13.168	11.2495	12.2925	7.2382	9.8256	9.04405	8.5478	10.909	10.7895	9.1239	4.529	10.3	13.7475	7.8461	8.525849999999998	8.7591	8.85905	7.36275	9.50265	10.23685	6.23115	8.2721	9.09145	12.6765	7.0687	8.4983	10.6335	8.312899999999999	7.2333	8.06695	7.8019	9.75055	8.031849999999999	7.5815	10.0031	11.332999999999998	11.52	8.73975	8.2117	10.995999999999999	10.828500000000002	7.6073	7.54545	6.7390500000000015	12.1325	11.559	7.0332	13.633	11.3625	10.4195	8.545549999999999	10.2245	7.87715	5.9506999999999985	9.00085	8.79975	14.0075	7.3034	8.2546	7.5175	7.80725	8.48575	10.6095
7.865550000000002	8.35975	7.6636	11.715	7.8477	10.292	11.315	9.40775	9.79575	7.880149999999999	8.08025	11.262	8.639299999999999	7.7338	8.32155	8.03615	9.5762	7.63005	11.0375	8.373850000000001	8.3845	9.5424	8.4571	9.7027	8.100850000000001	8.235800000000001	11.089	8.3095	10.696000000000002	8.37055	8.463750000000001	8.0997	7.5918	9.11005	7.2502499999999985	7.993599999999999	9.17085	8.27745	7.2972	8.4405	6.812049999999998	9.7049	4.85015	9.2387	8.5256	9.25045	8.9627	8.29135	11.027	8.3137	7.58775	8.03615	10.01325	8.7325	11.077	8.517999999999999	9.7145	8.91565	8.417000000000002	10.1405	8.48995	8.25105	11.1505	7.00295	8.4307	9.7114	7.713649999999999	8.113050000000001	8.57685	9.46825	8.28865	9.95455	7.44775	9.52325	10.9545	10.8775	9.50395	7.4249	7.6604	8.243200000000002	10.060199999999998	8.362950000000001	8.9316	8.762450000000001	9.58575	8.904900000000003	9.8567	7.70535	7.88475	7.26835	8.21605	9.13605	8.85475	7.2229	8.086	7.2469	12.6085	9.4634	7.57125	7.784	9.45145	10.9695	7.08085	10.2965	8.9329	7.6087	8.5113	8.76675	9.2383	8.604199999999999	10.19615	7.8267000000000015	6.271	7.7535	11.1915	7.9961	8.0335	8.815000000000003	10.9675	9.28595	6.86445	8.2845	7.2306	10.5595	9.1997	7.325799999999999	10.559000000000001	11.0715	7.7746	8.5808	8.9378	7.59685	6.9872	7.4558	7.58305	6.57235	7.43385	7.8264	7.0360000000000005	12.2785	8.734	10.9915	9.05835	9.33655	7.9847	6.0334	9.1049	8.35325	9.2689	7.09445	8.25255	8.1584	7.8954	8.34075	7.1875
10.186	8.0834	7.7168	8.8805	8.1734	9.1332	8.0263	7.4877	9.2687	7.9162	8.4191	7.81	9.3557	8.1538	9.3373	11.28	9.035	11.45	9.5873	8.0294	8.2293	8.076	8.4636	8.7176	8.2506	8.9202	8.2456	6.7631	11.162	8.2651	11.457	7.1082	7.462999999999999	9.1726	6.6464	7.8736	8.1168	10.488	9.0596	7.7493	11.138	9.3789	5.0559	11.73	10.571	8.53	8.8093	8.0502	10.308	7.1994	8.7222	9.5119	9.3356	9.5862	9.0431	9.2643	11.821	8.6163	9.5879	10.115	8.875	9.1313	12.931	9.5659	12.049	9.6102	9.5798	8.9536	10.316	8.5639	8.2566	8.9035	7.9352	8.3205	10.733	9.0298	8.5458	10.176	10.94	8.232000000000001	10.098	11.264	9.4135	9.2979	8.5605	9.1886	9.3503	7.9418	8.0223	8.8528	11.736	9.0484	10.976	8.7881	11.081	7.3977	7.332999999999998	8.9537	7.7739	10.255999999999998	8.0557	9.6901	4.5557	9.7571	12.752	7.8032	8.218	9.3573	10.06	10.851	8.7321	10.838	6.6283	11.857	8.5936	11.332	7.3673	9.1377	10.818	7.8423	7.2252	8.4755	7.5561	10.092	8.3821	7.1322	11.271	12.255999999999998	10.501	8.9201	8.707	10.59	9.6797	11.367	8.0416	6.4965	10.800999999999998	10.417	7.6858	10.495	11.409	11.386	8.0587	9.413	8.5558	7.2668	10.627	12.099	7.301	7.7684	8.4193	9.4053	9.3859	8.7483	7.3086
11.1615	7.94225	7.63685	11.3525	8.027800000000001	11.210999999999999	7.92215	7.2154500000000015	10.4885	8.55845	7.83085	7.6568	10.0121	8.567	8.574000000000002	9.82315	11.099	12.379	11.757	7.682399999999999	9.0403	8.6928	9.24025	12.889499999999998	8.63265	9.34595	8.12135	8.2757	10.664000000000001	8.917850000000003	12.062999999999999	7.633850000000002	7.67155	10.5005	6.8409499999999985	10.1405	7.86515	11.308	11.366	7.33975	11.8145	10.572000000000001	4.389950000000002	11.6675	11.6935	9.02215	9.0889	9.3569	10.276	7.42655	8.11045	9.4757	9.9283	9.28655	10.729000000000001	10.184	10.988	8.9476	9.0328	10.657	9.0156	10.4155	13.130999999999998	10.1443	12.879000000000001	10.077000000000002	10.500999999999998	9.6261	11.258	8.719750000000001	8.486049999999999	8.285599999999999	7.51295	8.12745	11.8125	11.270499999999998	9.20325	11.2385	11.3005	8.69575	10.7425	11.52	10.12165	8.5237	9.88815	9.30655	11.206	8.1122	8.95535	10.1645	11.8675	10.03755	11.9415	9.8389	11.9895	9.31905	7.7003	8.92515	7.274	10.749	8.307500000000001	12.107000000000001	4.3104	11.437000000000001	13.298000000000002	7.5582	8.94305	9.02785	9.81065	10.15315	10.4675	11.7465	6.3413	12.0065	8.2151	11.9865	8.35425	8.4544	10.427999999999999	8.4585	6.8183	8.663450000000001	7.3211499999999985	10.10125	7.80415	6.8233	11.0645	11.945999999999998	11.597	8.7048	8.62735	11.297	11.2165	12.075499999999998	8.2245	6.74565	11.9875	11.3485	7.79705	10.7455	11.7285	12.625	7.5306	10.005	7.886850000000001	7.3254	9.7952	12.909499999999998	11.822500000000002	8.1837	7.9875500000000015	9.54415	9.98955	8.518799999999999	6.9720499999999985
10.946	8.0599	7.3475	10.793	7.9654	11.78	7.9538	7.421	9.9948	7.9401	8.0368	7.4692	9.2134	8.482999999999999	8.4281	10.554	10.996	11.995	11.273	8.1836	8.6336	8.3434	9.2407	10.593	8.2255	8.8834	8.4947	7.4452	10.554	8.7952	11.866	7.8637	7.4351	10.203	6.4452	9.5169	8.3171	11.205	10.649	7.8695	11.273	9.3465	4.9738	11.581	10.678	8.3817	8.8009	8.585	10.047	7.0557	7.9221	8.6416	9.4096	9.446	10.889	9.8566	12.557	8.3271	8.5786	11.639	8.263	9.6966	13.419	9.1626	12.769	9.2732	9.8578	9.4641	11.157	9.4257	8.0674	10.255999999999998	7.723	8.3431	11.682	8.8601	8.275	10.679	11.165	8.5709	11.752	11.689	9.0926	9.6978	9.3635	8.6927	9.0553	7.7613	8.0037	10.015	11.964	10.390999999999998	12.052	9.8236	11.746	7.6181	9.637	9.0953	8.1494	10.336	8.2625	11.737	4.3274	9.4408	13.4	7.6155	9.5937	8.7027	9.7038	9.448	9.8464	11.232	6.5447	11.765999999999998	8.521	11.645	7.6819	10.016	9.9383	8.3323	7.7688	8.4664	7.5657	10.177	11.147	7.1056	11.135	11.962	11.091	8.6112	8.7377	10.896	10.917	11.975	7.7044	6.6155	11.317	10.958	7.466	10.61	11.549	12.827	8.0172	10.212	9.2289	6.9268	9.818	12.492	12.678	7.5502	8.2371	8.8064	9.0006	8.5283	7.1721
10.434	7.953049999999998	7.728499999999999	9.3705	8.048	9.0875	8.72105	7.58195	10.082	7.9303	8.80675	8.2167	9.49135	8.29925	9.0071	10.669	10.1045	10.8795	11.4145	7.59305	7.8178	8.5275	8.34845	9.67685	8.26425	8.91675	8.46995	6.508800000000001	11.0095	8.61885	11.335999999999999	7.18585	7.42295	9.04155	6.64555	7.9410500000000015	8.20055	10.6915	8.33465	7.9055	10.8545	9.9805	4.9374	11.287	10.3705	8.29	8.6623	7.7652	9.82725	7.2255	8.23535	8.3686	8.96845	9.1939	9.263649999999998	9.3533	12.3045	8.33175	9.4593	10.1385	8.709499999999998	9.1842	13.487	8.530899999999999	11.123	9.8592	9.98795	8.89995	10.953	8.6583	8.404699999999998	9.67915	7.712249999999999	8.3216	10.02605	9.3615	8.525200000000002	10.5895	10.177999999999999	8.34525	10.278	11.806	9.7192	9.61575	8.5501	9.0552	9.5175	7.64965	8.1436	9.65265	12.234000000000002	9.139	11.4165	8.7396	11.485999999999999	7.33265	7.44465	9.2605	7.683	10.8945	8.47345	11.615	4.8546	9.36625	13.2165	7.66685	8.0892	9.27025	9.8727	10.05955	9.1193	10.696000000000002	6.62405	10.9545	8.71555	11.276500000000002	6.985099999999999	9.48495	10.1235	7.78215	7.25335	8.553249999999998	7.66235	10.489	9.884	7.27265	11.0475	12.107000000000001	10.4905	8.744499999999999	8.8613	10.9385	9.2309	10.202	8.3315	6.48175	10.4235	10.62	7.240550000000002	10.636	11.6985	12.4535	7.99005	9.3443	9.2883	7.6091	10.642999999999999	11.3745	8.12755	6.8153500000000005	8.37925	9.1556	9.43085	8.5968	7.6105
10.501	7.8838	7.4358	10.944	7.9976	11.65	8.4346	7.4436	9.6432	7.9545	8.3204	8.1242	9.327	8.4665	8.6512	9.3966	11.409	11.958	11.855	7.7575	9.0899	8.4788	9.3643	11.546	8.0962	8.6777	8.2274	8.0467	10.969	9.1826	11.849	7.8987	7.8183	9.8545	6.6257	9.3789	7.857	10.835	10.444	7.5219	10.798	9.4559	4.891	11.099	10.662	8.7643	8.7843	8.6983	10.118	7.16	8.398	8.9846	9.5242	9.5063	10.345	9.5947	12.464	8.2271	9.226	11.594	8.6964	9.4841	13.556	9.7315	12.561	9.4822	9.7822	9.0544	10.938	9.003	8.1154	9.0484	7.4941	8.1218	11.823	9.4145	8.4765	10.772	11.326	8.7267	11.468	11.404000000000002	8.9537	9.1611	9.3625	8.92	9.8604	7.3342	7.8834	9.9216	11.71	9.9365	11.675	9.0788	11.461	8.3666	8.0177	9.0635	7.421	10.494000000000002	8.2282	11.968	4.6256	10.488	13.072	7.4118	9.5729	8.7911	9.8777	9.9455	9.9325	11.079	6.4053	11.858	8.4263	11.571	8.0936	9.6317	9.8926	8.5341	6.9947	8.1293	7.5085	10.185	10.253	6.9236	11.525	11.355	10.588	8.6212	8.6967	10.825	10.59	11.474	8.1543	6.6472	11.265	10.880999999999998	7.4852	10.388	11.182	12.786	8.0365	10.094	8.4123	7.6646	9.8198	12.278	12.386	7.4964	8.0766	8.9206	9.9269	8.2685	6.7555
7.0533	8.4443	7.6071	10.755	10.359000000000002	9.7401	8.9794	7.7561	8.5935	8.1289	8.5303	9.0385	8.5628	7.638	8.6007	8.6022	9.7059	7.247999999999998	10.804	8.5861	8.9517	8.0414	8.5512	9.3657	7.9164	8.2859	8.457	7.2003	10.182	8.2776	8.3017	11.717	7.7224	9.1032	6.7411	7.8696	8.0654	8.341000000000001	7.4701	7.4312	6.6756	9.5801	4.5753	8.9563	8.1464	9.6268	9.7889	7.824	9.063	6.7919	7.8984	10.49	9.0561	7.9826	10.634	8.7775	10.595	7.6385	9.1749	9.8193	8.6854	8.6795	12.130999999999998	7.3177	8.277999999999999	10.284	7.6733	7.8968	8.783	8.9056	10.8	9.1866	7.7236	8.3607	9.9187	8.4797	9.6346	7.2515	7.4321	8.2309	13.701	8.3083	8.7949	8.2233	8.9767	9.0086	8.2668	7.1772	7.8083	6.8119	8.1533	9.2411	8.658999999999999	6.9075	7.9906	7.5987	8.3734	9.682	7.57	7.2654	7.7492	10.569	4.7769	9.7768	9.6406	7.7025	9.7425	9.3854	10.027	9.4817	9.5683	7.7542	6.0912	7.067	8.6131	7.9945	7.3958	8.2472	8.5543	8.8697	6.8088	9.5577	7.6392	9.9305	10.759	7.4283	10.996	8.4716	7.6613	8.7389	8.3312	7.5987	6.2453	7.1873	7.8808	6.2437	7.0724	8.3712	6.9393	9.8697	8.5766	11.704	8.0272	9.4908	7.5327	6.2752	8.7734	8.5052	8.0626	6.2058	8.1415	8.8327	9.7418	8.3238	7.0976
10.414	8.0211	7.4034	11.497	7.8801	11.576	7.9435	7.9627	9.7104	8.3839	8.2763	7.4585	9.3909	7.8134	9.0186	8.5543	11.059	12.231	11.862	7.8966	9.0372	8.4707	9.2659	12.831	8.8643	8.7823	8.3546	7.7278	10.411	9.1306	11.531	6.6706	7.8434	9.9908	6.7287	9.5364	8.2077	10.322	10.243	7.5858	11.249	9.4937	5.8864	10.945	10.285	8.6709	8.9659	8.6028	9.6593	7.3083	7.9961	8.7281	9.0549	9.2678	10.968	9.3072	11.239	8.3353	9.315	11.199000000000002	8.635	9.0673	12.811	9.3128	12.857	9.4456	9.4442	8.8045	10.544	9.1788	8.3377	11.312	8.1193	8.1476	11.898	9.0837	8.5706	9.877	11.521	8.6962	9.732	11.12	9.3335	8.8629	9.821	9.2695	9.2226	7.962999999999999	8.4905	9.0328	11.791	9.8705	11.364	9.3847	10.622	7.9735	8.4956	8.8746	7.785	10.067	8.471	12.264	4.4689	9.7047	13.2	7.8099	9.7469	9.0613	9.7766	9.3232	10.411	10.599	7.0461	12.188	8.8123	11.446	8.1491	9.153	9.2153	8.5379	7.829	8.3648	7.5742	9.4512	11.268	7.2648	10.338	10.251	10.794	8.8197	8.2734	10.665	10.55	12.149	7.8802	6.6355	11.713	10.468	7.4833	10.538	11.713	12.621	8.2942	10.448	8.5797	6.4893	9.0665	12.951	13.683	8.0236	8.3334	9.1736	9.0616	8.791	7.6919
8.4632	7.5227	7.0959	10.285	9.9051	10.199	10.169	8.0285	8.4541	7.9789	7.5112	10.229	9.3761	7.3535	8.1363	9.1953	8.9296	6.985	10.828	8.0478	8.9824	7.7705	8.2795	11.989	8.4256	8.2067	7.8263	5.8169	9.714	8.4817	9.8724	11.121	7.0016	9.1022	5.9735	7.8605	7.8298	8.6554	7.8227	7.1092	7.4663	11.14	4.4862	10.584	7.8728	10.298	10.877	7.9134	8.5474	7.121	8.4022	11.62	8.0387	7.9772	10.392	8.6137	10.274	7.178	9.1888	9.4444	7.7307	8.774	11.649	8.125	8.131	11.546	7.9167	8.341000000000001	8.7679	8.2013	7.9215	8.4643	7.0534	8.5557	9.2894	9.342	8.4173	10.916	7.8028	8.2234	12.724	9.1126	9.5733	8.0305	9.5462	8.3138	10.134	6.6131	7.4595	8.8154	10.262	9.2803	9.2356	9.5535	10.544	7.5238	7.8322	8.8798	7.5877	10.403	7.6087	10.855	6.3128	9.3547	10.702	7.7872	8.8217	8.782	10.863	10.554	9.2941	10.743	6.6377	7.7021	8.2572	10.2	6.3658	8.1293	8.5883	8.2152	6.5011	7.9006	7.5272	8.0425	8.2142	7.2278	10.282	10.345	7.6596	7.2753	7.3923	7.7433	7.5186	6.6515	6.94	6.7726	8.5375	8.3251	6.1663	9.3517	8.3836	10.99	7.4711	10.305	7.4608	9.2722	8.4903	8.15	8.6171	7.3531	7.7389	9.0071	9.0344	8.2581	7.0253
11.781	8.6027	7.7452	11.398	7.9885	9.991	8.4951	7.523	9.2375	8.365	8.6259	7.7385	10.939	10.736	8.227	9.4466	11.433	12.106	12.171	10.003	8.9755	9.323	9.2975	12.784	8.3599	9.1259	9.5691	8.4045	8.9101	10.335	12.929	7.3608	7.9195	9.6593	7.275	9.4612	8.6498	12.161	9.5616	8.294	12.140999999999998	9.5868	4.9728	10.915	10.972	8.4199	8.8353	8.0043	9.4585	6.9505	7.6706	8.1732	8.8639	8.6143	10.837	9.7865	11.662	8.3097	8.2571	11.254	8.4474	9.3808	12.367	7.9478	12.398	9.356	9.7307	11.130999999999998	11.321	9.6326	8.2393	10.779000000000002	9.3271	8.6242	11.712	9.3126	8.229	10.671	10.406	9.5456	13.205	12.814	9.2111	12.996	9.4859	8.9114	9.5326	7.8366	8.2176	11.57	12.939	11.028	12.882	10.719	12.463	7.6572	10.079	9.1742	8.4105	10.757	9.1787	12.311	4.3598	9.4909	13.809	7.7427	9.043	9.2275	9.2983	8.2592	10.106	11.865	6.4888	11.02	8.7458	12.347	8.4749	13.707	9.8592	8.8984	8.6606	8.3795	7.7639	10.008	11.55	7.8447	9.422	10.93	11.322	8.6741	8.3148	10.812	11.397	11.541	8.1049	6.4603	11.954	11.057	7.2876	10.567	11.958	13.435	8.2493	10.371	13.212	8.613	9.3884	12.238	12.473	7.0196	8.2681	8.4311	9.1798	8.6104	7.0488
7.25775	7.8089499999999985	7.6373	11.442	8.62495	10.786	7.90145	7.70255	8.92735	8.22465	7.81415	7.4079	8.572000000000001	7.5241500000000014	8.21455	8.6222	10.2455	8.11215	12.0025	7.94185	8.795300000000001	7.8859	9.4684	12.0535	8.40595	8.4449	8.29955	7.1789000000000005	11.046500000000002	8.491399999999999	7.7506	7.299749999999999	7.52525	9.3436	6.8371	7.591	8.38985	8.5091	7.3823	8.1256	7.1171500000000005	8.652149999999999	4.7429	9.1452	8.52575	8.710049999999999	9.2686	8.691	9.9921	7.624650000000001	8.941099999999997	9.13055	9.6484	9.66605	9.45605	8.891	12.2605	8.305200000000001	8.3948	11.6045	8.69565	8.82985	13.489	7.56075	8.67865	8.78315	8.008700000000001	8.264199999999999	8.81725	8.72735	8.3565	8.70125	7.37735	8.71925	11.436	9.2658	8.12095	7.1539	7.853350000000002	8.4513	8.1119	8.478	8.616	9.31735	9.09865	8.92395	9.1616	7.6619	7.8626	6.9869	8.348749999999999	9.1247	9.03535	7.3201	8.50155	8.5241	8.604700000000001	8.68275	7.7961	8.056149999999999	7.943149999999998	11.921500000000002	4.7455	9.52875	7.9649	7.61925	8.0168	9.0643	9.7534	10.4825	10.104	7.96435	6.07395	7.827949999999999	8.842649999999997	7.3665	7.30275	9.31245	10.0685	7.96165	7.3087	8.1236	8.10255	10.860999999999999	8.05295	7.2364	11.2755	12.0065	7.8721999999999985	8.806249999999997	9.2144	7.76665	6.58445	7.50215	7.9742	6.50605	7.52565	7.56315	7.67055	9.9154	8.6175	12.062000000000001	7.88015	9.82715	8.295100000000001	6.44515	10.418499999999998	9.07055	11.85	7.7181	8.64535	8.62075	8.87645	8.7608	7.4927
7.261733333333333	11.395	7.844066666666666	10.500666666666667	8.1757	8.1089	10.618666666666666	8.613833333333334	8.326933333333333	8.661999999999999	8.598566666666667	8.931166666666668	8.466333333333333	7.227	8.635600000000002	8.457433333333332	8.477766666666668	7.7299	6.6128	7.900299999999999	7.8093	9.3596	8.537866666666666	8.646966666666666	8.701133333333333	8.3949	11.767	7.415700000000001	9.494533333333333	7.913533333333333	8.134533333333334	6.458066666666667	6.931699999999998	8.305366666666666	6.6905	7.535566666666668	8.052033333333332	8.598133333333335	7.9528333333333325	7.7588	7.8507	10.154666666666666	5.827966666666666	8.894433333333334	9.144633333333333	9.1381	9.0769	7.668499999999999	9.7062	8.236066666666666	7.237233333333332	7.360633333333332	8.998633333333332	8.172633333333334	9.126233333333333	7.894733333333334	9.2705	8.2996	9.243766666666668	9.726733333333334	8.748366666666668	8.090466666666666	8.9928	8.039266666666666	8.163366666666667	10.609666666666667	8.3697	8.216733333333332	8.264033333333332	8.3119	10.152666666666667	10.065333333333333	13.073333333333332	9.488266666666666	9.113866666666668	9.852933333333333	8.591333333333333	7.6502333333333326	7.432366666666668	7.824933333333334	8.387433333333334	8.5324	9.493866666666667	9.008533333333332	8.914766666666667	9.646466666666667	8.871933333333333	7.5926333333333345	8.064666666666666	7.2746	8.153866666666667	9.101466666666667	9.415933333333333	7.3215	8.5315	7.212933333333333	7.947466666666667	9.087366666666666	7.817333333333332	7.8688	8.630833333333333	8.212233333333332	5.4114666666666675	8.951566666666666	8.885399999999997	7.6539	7.3766	8.708	8.9884	7.826833333333332	9.105066666666666	8.0209	7.569300000000001	7.6952	12.296333333333333	8.687433333333333	7.713233333333332	8.933766666666664	10.706666666666667	8.214066666666668	7.1134	10.101366666666664	7.1008	10.935666666666668	10.295	12.986666666666665	9.333833333333333	11.051333333333336	7.8161	8.766833333333333	8.774733333333332	7.4873	7.459633333333334	6.9769	8.334866666666665	6.823966666666667	8.0076	8.8292	7.163433333333334	12.296666666666667	8.086033333333333	10.522333333333334	9.625233333333334	8.868633333333333	8.066066666666666	6.5379000000000005	9.091366666666667	8.4388	7.0908000000000015	6.626133333333333	8.145433333333333	8.398633333333331	8.6365	8.652733333333334	7.394366666666666
7.1658	11.430666666666667	8.749333333333333	9.845733333333332	10.537	7.959933333333333	9.1953	10.302666666666664	9.189466666666666	8.184733333333334	11.110666666666667	8.276666666666666	8.536066666666665	7.255533333333332	10.401333333333334	8.7859	8.309233333333333	7.649733333333334	6.902433333333334	7.8474666666666675	7.6415000000000015	8.736666666666666	8.380166666666666	8.9411	8.120433333333333	8.217733333333333	11.385	6.728333333333333	10.128366666666668	8.1549	8.188633333333334	8.3548	7.208666666666668	8.301066666666665	6.063199999999998	7.8921	8.438633333333334	8.403799999999999	7.101566666666666	7.701833333333332	6.988733333333332	10.930333333333332	4.844433333333334	9.204533333333332	8.569633333333334	9.083266666666667	9.1238	7.908233333333333	9.8986	7.709466666666668	7.429966666666666	8.588933333333333	10.357333333333337	7.793666666666668	9.4246	8.1607	9.9823	8.493466666666666	11.235333333333333	9.187766666666667	11.254000000000001	7.756266666666666	10.601666666666668	7.080566666666668	8.4415	10.624333333333333	7.868966666666666	8.0805	8.643500000000001	8.594933333333334	8.6931	12.745333333333335	12.861	10.259333333333334	9.515533333333332	10.0531	8.649433333333334	7.388233333333332	7.3876	8.0555	9.051166666666667	8.350133333333334	10.241333333333333	9.370766666666666	8.853433333333333	11.189333333333336	9.0568	7.5019	7.746366666666668	6.918566666666668	7.968433333333333	8.937366666666668	8.8351	7.054166666666667	8.414866666666667	6.8888	7.4705666666666675	8.9761	7.695699999999999	7.672866666666668	8.601966666666668	7.508766666666666	5.107166666666667	9.395366666666666	8.448333333333332	7.598733333333333	7.6922	9.2876	9.241066666666667	7.971233333333332	9.203933333333334	8.113366666666666	6.5120000000000005	7.223866666666668	10.222333333333333	8.018333333333333	7.145966666666666	8.5133	9.961966666666667	8.210866666666668	6.838933333333332	9.0253	7.167933333333332	10.602000000000002	12.595666666666665	12.951	10.228	11.764333333333333	7.834799999999999	10.241333333333333	9.472500000000002	7.5938333333333325	6.7170999999999985	7.075466666666666	9.8913	9.964633333333332	7.449333333333333	7.991600000000001	7.3283999999999985	11.699333333333335	8.5024	11.227333333333334	9.1566	9.2203	7.450966666666666	7.5208666666666675	9.174933333333334	8.645333333333333	7.002000000000001	7.1099	8.303266666666666	8.580966666666667	10.359666666666667	8.3376	7.1442000000000005
7.3706	11.288000000000002	8.562433333333333	9.6028	9.086	8.201433333333334	8.700033333333332	8.487766666666667	8.050399999999998	9.025166666666667	10.091533333333333	8.500066666666667	8.521166666666666	7.363266666666667	9.122566666666666	8.433533333333335	8.558166666666667	7.710766666666667	7.148766666666668	8.163666666666666	8.022266666666667	8.3896	8.5786	8.766766666666667	8.7288	8.5571	9.830133333333334	8.023933333333334	9.1315	8.362466666666668	8.3337	6.538433333333333	7.586366666666668	7.9602	6.8931	7.6062	8.0763	8.682233333333334	7.8402	8.045499999999999	7.8887	9.886866666666668	6.353966666666667	8.853233333333334	9.055733333333334	8.555033333333334	8.114600000000001	8.2346	9.184366666666667	8.321733333333334	8.067166666666667	7.5283000000000015	8.501333333333333	8.093966666666667	9.469633333333334	8.078266666666666	9.473	8.050333333333333	9.503866666666667	9.567133333333333	9.7067	8.490333333333332	9.039866666666667	8.182266666666665	8.484566666666666	10.602	8.280133333333334	8.560233333333333	8.438566666666668	8.843533333333333	8.423499999999999	11.499333333333334	12.505	8.452633333333333	9.8407	8.964966666666667	8.713366666666667	7.443666666666666	7.8390666666666675	8.309333333333333	7.713633333333334	8.549533333333335	9.693833333333332	9.156566666666668	8.841133333333334	10.189	8.3671	8.008566666666667	8.255433333333334	7.1889666666666665	8.0629	9.016166666666667	9.3096	7.763166666666668	8.593333333333332	7.654433333333331	7.961699999999999	9.067666666666666	8.6578	7.686866666666668	7.9776333333333325	8.159033333333333	5.106566666666667	9.1395	8.903866666666667	8.199566666666668	7.5438	9.166533333333334	8.860566666666667	8.233966666666667	8.773333333333332	7.969233333333332	7.733766666666668	8.0037	9.691	8.7449	8.119666666666667	9.185766666666668	8.444933333333333	8.075033333333332	7.5493	8.223033333333333	6.975766666666668	9.976266666666668	11.828333333333333	12.35	9.204633333333334	10.431166666666668	7.775866666666666	9.393966666666667	8.019266666666669	7.529	7.259733333333332	7.252999999999999	8.944733333333334	7.782766666666667	8.348933333333333	9.012166666666666	7.586533333333333	10.237666666666668	8.098933333333333	10.111333333333333	9.540366666666666	8.901666666666667	7.981233333333333	6.904866666666668	9.200566666666667	8.933833333333332	7.3443	6.7762	8.3705	8.165	9.0091	8.860166666666666	7.416466666666667
7.2624	8.2184	7.3686	10.71	8.0796	11.818	8.2781	7.5378	9.593	7.9838	8.2694	8.1105	8.6059	7.0336	8.1577	9.1918	10.821	7.7552	11.022	7.8429	9.3735	8.4677	9.4358	11.549	8.1409	8.3924	8.1704	7.286	10.104	8.9957	7.9025	8.3416	7.7216	9.8307	7.4354	9.4086	8.3761	8.5197	7.3116	7.5324	6.617000000000001	8.8996	4.6986	9.2875	8.533	9.1656	9.5119	8.2004	9.5963	7.0569	8.2986	9.3488	9.1247	9.5941	10.294	8.904	12.7	8.0566	7.8999	11.086	8.1387	8.5657	13.114	7.0341	8.2962	9.0401	7.7771	8.3753	8.8398	9.3787	8.2147	9.1371	7.6881	8.4082	12.222	8.9797	8.8727	7.0442	7.4096	8.7759	12.628	8.0849	8.9711	9.2914	9.6815	8.6739	9.1796	7.3205	7.987999999999999	6.9696	7.9298	8.8339	8.8854	7.0612	8.2152	8.5774	8.9354	9.7727	7.8507	7.5532	8.0065	11.036	4.5159	9.9453	8.4032	7.6848	9.3731	8.7632	9.7872	9.6059	10.169	8.0149	6.4842	7.605	9.016	7.9517	7.631	9.0635	9.8367	9.0293	7.4808	8.4178	7.7684	9.9926	11.045	7.0132	11.521	11.187	7.7259	8.7177	8.7661	7.7738	6.3808	7.2948	7.8905	6.4867	7.4126	7.9138	7.4988	10.475	8.6819	12.468	8.205	10.227	8.132	8.0542	9.5938	8.5023	12.758	6.896	8.4433	8.3327	8.6624	8.4455	7.3387
11.298	8.0313	7.2746	9.0961	8.1722	9.2702	9.2433	7.6532	8.7065	8.0382	7.8127	9.1984	11.599	9.6886	8.1991	9.1041	9.4475	11.505999999999998	9.6834	9.957	8.1623	8.6443	8.5527	10.463	7.9868	9.5065	8.7801	6.7797	9.939	7.8839	12.734000000000002	10.374	7.1298	8.9155	6.1831	8.6254	10.121	11.386	10.361	8.9176	9.6786	9.2528	4.6929	11.065	8.9343	8.8851	10.067	7.9726	8.9086	6.6264	7.449	10.178	8.465	8.0683	10.088	11.405	10.177	7.2646	8.5587	10.880999999999998	8.207	10.764	11.912	7.9592	13.137	10.515999999999998	9.1759	9.8206	10.045	9.0813	7.7496	8.3543	7.6165	7.9363	10.593	9.7709	8.217	12.495	10.924	8.0756	13.429	10.293	8.3938	8.3988	8.956	8.6224	10.09	7.401	8.2376	9.4744	11.192	9.4299	10.949000000000002	10.886	12.48	8.1639	9.7983	9.3412	8.9176	11.875	8.3656	9.7655	4.8292	10.199	13.049	7.4198	8.6939	9.0339	9.581	9.1623	8.6997	13.252	6.4932	11.79	8.0526	12.321	7.2186	9.6467	9.1608	7.7120000000000015	7.1061	7.3858	7.6576	8.5054	7.9888	6.8478	9.875	9.7893	9.055	8.171	7.4557	9.9953	10.576	12.055	7.4005	6.6035	11.825	9.3588	6.8776	10.424	10.331	11.89	7.7468	10.142	8.6907	8.7414	8.7022	12.622	12.128	6.8167	8.2283	8.7512	8.8437	8.0294	7.0701
7.17485	8.15685	7.525449999999998	9.1864	8.10075	10.3585	9.9436	7.3911	9.3492	8.130749999999999	8.32945	8.0669	8.6971	7.5525	7.8854000000000015	11.5165	12.0565	7.63165	10.75	8.02395	7.90405	10.492	10.951999999999998	12.7325	9.35085	8.394400000000001	9.6236	7.257300000000001	10.596500000000002	8.70665	8.4006	8.0201	7.68985	9.4028	6.891	9.67195	8.155349999999999	8.241399999999999	7.0672	8.1586	7.0142	8.8223	5.1443	9.58415	8.588049999999999	7.9122	8.73475	8.231300000000001	9.6575	7.1786	7.2375500000000015	8.401299999999999	8.151299999999999	8.25325	10.1485	8.9433	10.873	8.26905	7.87265	11.9335	8.47675	8.0973	12.4205	7.07175	8.7197	8.7458	8.00675	8.15805	8.89765	10.497	8.168849999999999	9.0471	7.76965	9.0888	12.505999999999998	10.146	8.50305	7.4769	7.72985	8.48945	10.166	8.577300000000001	9.2107	9.0114	9.8414	8.92585	10.336	7.75915	8.2253	7.0103	8.480599999999999	9.31155	8.9672	7.464650000000002	8.2542	9.2397	8.6471	9.59645	7.4209	7.74415	10.135	11.229000000000001	5.94245	11.812	7.905950000000002	7.972399999999999	9.75805	8.85465	8.882	7.6217000000000015	9.20385	8.03175	6.7714	7.47365	9.56255	8.12305	7.42775	9.6955	10.5865	8.124649999999999	9.25	8.38615	7.3785500000000015	11.28	7.80885	7.21775	10.6935	11.3075	8.346499999999999	8.475249999999999	8.4563	7.9897	6.6342	7.30865	8.161100000000001	6.8462999999999985	7.52605	7.870649999999999	7.26815	11.5415	8.90565	12.962	8.2091	11.085	9.144749999999998	8.41015	9.89765	8.73625	12.9025	7.149699999999998	8.18205	7.68945	7.93535	8.65195	8.12335
6.66695	7.38125	6.8108	8.4067	7.703049999999998	8.949300000000003	8.22425	8.369499999999999	9.6127	8.20525	8.2311	7.80725	8.144549999999999	6.51305	8.363800000000001	12.172	8.61565	7.4514999999999985	7.86165	7.291449999999998	7.8127499999999985	10.1301	9.3282	9.55845	8.61095	7.840350000000001	8.35645	7.218949999999999	9.84345	8.146	7.8399	7.2676	6.5332	9.88785	6.64705	9.3565	8.2513	8.12275	7.57545	7.45015	7.3149	8.214500000000001	7.0497999999999985	8.936399999999997	8.530550000000002	8.806000000000003	9.28145	7.284499999999999	9.45385	6.6709	7.219150000000001	7.7484	8.26015	8.331	9.35105	8.057	10.192	8.0039	7.8676499999999985	10.9955	7.9596	8.27245	11.745	7.2444000000000015	7.96145	8.04	7.4201	8.33165	8.1146	9.35795	8.373899999999999	8.5069	7.9351	8.0731	10.8705	9.75155	8.61585	7.276249999999999	6.9667	8.02265	10.743	7.7689	8.619499999999999	8.32715	9.64565	8.74075	10.135000000000002	7.3638499999999985	8.5115	6.78355	8.36815	8.4686	8.12995	8.025300000000001	8.793299999999999	8.45115	7.8333	9.003	8.232700000000001	6.849	9.16475	8.78405	4.7423	11.6675	8.04305	7.0932	8.0808	8.30085	8.820900000000002	8.6298	7.9518	7.72755	8.2431	7.7788	8.3825	7.854649999999999	7.74305	9.2771	11.1345	7.5340500000000015	7.9087	7.995649999999999	7.1069	9.05335	7.98825	6.8032	9.67525	12.6275	7.56725	8.09665	7.969049999999998	7.50615	6.94665	6.41045	6.7425	7.17845	7.409750000000002	7.87365	7.29275	11.8385	8.0984	10.9255	7.83295	10.366	9.28265	6.2249	8.645	7.9177	10.9365	7.94695	7.697599999999999	8.7615	7.2456	8.5528	8.85895
6.6982	8.6221	7.2957	10.182	8.4644	8.0659	8.8884	7.6754	9.829	8.4659	8.4328	8.3802	8.1631	7.1685	8.125	10.428	9.2541	7.0969	8.7741	7.6058	8.0601	8.8966	7.9442	8.4121	8.1406	8.2572	8.3559	6.6962	9.8099	7.8594	8.8318	9.4295	7.2745	8.5426	6.292000000000002	7.6998	7.9211	8.0663	7.6375	7.2943	6.7694	10.258	5.0268	8.7402	8.0568	9.0268	9.2438	7.5339	9.5169	7.7009	6.9867	9.1488	8.8852	8.377	10.105	7.934	11.771	7.6423	8.7433	10.111	8.4048	8.6012	12.16	7.504	7.8593	10.493	7.6797	8.3744	8.3818	8.5975	12.583	12.96	8.7495	8.6033	9.273	8.4437	8.8977	7.3518	7.1412	7.981	11.853	8.2467	9.3832	11.303	8.7784	8.9833	8.3778	8.2679	7.9157	6.6899	7.9168	8.5899	8.2698	7.6855	8.5824	7.5835	7.5533	9.7482	7.4951	7.0137	8.697000000000001	8.9178	4.8293	8.8786	8.7194	7.4554	8.7536	9.0263	9.0907	8.4483	9.1555	7.7072	6.858	7.223	8.1862	8.4895	7.6806	11.61	9.5401	8.1282	7.0714	13.289	7.1129	10.197	12.922	8.3002	10.48	11.723	7.4060000000000015	8.4276	8.3221	7.2572	6.6686	6.7576	7.5078	6.7858	6.8407	8.2053	6.9126	10.414	8.3234	12.702	8.1474	9.4544	10.997	5.864	8.942	8.2028	6.9864	7.45	7.766	8.8661	9.1848	8.308	7.5104
7.1636	7.9247	7.2451	10.295	8.026	9.9457	10.215	7.6922	8.73	8.2552	9.4491	9.3427	8.451	7.9362	8.2665	7.6855	10.396	7.3239	10.008	7.5019	9.2022	11.033	8.4333	13.104	8.2878	7.8384	11.558	9.6385	9.1319	10.34	8.1476	12.011	8.0743	9.8165	7.2861	7.6907	7.8182	8.2844	7.9096	7.1781	6.7832	8.0496	4.8065	8.9082	8.3731	10.053	10.52	8.0771	9.4039	7.9247	6.7759	9.282	8.7241	8.6077	12.726	8.6125	10.41	7.6094	9.2699	9.8948	8.7566	8.3319	11.395	7.1304	8.0912	8.8415	7.7827	8.4117	8.4681	9.9803	9.3639	10.258	7.7016	8.6887	11.143	9.2686	8.6704	7.3549	7.2932	9.628	13.671	8.0282	8.7856	8.4957	10.491	9.0534	8.7138	7.8835	7.8788	6.5909	8.0737	8.7652	8.5459	7.3421	8.5946	7.6547	8.992	10.789	7.2924	7.0661	10.809	10.019	5.5985	9.5546	8.6081	7.4212	10.402	8.9181	8.4136	8.1333	9.035	9.5231	6.6888	7.1438	10.015	7.9619	9.0941	8.4677	8.8274	10.002	7.2977	9.4699	7.4345	9.4929	11.237	7.5737	9.2488	9.0353	7.6845	8.3802	7.6077	7.731	6.6981	6.8079	7.6072	7.635	6.7685	8.0807	7.0364	12.497	8.5507	10.848	8.3125	10.227	7.7406	6.1352	8.2321	8.2537	7.6798	7.205	7.9685	8.3746	9.3044	8.7195	7.0543
7.1052	7.0926	7.5116	11.261	7.5706	10.018	9.1716	8.0121	7.8678	9.1089	10.612	9.108	9.0978	7.195	9.0945	8.2371	9.4525	8.04	7.97	7.3370000000000015	7.9685	8.9486	8.1722	9.3223	8.4452	7.8605	11.593	8.4106	8.5733	9.2651	8.2568	11.283	7.2969	8.6212	7.1358	7.8284	8.1618	8.3872	7.8816	7.2707	7.3308	8.4913	6.0778	9.359	9.2824	9.1039	9.9504	7.5616	9.8274	7.3899	7.4244	8.0763	7.4424	8.3003	10.314	7.6278	9.2563	7.6433	9.4896	8.3479	8.3402	8.4501	8.7171	8.5339	8.6857	8.0847	7.7265	8.6454	8.4777	9.3084	7.8848	9.555	6.5902	7.9435	10.024	9.8529	9.2636	7.7086	7.6493	8.5555	12.068	8.6937	8.9229	8.4055	10.248	9.2565	9.8382	7.3034	8.5231	7.2874	8.5636	9.4558	9.4178	8.0115	8.7341	8.0634	8.4848	10.14	8.1102	7.4682	8.6516	8.5527	5.4306	8.7751	9.0372	7.5103	7.9928	8.9886	9.009	7.3064	9.1496	8.2552	7.0173	7.9535	12.185	8.8014	8.5812	8.7379	10.966	7.7508	7.29	8.2362	7.2088	9.4834	8.749	7.1546	8.5385	9.0664	8.5769	8.3879	7.8313	8.0903	7.4558	7.2418	7.4402	9.2836	7.8521	8.4769	7.4971	11.949000000000002	8.3403	9.9875	10.853	8.9083	8.3143	6.0843	8.2151	8.6146	7.3244	7.4879	8.1291	8.609	8.7182	8.2199	7.5858
6.6133	8.0132	7.9016	9.5107	8.3403	9.4389	7.7578	8.1835	10.338	8.3164	9.506	7.3923	8.1158	6.7514	9.6888	9.2083	9.6387	7.3714	9.6772	7.4162	8.4419	9.1674	8.0006	10.659	8.6663	8.043	10.025	9.6742	9.636	8.4687	8.2547	7.0527	7.3465	9.8507	6.7727	8.7737	7.6726	7.8933	7.4581	7.298999999999999	7.3164	8.0671	5.2065	8.7984	8.6919	9.8758	9.3338	7.7097	9.7445	7.5003	7.2987	8.6559	9.6081	9.1164	12.081	8.3613	12.002	8.2702	10.605	10.339	9.799	8.9673	12.709	7.5588	8.2196	8.1144	7.8142	8.297	8.3498	9.2354	8.9911	9.4883	7.64	8.7099	11.619000000000002	8.899	9.0331	7.4871	7.4197	8.7766	10.96	8.1825	8.564	10.624	10.198	10.161	8.6708	9.9639	8.1061	6.776	7.7965	8.3261	8.2242	7.3451	8.5247	7.6775	7.5315	9.4436	7.1416	6.6705	8.5969	10.072	4.3465	9.3807	8.4311	7.2035	9.8149	9.2399	9.5346	9.2784	8.6862	7.9199	6.8699	7.5905	10.617	8.3722	10.145	12.479	10.185	8.6796	7.0066	8.8205	7.6986	9.8879	10.863	7.449	10.550999999999998	10.789	7.9132	9.2303	8.6662	7.3873	6.9362	6.7982	8.1341	7.5988	6.9296	8.1079	7.3185	11.193	8.4029	12.853	9.8918	9.5566	11.443	5.8383	8.9889	8.3278	8.5018	8.2375	7.7165	10.21	9.4319	10.433	7.3419
10.07	7.5385	9.3746	8.3101	8.3808	9.0506	10.876	7.6624	8.4761	7.6982	9.5564	10.691	10.171	8.0001	11.45	10.377	8.2182	9.5276	10.17	9.2051	10.029	8.1923	7.5494	10.278	7.2252	8.9971	7.5539	5.5497	8.9674	7.2895	12.74	10.977	5.9777	8.0972	5.979	7.8607	8.0673	10.81	8.4179	7.0607	9.063	10.743	4.9638	11.015999999999998	9.1166	9.6075	10.082	6.4742	8.7508	7.4412	9.0477	9.9743	8.1853	7.7163	10.369000000000002	10.395	10.633	8.0934	12.428	9.7831	10.640999999999998	10.247	11.742	8.0265	10.993	10.863	8.9515	8.7138	10.076	7.9123	7.0254	8.0952	7.1854	8.5188	8.527000000000001	7.8572	7.7436	11.744000000000002	8.9526	7.5082	13.075	10.56	10.359000000000002	7.2739	8.1476	10.726	8.3334	6.8123	7.3694	10.076	11.236	9.1565	10.424	10.24	11.747	7.385	9.2648	8.6917	7.2556	11.044	7.6525	10.425999999999998	7.7838	8.934	12.719	6.9341	8.5224	10.131	9.7187	9.8907	7.9551	13.407	6.0734	10.064	7.4575	12.742	6.6229	8.3074	8.9212	7.3948	6.3337	7.0915	6.7381	8.2226	7.2678	7.3888	9.5525	10.304	8.6806	10.435	7.0775	8.8099	9.9653	10.225	9.062	7.3341	10.686	9.6204	7.2006	9.7945	9.4998	12.037	8.1364	9.1704	7.8361	9.1685	7.8179	10.071	9.2328	8.8956	7.3479	10.372	11.073	7.6192	7.2578
6.9483	7.7809	7.5388	11.151	9.5864	10.386	8.3117	7.4131	9.8771	8.0899	8.3725	7.8517	8.1895	7.2866	8.276	9.5459	10.28	7.4152	9.8634	9.3545	9.1442	8.154	8.8181	10.742	8.1756	8.1688	9.1191	8.9353	10.4	8.5685	8.0896	10.154	7.4254	10.197	7.0482	8.4221	9.7049	7.9712	7.0415	8.1984	6.5004	8.599	4.8218	8.7994	8.1668	10.205	9.3096	7.7172	9.0856	7.3365	8.2971	9.4267	8.7477	9.4955	11.749	8.7776	12.96	7.8343	9.2414	10.601	8.7588	8.5167	13.378	7.2999	8.1889	8.6366	7.8908	8.1273	8.4491	9.5872	8.4632	12.102	7.0856	8.3799	11.82	9.0336	8.9341	7.0922	7.3574	8.3788	13.601	8.3399	8.5847	8.1348	9.4159	8.9927	9.0393	7.7506	7.9265	6.0288	7.9728	8.2912	8.4148	7.4981	8.3626	7.9391	12.347	8.8675	7.826	6.9767	7.9775	10.437	4.3556	10.353	8.8209	7.0287	8.7972	8.9292	10.11	10.470999999999998	10.196	7.0996	6.5920000000000005	7.4933	8.2092	7.9012	9.1342	8.0755	10.159	8.3955	7.1124	9.0474	7.7178	10.27	12.815	7.262	11.261	10.768	7.5348	8.6694	7.9808	7.5208	6.7259	6.979	7.9854	6.8197	7.2486	7.9966	7.4246	9.9519	8.4416	13.197	8.0294	9.268	7.5186	6.5137	10.162	8.2414	11.624	7.4941	8.3055	8.2026	10.358	8.4815	7.1331
7.2948	8.0002	7.4895	11.96	7.9727	9.6966	9.5642	7.8077	10.201	8.2425	8.2838	8.7287	8.365	7.7472	7.8593	9.1944	11.059	7.2732	10.947	7.9746	9.4967	11.813	9.5306	11.973	8.3062	8.5603	12.227	11.208	9.7443	10.146	8.2796	8.082	8.4491	9.2466	7.3418	9.4921	7.9276	8.0516	7.1878	7.5059	6.5124	9.6021	4.8043	8.9906	8.1823	9.8967	9.9685	8.622	9.9514	8.0749	7.5315	8.3963	9.1012	8.9661	12.133	8.7642	11.812	8.4543	7.7629	11.59	8.1782	8.5581	11.905	6.943	8.5353	9.3044	7.8376	8.4298	8.7271	10.406	8.1772	10.91	7.7421	9.2975	12.053	10.411	8.9162	7.1838	7.4302	9.6806	10.925	8.1365	9.2495	8.5731	10.764	8.6505	9.8997	7.7235	8.1983	6.8279999999999985	7.9829	8.986	8.6644	7.7351	7.9307	8.0946	7.6639	9.7697	7.4642	7.3681	11.380999999999998	11.403	6.2247	11.124	8.7313	7.5149	10.077	8.6263	9.1532	8.3475	10.716	8.2428	6.4137	7.4537	10.018	7.8214	11.255	9.6227	10.548	9.0967	7.322	8.6759	7.6111	11.279000000000002	11.365	7.2361	10.483	10.149	7.6707	8.3736	8.7533	7.9049	6.6153	7.1598	7.6216	6.2424	7.2613	7.8652	8.1229	12.963	8.7673	12.961	9.1342	10.23	9.5387	7.7372	8.885	8.3603	13.861	9.0695	8.3556	8.1935	8.0461	8.6393	6.984
10.540333333333333	8.383666666666667	7.7086000000000015	10.692333333333332	8.136000000000001	10.914333333333332	8.2044	7.272733333333334	9.221166666666667	8.1096	8.275933333333333	7.538699999999999	10.447666666666663	9.2407	8.314733333333333	9.304266666666667	10.229333333333336	11.269333333333336	10.594633333333332	8.595766666666668	8.978	8.425266666666666	9.268033333333333	12.279333333333335	8.220833333333333	9.168333333333337	9.056466666666667	6.7687333333333335	10.007	8.282866666666669	11.975333333333333	6.733666666666667	7.6093	9.677333333333333	7.210233333333334	8.053133333333333	8.2251	10.794333333333334	10.1909	7.896	10.950666666666665	8.786033333333334	4.8335	11.619333333333332	10.472	8.846	8.423966666666667	8.166000000000002	9.645366666666666	7.287633333333333	8.543966666666668	11.655666666666667	8.892533333333336	8.8871	10.2907	9.597999999999999	11.749	8.563033333333333	8.589799999999999	9.9334	8.515033333333333	9.932233333333333	12.295	10.642533333333336	12.341	9.017666666666663	9.729166666666666	9.8419	10.730333333333332	9.477433333333332	7.995100000000001	9.254	7.835933333333332	8.5842	13.476	9.462166666666667	8.6778	11.178666666666668	10.875	8.251833333333332	10.841	11.925999999999998	9.153633333333334	9.275966666666667	9.457100000000002	8.833133333333334	9.635833333333332	7.5671	8.001199999999999	9.713833333333334	11.985	10.468833333333334	11.914	10.192666666666666	12.025999999999998	9.356333333333334	9.209433333333333	9.380966666666666	8.070966666666667	10.899	8.332499999999998	10.733	4.372866666666667	12.133333333333333	13.122666666666667	8.023633333333333	9.822033333333334	9.075233333333333	9.549233333333332	9.297233333333336	9.894233333333334	11.369666666666665	6.3693	11.801666666666668	8.900733333333333	11.878666666666668	7.224966666666668	9.000366666666666	10.444	8.508766666666666	8.094166666666668	8.140333333333333	7.361033333333333	9.820033333333333	9.1175	7.148766666666668	10.602533333333334	10.968133333333334	10.706	8.3999	8.7148	10.3	10.592666666666666	11.79	7.770266666666667	6.6724	11.532333333333332	11.278333333333334	7.512433333333334	10.0236	11.257333333333333	11.590000000000002	8.029300000000001	10.230066666666666	8.418433333333333	9.671666666666667	9.421066666666666	12.009	11.0553	6.7033	8.2826	8.5587	8.870433333333333	8.618733333333333	7.451833333333332
10.686333333333332	8.347766666666667	7.634800000000001	12.089333333333334	8.062866666666666	10.620666666666667	9.416966666666667	7.2443	9.6986	8.1931	8.909866666666666	9.049866666666668	9.6434	9.3863	8.693733333333332	8.546266666666666	10.868333333333332	10.339	11.325	7.8470666666666675	9.4843	9.584633333333334	9.095833333333333	13.608	8.188233333333335	9.174833333333334	10.958033333333335	6.6285333333333325	9.438533333333332	9.9984	11.993	7.4212	8.8906	9.555733333333334	8.4665	8.249633333333334	7.964866666666666	11.380999999999998	8.867266666666666	7.5804	10.799000000000001	9.138033333333333	4.689533333333333	10.576333333333332	10.104733333333334	10.2652	8.681933333333333	8.248133333333334	9.978766666666663	7.640633333333334	8.279433333333333	11.535666666666666	9.296733333333334	8.6381	11.846000000000002	9.599433333333332	10.725	8.744433333333333	9.512733333333333	10.455666666666668	8.5939	9.8157	11.293333333333333	8.701833333333333	11.210333333333333	9.318833333333332	10.217933333333333	10.0786	11.191333333333333	10.481666666666667	7.841299999999999	9.079933333333333	7.611366666666666	8.721166666666667	13.794	10.228766666666667	8.818166666666668	11.116666666666665	9.6688	9.6195	10.907666666666666	12.235	9.292266666666665	8.802533333333333	10.541933333333334	8.895733333333334	9.809833333333332	7.560533333333333	7.8648	10.081	11.889666666666665	10.983	12.408333333333333	10.722666666666667	11.193666666666667	10.794000000000002	9.495366666666666	9.913566666666666	7.463066666666666	10.969333333333333	9.436	11.469333333333333	5.038900000000001	12.896666666666668	13.588333333333333	7.896933333333332	9.9233	8.803566666666667	9.2109	8.500233333333334	10.943	11.089333333333334	6.1783	10.248633333333332	10.025	11.870333333333335	7.2397	8.5219	10.693	9.628766666666666	7.178333333333334	8.3388	7.2257	10.677733333333334	9.633233333333333	7.081	10.091533333333333	10.1231	10.4435	8.460566666666667	9.144466666666666	10.129333333333333	9.960166666666666	10.5699	8.033366666666668	6.944133333333332	11.003	11.366	7.869433333333332	11.144166666666667	11.300000000000002	12.032333333333336	8.891466666666666	10.052733333333334	7.880233333333333	9.408166666666665	9.0647	11.012	12.479333333333335	7.362366666666666	8.1318	8.573	9.203833333333334	8.402000000000001	7.040766666666666
6.9905	8.222800000000001	7.155733333333332	9.2618	9.631533333333332	8.245033333333332	7.916999999999999	7.686933333333332	10.935000000000002	8.064466666666666	7.486066666666666	7.339566666666666	8.259733333333335	7.330833333333333	8.227266666666667	8.853800000000003	8.626633333333332	7.656766666666666	8.098366666666667	8.590733333333333	7.622566666666668	8.913166666666667	8.027133333333332	8.787266666666667	8.0563	8.378366666666668	9.794133333333333	6.475200000000001	10.705333333333334	7.8922333333333325	8.628	8.283666666666667	7.2179	9.6546	6.213666666666667	8.431266666666666	10.758666666666665	7.994933333333332	7.413200000000002	8.928366666666667	6.971766666666666	8.113700000000001	4.590833333333333	8.772133333333331	8.145666666666665	9.2254	8.5423	7.761766666666666	10.223666666666666	7.572866666666667	8.121333333333334	8.699033333333333	9.914500000000002	9.545966666666667	9.5714	8.754033333333334	11.326666666666664	8.946800000000003	7.502133333333332	9.324633333333333	8.209066666666667	8.773533333333333	13.270333333333333	7.0989666666666675	8.343566666666666	8.241733333333334	7.725233333333333	7.794	8.458733333333333	8.756266666666667	11.716	11.455333333333336	8.260366666666666	8.682566666666668	10.423333333333332	8.966433333333333	8.951666666666666	7.063433333333332	7.353433333333332	7.799066666666667	10.972333333333333	8.2727	8.449966666666667	10.854666666666667	8.8606	8.554499999999999	9.147166666666664	11.021333333333333	7.9044	6.658966666666667	7.8801	8.527766666666666	8.5486	7.2055	7.886233333333332	7.328333333333332	9.824966666666667	8.994966666666668	8.162833333333333	7.399466666666666	8.701600000000001	8.3918	4.3005	9.680466666666666	8.416566666666666	7.6725666666666665	8.317266666666667	8.461533333333334	9.694466666666667	9.807666666666668	8.780733333333332	7.430966666666666	6.188933333333334	7.498133333333333	8.786566666666667	8.332466666666667	7.1291	13.569666666666665	11.287333333333333	7.6289333333333325	6.5593666666666675	11.774333333333333	7.933499999999999	11.164333333333332	11.290666666666667	7.7247666666666674	11.205	11.362333333333336	7.8439	8.1105	9.150733333333333	7.628033333333334	6.8289	7.4273	7.3893666666666675	6.169966666666667	7.448399999999999	8.014066666666666	7.6551	10.392666666666667	8.634466666666668	11.847333333333333	7.926133333333333	8.8554	12.743	6.969966666666667	11.024666666666667	8.5452	6.924766666666668	7.910033333333334	8.315433333333333	8.157766666666667	7.545066666666667	11.201666666666668	6.875700000000001
8.7784	8.0839	7.4566	8.6214	8.3232	9.0726	9.5752	7.8724	8.2011	8.5504	8.533	8.2115	8.979	7.3835	7.9815	8.4282	12.251	9.7416	12.043	8.0099	7.9531	8.5214	9.3725	12.938	9.3425	8.4733	8.3514	7.3458	11.451	8.9042	10.38	7.8639	7.9478	8.4557	6.6499	8.0055	8.2129	9.6701	7.9742	8.23	8.4605	9.1963	5.2747	10.324000000000002	9.3256	8.0387	9.0125	7.7557	9.2793	7.1883	7.586	9.7377	7.5585	8.0165	9.3904	8.8763	10.137	7.7707	8.3666	10.56	7.9735	7.9504	12.495	7.1543	10.528	9.6726	8.1256	8.6703	9.4684	9.061	8.4871	9.2099	8.0676	8.4464	12.03	12.037	8.2449	9.6515	8.8127	8.7649	12.878	9.8443	9.2166	8.7842	9.2464	8.9672	12.814	7.5796	8.75	7.7652	10.568	9.5079	9.5219	8.5432	10.261	8.2642	7.4455	8.7337	7.9703	9.9807	8.5259	12.448	4.8832	11.677	12.162	8.0351	8.9994	8.9669	9.2837	9.1621	8.9889	10.999	6.7441	9.5185	9.1247	10.18	7.593	8.4478	8.9306	7.7094	8.0092	8.2989	7.1446	8.5839	7.7972	7.348	10.997	8.6906	8.9076	8.5885	7.9716	8.1887	9.7898	9.1648	7.9045	7.056	10.531	8.1481	7.4412	10.177	9.3942	11.367	8.0421	10.09	7.6903	7.2661	9.0777	10.738	9.3536	8.0964	8.1376	7.5699	7.8007	8.6934	7.9435
7.194766666666666	8.184666666666667	7.556899999999999	9.598233333333333	8.358266666666665	9.8149	8.62	7.31	9.654233333333334	7.887599999999999	7.7000666666666655	8.419133333333335	8.588833333333334	7.400466666666666	8.844766666666667	11.607000000000001	9.358866666666666	8.2337	10.235	7.816366666666667	8.654233333333334	8.209299999999999	8.6478	10.048033333333333	8.209433333333335	8.324533333333333	8.0976	6.805233333333334	11.400333333333334	8.173266666666667	8.326366666666667	7.732966666666668	7.361266666666666	9.658633333333333	6.5133	8.810533333333334	7.9920333333333335	8.197333333333333	7.342799999999999	7.738733333333332	7.035033333333334	9.0727	4.784933333333334	9.023333333333332	8.369666666666667	8.809233333333333	8.644633333333333	8.505566666666667	10.263333333333334	7.215766666666667	8.926866666666667	10.851	10.066166666666668	10.0128	9.549233333333332	8.948966666666664	11.121666666666664	8.159566666666667	8.904833333333334	10.166933333333333	8.4469	8.543633333333334	13.033	7.3583	8.972266666666668	9.2169	7.733066666666668	8.026766666666667	8.866933333333334	8.437866666666666	8.283900000000001	8.685899999999998	7.780566666666666	8.218733333333333	11.94	10.3469	8.7014	7.057199999999999	7.9364	8.221333333333332	9.4555	8.374166666666666	9.2489	8.681700000000001	8.724966666666667	8.826766666666666	10.617066666666666	7.754633333333333	7.9526	6.6962	8.071433333333333	8.691866666666668	8.736766666666668	7.189800000000001	7.996566666666666	9.455433333333332	7.685533333333333	9.374566666666668	7.568899999999998	7.6519	8.057666666666668	10.4632	4.6732000000000005	10.824666666666667	8.1335	7.8441	8.212200000000001	8.956266666666666	10.306	10.731333333333332	9.0803	7.552966666666666	6.314233333333332	8.250433333333334	8.584266666666666	8.2076	7.229966666666668	9.057466666666668	11.026666666666666	7.997466666666665	7.002666666666666	8.148566666666667	7.441333333333333	10.007133333333334	8.543500000000002	7.1396000000000015	11.646666666666668	12.853333333333332	7.928333333333334	8.5992	8.7796	7.754766666666666	6.650966666666666	8.054499999999999	7.896766666666667	6.5463666666666676	7.8481	7.752933333333334	7.876366666666668	10.37	8.637633333333332	11.462666666666665	8.080966666666667	9.6598	8.2096	7.660766666666667	10.883333333333333	9.029166666666667	7.417766666666666	7.768866666666668	8.363666666666667	8.978700000000002	9.143933333333333	8.747733333333334	7.059033333333333
7.457766666666667	8.164866666666667	7.805699999999999	11.142666666666667	8.309933333333333	11.037	8.991033333333332	7.449333333333333	10.162633333333332	8.175366666666667	7.8949	8.973666666666666	8.566833333333333	7.423033333333334	9.073099999999998	9.537833333333333	10.859000000000002	9.163033333333333	11.403333333333334	7.853833333333334	9.1648	8.448566666666666	9.216933333333333	12.586999999999998	9.028533333333334	8.4075	8.256866666666667	7.811033333333333	10.899	8.5338	8.697066666666666	7.7726000000000015	7.7582666666666675	10.217433333333334	7.042133333333332	9.926466666666666	7.999066666666668	8.257566666666667	7.6214	7.794899999999998	7.252633333333333	9.4196	4.7703	9.073033333333333	8.3538	9.116433333333333	8.6148	9.501566666666667	9.999066666666668	7.201866666666668	8.406033333333333	9.7747	9.915666666666667	9.556566666666667	10.4465	8.969333333333333	11.055	8.2017	9.623033333333332	10.861	8.926699999999997	8.542366666666668	12.862000000000002	7.463999999999999	9.8854	9.601566666666667	7.7572	8.178533333333332	8.854333333333333	9.091433333333333	8.7134	8.6575	7.758166666666668	8.3043	13.037333333333335	11.620333333333333	8.8611	7.206733333333332	8.407066666666667	8.426566666666666	9.564433333333334	8.332633333333334	9.3767	8.696733333333333	9.5121	9.237666666666668	11.516333333333336	7.958633333333332	8.285466666666666	6.9093333333333335	8.179166666666667	8.739233333333333	8.7939	7.3458	7.926466666666666	10.172466666666667	8.254733333333334	9.411933333333332	7.555600000000001	7.5696	8.352966666666667	11.647333333333336	4.8568	11.77533333333333	8.133266666666666	7.8518	8.839733333333333	9.027766666666666	9.526066666666667	9.195766666666666	9.9553	7.697033333333333	6.6434	8.834333333333333	8.661966666666666	8.4878	7.629333333333333	9.049133333333334	10.622666666666667	8.785733333333333	7.508133333333332	8.280299999999999	7.4243	9.940033333333334	7.937633333333332	7.3357	10.994666666666667	12.305666666666667	7.853666666666666	8.8623	8.5008	7.766966666666666	7.647099999999999	9.034566666666667	8.322133333333333	6.654566666666668	8.623033333333334	7.658833333333333	8.155233333333333	10.2862	8.624600000000001	12.035666666666666	8.0357	10.4079	8.089599999999999	7.527166666666666	10.1999	9.797533333333334	11.212766666666667	8.187866666666666	8.0341	9.132466666666666	9.372933333333334	8.685266666666665	7.158833333333334
11.272	8.49635	7.719799999999998	10.297	8.9819	8.5058	7.6647	9.08615	9.7494	7.89215	8.49765	7.455	9.84895	8.6113	9.99365	12.112000000000002	8.7418	11.152	9.65665	8.039349999999999	7.7866	8.153849999999998	7.92925	8.59815	7.88965	8.8414	9.16295	6.5571	10.927	7.82495	11.729000000000001	6.8554	7.0896	9.0032	6.4685000000000015	7.80075	9.3691	11.2675	8.4488	7.59165	11.5905	8.846350000000003	4.72425	11.727	10.7155	9.3584	8.885000000000002	7.777649999999999	10.366	7.55145	8.367249999999999	9.3899	9.8586	9.33985	9.25335	9.21265	12.052	8.63625	10.7805	9.2043	8.6828	9.56535	12.6525	8.5335	11.223	8.774799999999999	10.383499999999998	9.559	10.823	8.2015	9.6679	11.116	9.3159	8.613150000000001	9.3159	8.48105	8.96995	11.3035	9.6184	7.87645	11.607000000000001	11.4985	8.8765	9.33485	8.4846	8.907900000000003	8.54455	10.265999999999998	7.65745	9.0778	11.8135	9.0966	11.7535	9.5861	11.043	7.31485	9.0771	8.4763	7.732699999999999	11.107000000000001	7.86105	9.7903	4.38985	8.669699999999999	13.6635	7.6569	8.0463	9.74425	9.85145	10.1895	9.5028	10.8595	6.09745	10.474	8.50255	11.7815	7.3724500000000015	10.62	10.632	7.48705	6.6407	9.7231	7.7094	10.2585	11.007	7.99805	10.86	12.258	10.8035	8.736650000000001	8.9723	10.8135	10.622	10.2621	8.07115	7.5129	11.142000000000001	11.482000000000001	7.5878	10.199000000000002	11.6905	11.857000000000001	8.0611	8.62305	10.021999999999998	7.6174	10.885000000000002	11.538	7.1463	7.3927	8.3892	10.13	9.0843	10.5255	7.0395
11.863	7.988499999999998	7.8052	9.1978	8.517366666666666	8.6145	6.508933333333334	8.058433333333333	8.871533333333334	9.1534	7.4278666666666675	6.611133333333334	9.185466666666663	7.129733333333334	8.780966666666666	8.9566	8.196933333333334	13.019	10.193866666666667	7.907966666666668	7.494733333333333	8.116833333333332	8.4	8.5655	8.512233333333333	8.262833333333335	7.204766666666668	8.037866666666666	9.674633333333333	8.331266666666666	11.912	6.315366666666668	6.59	8.722266666666668	6.6299	7.753033333333334	8.239866666666666	11.097333333333333	9.550733333333334	8.149066666666668	12.210333333333333	8.697066666666666	5.314	12.041333333333334	10.930666666666667	9.0081	8.911700000000002	7.7676333333333325	10.124	7.8693	7.923266666666668	7.807266666666667	9.326366666666667	8.566133333333333	9.349000000000002	8.058366666666666	10.923666666666668	8.020633333333334	9.105766666666668	9.882033333333334	8.449933333333334	9.127366666666664	12.725333333333333	9.711799999999998	13.011333333333333	8.529166666666667	11.014333333333333	9.6361	11.767	8.407833333333334	9.257833333333332	10.394333333333334	8.444066666666666	7.9970333333333325	9.758266666666666	8.3142	8.26	11.363666666666667	11.111	8.371433333333334	7.7625	11.762666666666668	8.546466666666666	10.719833333333334	8.915433333333333	9.041533333333334	8.339933333333335	8.9519	8.530100000000001	8.920233333333334	12.303	9.122133333333332	12.996666666666668	9.946166666666667	11.174000000000001	7.767566666666667	8.4876	7.8141333333333325	8.191533333333332	11.593666666666666	7.796833333333333	10.873333333333333	4.3034	8.7011	13.942	7.530299999999999	7.296266666666668	8.546866666666666	9.300466666666667	8.389466666666666	8.3212	9.030433333333333	7.2666666666666675	11.722000000000001	8.297933333333333	11.719666666666667	8.107199999999999	13.328666666666667	9.706033333333332	8.121066666666666	7.0331	8.625033333333333	7.762633333333333	9.558333333333334	10.017233333333337	7.274733333333334	9.8791	11.600333333333333	11.145333333333335	7.934966666666668	8.567733333333333	11.182333333333334	11.590333333333335	11.817666666666668	8.1328	6.996433333333332	12.45	12.377333333333333	7.738333333333332	8.882166666666668	11.668666666666667	12.693	8.074233333333332	8.565266666666666	12.467	5.449466666666666	9.374633333333334	13.502333333333334	7.354066666666667	6.9552000000000005	8.127866666666668	8.9033	8.0464	9.439266666666667	7.576266666666666
7.652833333333334	7.8325	7.901633333333333	9.135566666666668	8.055866666666667	10.533666666666667	6.928	8.6245	8.008333333333333	9.395533333333333	7.376166666666666	6.949133333333332	8.653666666666666	6.6886	8.4726	8.060266666666667	9.311966666666667	7.815333333333332	9.471666666666666	7.865866666666666	7.5397333333333325	8.689333333333332	9.2924	9.240433333333334	8.920166666666667	7.9594	7.442166666666666	8.979166666666666	8.006866666666667	8.617966666666668	8.326066666666668	6.933599999999998	6.805766666666668	8.560566666666666	7.351466666666667	7.863633333333333	8.1792	9.0358	8.257599999999998	8.1275	7.857333333333332	8.289033333333334	5.980433333333332	8.753333333333332	9.3321	9.5573	8.895333333333333	7.984400000000001	8.5375	8.314333333333332	7.9755	7.3156333333333325	7.834966666666666	8.375966666666667	12.783	8.275866666666667	9.040133333333333	7.8721999999999985	7.793366666666666	11.312999999999999	8.361933333333333	8.9662	9.7951	8.172199999999998	8.909366666666664	8.514433333333333	8.380333333333335	8.559633333333332	8.349266666666667	9.0484	8.618033333333331	9.0661	7.979033333333333	7.820566666666667	10.517666666666663	8.188666666666668	8.605066666666666	7.678033333333333	7.777433333333334	8.872733333333334	7.0329999999999995	8.564733333333335	8.336266666666667	9.012966666666664	10.1857	9.171433333333333	8.2387	7.612866666666666	9.1059	7.491633333333333	8.175233333333333	9.043933333333333	9.613033333333334	8.710066666666668	8.963933333333337	8.5006	10.118433333333334	8.122733333333333	8.673433333333334	7.623699999999999	7.933933333333332	10.870666666666667	4.417866666666666	8.836766666666668	10.079299999999998	8.1316	7.6235	8.612066666666667	8.949600000000002	7.197399999999999	8.3793	8.163400000000001	7.398666666666667	7.915700000000001	8.597499999999998	8.678233333333333	9.2273	9.6736	7.646000000000001	8.566600000000001	7.4477	8.2679	7.8054	8.657066666666665	8.961300000000003	7.000766666666666	8.4993	9.248766666666667	7.980033333333334	8.0569	8.224433333333334	7.6986333333333326	7.042366666666666	7.315733333333332	8.374733333333333	6.589033333333332	8.509866666666667	9.8773	7.960033333333333	8.702599999999999	8.061633333333333	10.231966666666667	8.201566666666666	9.408533333333333	8.156833333333333	5.1999	9.002799999999997	8.6932	8.458733333333333	6.7302	7.9755	8.6233	7.623866666666667	8.617233333333333	7.9167
8.0912	7.7456999999999985	7.60595	8.950700000000003	8.34395	8.47965	8.81465	7.1074	10.0942	7.700150000000002	8.77685	8.7851	8.17155	7.2331	9.33385	11.869000000000002	8.750350000000001	9.90815	8.6147	7.72075	7.7859	8.56645	8.33445	8.6876	7.816000000000002	8.1235	8.304749999999999	6.45395	10.88	7.8618	9.9239	8.2164	6.99565	8.9519	6.19835	7.7126	7.8171	8.80945	8.5298	7.51985	7.866199999999999	9.6035	4.587199999999998	9.13555	8.11945	8.85625	8.8652	7.6023999999999985	10.312	7.0557	8.926400000000003	9.90665	9.64835	9.61845	9.0317	8.66995	11.912	8.287849999999999	9.72725	9.74025	8.3425	8.4672	12.8055	8.02205	10.6605	9.6806	7.71255	7.859199999999999	8.4689	8.09225	8.258700000000001	8.2685	7.56785	8.1842	10.5215	9.44385	8.508299999999998	7.729100000000002	9.1958	7.87395	10.589	8.81765	9.36975	8.667100000000001	8.475349999999999	8.60595	9.76175	7.3518500000000016	7.791	7.18525	8.7664	8.3599	8.8125	7.5327	8.439	7.8194	7.206849999999998	9.5932	7.43435	7.82715	8.31835	8.88965	4.6157	9.95655	9.6985	7.573600000000001	8.0623	8.670000000000002	10.192	10.485	8.555399999999999	8.06275	6.484349999999999	10.3065	8.08895	9.96855	7.25155	8.786850000000001	10.788	7.5269	6.7389	8.378	7.57965	10.277	8.7502	6.6905	11.535	12.642000000000001	8.33985	8.133600000000001	8.7209	8.0186	8.3845	10.106749999999998	7.834949999999999	6.4304000000000014	9.86035	8.0626	7.4836	10.7925	8.89495	11.442	7.68865	9.142000000000001	8.4461	8.211500000000001	10.8115	10.2435	7.07165	7.57085	8.47435	9.20855	9.77405	8.41875	6.91925
10.2955	7.797649999999999	7.3627	11.5985	8.00305	12.0675	10.0638	7.29505	10.7855	7.8701	7.33325	9.98	8.8254	8.1565	8.2461	9.537400000000002	11.4635	12.3005	12.481	7.6552	9.57745	9.51085	9.9654	12.9295	8.917850000000003	8.543849999999999	9.4328	8.61375	10.6695	9.3868	11.6325	8.286	7.726000000000001	10.625	7.7614	10.0646	7.91005	10.4885	10.324000000000002	7.4376	10.3745	10.21735	4.40005	10.05255	9.6972	8.85775	8.83245	9.01165	10.251	7.059749999999998	8.02525	8.40755	10.1625	9.1379	10.974	9.49095	11.159499999999998	8.49035	7.76615	11.4465	8.1311	9.4927	13.1415	9.516	12.934	10.01535	8.8274	8.65715	9.64275	9.98455	7.9151500000000015	8.05585	7.36055	8.38875	12.3045	9.3302	8.49235	9.45525	10.982999999999999	8.55945	10.455	11.0725	9.33055	8.93605	9.67375	8.391950000000001	9.44635	7.53875	8.08175	9.6582	10.950999999999999	9.346150000000002	10.7245	8.79885	10.8115	8.10355	8.201	8.99325	7.2674	9.1118	8.94765	12.5775	5.6542	10.259	12.15	7.418150000000002	9.77575	8.499500000000001	9.3464	9.0698	10.1509	9.51025	6.4394	11.63	8.20805	11.2725	7.983	10.0843	10.6145	9.30675	7.873150000000001	8.0502	7.5119500000000015	10.655	7.75215	6.83545	11.309	12.136	10.18	8.15805	8.32075	9.4038	11.052499999999998	11.9875	7.34355	6.39865	11.9565	9.78185	7.06235	11.323999999999998	10.261	12.83	7.742800000000001	10.39	9.217	7.31745	10.09985	12.672	12.7165	7.6145	8.03275	8.5344	9.11755	8.053049999999999	7.7629
